up_label,down_label,state,cace,se,up_primary,down_primary,upyear_char,downyear_char,upyear,downyear,weights,bandwidth
00,02,AR,0.13332512566808832,0.04890823296219309,general,general,00,02,2000,2002,418.05753511794694,365
00,02,CO,0.08622885989007703,0.023660136411639356,general,general,00,02,2000,2002,1786.3457110191368,365
00,02,CT,0.1172666169957798,0.026163708422329852,general,general,00,02,2000,2002,1460.8357849439321,365
00,02,FL,0.1639053870809754,0.017381844393239077,general,general,00,02,2000,2002,3309.8497889855103,365
00,02,FL05,0.06256083891693247,0.01822232634048392,general,general,00,02,2000,2002,3011.565822843252,365
00,02,IL,0.12031035956309911,0.014316326899354767,general,general,00,02,2000,2002,4879.067056319964,365
00,02,MI,0.12881505758002004,0.01217387256514855,general,general,00,02,2000,2002,6747.493850427656,365
00,02,MO,0.10965068773719173,0.015076272273595984,general,general,00,02,2000,2002,4399.58847596798,365
00,02,MO05,0.10171984110213943,0.012785078723336481,general,general,00,02,2000,2002,6117.770584514796,365
00,02,MT,0.13783273413175984,0.05342644413554507,general,general,00,02,2000,2002,350.3381721399484,365
00,02,NV,0.23769663938789132,0.05107156377825012,general,general,00,02,2000,2002,383.3908009601508,365
00,02,OK,0.1564681359567782,0.035891519895481325,general,general,00,02,2000,2002,776.276252252744,365
00,04,AR,0.2385045722710544,0.08949275678551537,general,general,00,04,2000,2004,124.86025769389967,365
00,04,CO,0.14314394938011935,0.05031410888075653,general,general,00,04,2000,2004,395.02122321696214,365
00,04,CT,0.28900468720022776,0.07413098763546312,general,general,00,04,2000,2004,181.9702650285112,365
00,04,FL,0.25002699878727996,0.03759294408679629,general,general,00,04,2000,2004,707.5991824668265,365
00,04,FL05,-0.07035245511666388,0.06999190336588602,general,general,00,04,2000,2004,204.12885153988935,365
00,04,IL,0.1254094726424131,0.02986556946299783,general,general,00,04,2000,2004,1121.1362625533552,365
00,04,MO,0.16819309991897527,0.03141880175968735,general,general,00,04,2000,2004,1013.026401122567,365
00,04,MO05,0.11119759555190743,0.021753463614189648,general,general,00,04,2000,2004,2113.2124884206596,365
00,04,MT,0.24086884142763212,0.08385926921436401,general,general,00,04,2000,2004,142.19942919494304,365
00,04,NV,0.4071384641206982,0.0928856585955822,general,general,00,04,2000,2004,115.90513322044951,365
00,04,OK,0.07484766002656114,0.07557465937822362,general,general,00,04,2000,2004,175.08446082732357,365
00,06,AR,0.059942157414110964,0.06688505583120685,general,general,00,06,2000,2006,223.53308513036373,365
00,06,CO,0.08301689242447285,0.03623159564980344,general,general,00,06,2000,2006,761.7721274636793,365
00,06,CT,0.09810731184430159,0.048361358903553774,general,general,00,06,2000,2006,427.56584836372906,365
00,06,FL,0.20527429057024807,0.04145887741083857,general,general,00,06,2000,2006,581.7882195414312,365
00,06,IL,0.07350328617686254,0.019840999209472045,general,general,00,06,2000,2006,2540.2292961829835,365
00,06,MO,0.10803215873865976,0.025132254941759885,general,general,00,06,2000,2006,1583.2047598637973,365
00,06,MT,0.31548190947610416,0.08548597706538515,general,general,00,06,2000,2006,136.83910982233758,365
00,06,NV,0.19587749136669536,0.06740876316725616,general,general,00,06,2000,2006,220.0732629652541,365
00,06,OK,0.04019136615143465,0.05393822285857275,general,general,00,06,2000,2006,343.7215276494709,365
00,08,AR,0.1942700947349482,0.11108574215262397,general,general,00,08,2000,2008,81.03700061299669,365
00,08,CO,0.19648812242797797,0.0688159949614526,general,general,00,08,2000,2008,211.16464818140216,365
00,08,CT,0.25300751557927376,0.10026439589187097,general,general,00,08,2000,2008,99.47329800318582,365
00,08,FL,0.24707346938216848,0.05381300789776441,general,general,00,08,2000,2008,345.3229676024161,365
00,08,IL,0.2581293885459535,0.04245294257227324,general,general,00,08,2000,2008,554.8612598051669,365
00,08,MO,0.10611000826577287,0.036207542638063354,general,general,00,08,2000,2008,762.7845684432044,365
00,08,MT,0.36650307702452917,0.12059538896965477,general,general,00,08,2000,2008,68.760431710346,365
00,08,NV,0.419299350831064,0.12930578212969754,general,general,00,08,2000,2008,59.808665051166884,365
00,08,OK,0.2349916375125439,0.1063332903281938,general,general,00,08,2000,2008,88.44259863672032,365
00,10,AR,0.09078402729676621,0.07693497128720592,general,general,00,10,2000,2010,168.94774828359786,365
00,10,CT,0.09668529877189742,0.06143922118150162,general,general,00,10,2000,2010,264.916248492855,365
00,10,FL,0.09865383421963426,0.031970525620596074,general,general,00,10,2000,2010,978.3639618905613,365
00,10,IL,0.04788591989854846,0.02834308568536675,general,general,00,10,2000,2010,1244.8176588862402,365
00,10,MO,0.07591962082221566,0.026193462898982653,general,general,00,10,2000,2010,1457.518795771258,365
00,10,MT,0.17594609998108093,0.086187193024977,general,general,00,10,2000,2010,134.62153140687883,365
00,10,NV,0.3151035242779877,0.0886016547493571,general,general,00,10,2000,2010,127.38442588087048,365
00,10,OK,0.15482295332389726,0.07773463360465495,general,general,00,10,2000,2010,165.48966933998187,365
00,12,AR,0.21384247733837944,0.12231016359025729,general,general,00,12,2000,2012,66.84592016265766,365
00,12,CT,0.10566590376049645,0.09537691417928379,general,general,00,12,2000,2012,109.92930079283707,365
00,12,FL,0.17581444669736102,0.060623011709611936,general,general,00,12,2000,2012,272.09777091705666,365
00,12,IL,0.25421157776923836,0.04661282390258006,general,general,00,12,2000,2012,460.24509800420725,365
00,12,MO,0.11686120090762486,0.039018175955534,general,general,00,12,2000,2012,656.8498033660327,365
00,12,MT,0.34340491270020823,0.12261345297355314,general,general,00,12,2000,2012,66.51563692618508,365
00,12,NV,0.4574833376023469,0.14328096054412115,general,general,00,12,2000,2012,48.71054978096938,365
00,12,OK,0.19486986700746126,0.10916344049262355,general,general,00,12,2000,2012,83.9161538175131,365
00,presprimary04,AR,0.04460660239958164,0.03180096470902636,general,primary,00,04,2000,2003.5,988.8249369459032,365
00,presprimary04,CT,-0.0069334758381697096,0.009278729519519321,general,primary,00,04,2000,2003.5,11615.100451097667,365
00,presprimary04,FL,0.005140188976975671,0.006035955258958851,general,primary,00,04,2000,2003.5,27447.82752833623,365
00,presprimary04,IL,0.04820797111574615,0.012191947463352176,general,primary,00,04,2000,2003.5,6727.50198938735,365
00,presprimary04,MO,0.010548186130519673,0.005760362000854425,general,primary,00,04,2000,2003.5,30137.02971605129,365
00,presprimary04,MT,0.01407711461922622,0.029633291936465075,general,primary,00,04,2000,2003.5,1138.7809694424134,365
00,presprimary04,NV,0.12513879080077014,0.030780415147468616,general,primary,00,04,2000,2003.5,1055.482541005098,365
00,presprimary08,AR,0.07141651795594292,0.031178969160225462,general,primary,00,08,2000,2007.5,1028.6709967468921,365
00,presprimary08,FL,0.05565716673563029,0.021839215823707587,general,primary,00,08,2000,2007.5,2096.6499091033156,365
00,presprimary08,IL,0.06031856636521448,0.021383758022555894,general,primary,00,08,2000,2007.5,2186.9151709279586,365
00,presprimary08,MI,0.027853393455194324,0.007491391634891439,general,primary,00,08,2000,2007.5,17818.658174162952,365
00,presprimary08,MO,0.03805548465371285,0.01749404960092997,general,primary,00,08,2000,2007.5,3267.5278126100884,365
00,presprimary08,MT,0.21634733327344016,0.06387435134126607,general,primary,00,08,2000,2007.5,245.10207863806502,365
00,presprimary08,NV,0.03392893882237939,0.026972311482343313,general,primary,00,08,2000,2007.5,1374.5598910591093,365
00,presprimary12,AR,0.08163669333299245,0.04209391564778935,general,primary,00,12,2000,2011.5,564.3666564348943,365
00,presprimary12,CT,0.009089100424474526,0.010636155116688322,general,primary,00,12,2000,2011.5,8839.560552829631,365
00,presprimary12,FL,0.03132421079476771,0.013634095867840736,general,primary,00,12,2000,2011.5,5379.566905496015,365
00,presprimary12,IL,0.022813492513853503,0.016079919824673633,general,primary,00,12,2000,2011.5,3867.5170947582524,365
00,presprimary12,MI,0.00918561715500975,0.005784660247557118,general,primary,00,12,2000,2011.5,29884.382542056006,365
00,presprimary12,MO,0.0015992964472992795,0.00725372282374685,general,primary,00,12,2000,2011.5,19005.446936932905,365
00,presprimary12,MT,0.24548392300744704,0.06650220523290969,general,primary,00,12,2000,2011.5,226.11423607996215,365
00,presprimary12,NV,0.06911145562251811,0.02897287889304965,general,primary,00,12,2000,2011.5,1191.2878101083734,365
00,primary02,AR,-7.108885588770258e-4,0.0317971517280536,general,primary,00,02,2000,2001.5,989.0621026370776,365
00,primary02,CO,3.4602341459999907e-4,0.0082143614281083,general,primary,00,02,2000,2001.5,14820.142673320635,365
00,primary02,CT,0.0012683841921212356,0.004473442094779795,general,primary,00,02,2000,2001.5,49970.806616660884,365
00,primary02,FL,0.06612598330990095,0.00992722919598246,general,primary,00,02,2000,2001.5,10147.145841035011,365
00,primary02,IL,0.1293663446317676,0.011810227223427875,general,primary,00,02,2000,2001.5,7169.411255943651,365
00,primary02,MI,0.051886808901684546,0.00790925103900632,general,primary,00,02,2000,2001.5,15985.612437772179,365
00,primary02,MO,0.0354383382395073,0.010561825936997487,general,primary,00,02,2000,2001.5,8964.41571496766,365
00,primary02,MT,0.07620846158123132,0.024398123583357165,general,primary,00,02,2000,2001.5,1679.9143751454174,365
00,primary02,NV,0.06253483191929624,0.02516273307591956,general,primary,00,02,2000,2001.5,1579.371797534567,365
00,primary02,OK,0.07057379422254932,0.021962102536031373,general,primary,00,02,2000,2001.5,2073.2523691409506,365
00,primary06,AR,-0.0107613270999769,0.032474719792531234,general,primary,00,06,2000,2005.5,948.2201392881575,365
00,primary06,CO,0.006660806126660407,0.009452240200707989,general,primary,00,06,2000,2005.5,11192.587575763853,365
00,primary06,CT,0.024924656912912683,0.01807444862029295,general,primary,00,06,2000,2005.5,3061.0462032740143,365
00,primary06,FL,0.2143572368360552,0.043235530039651825,general,primary,00,06,2000,2005.5,534.9564460244245,365
00,primary06,IL,0.012958381692765867,0.011467386716335274,general,primary,00,06,2000,2005.5,7604.5073316079715,365
00,primary06,MI,0.01242131314535611,0.005860173792754792,general,primary,00,06,2000,2005.5,29119.171094165788,365
00,primary06,MO,0.013392582880173075,0.009060745284332967,general,primary,00,06,2000,2005.5,12180.697464177558,365
00,primary06,MT,0.12322878330234108,0.040054907454105,general,primary,00,06,2000,2005.5,623.2876686061915,365
00,primary06,NV,0.021319055388692103,0.03243999101195226,general,primary,00,06,2000,2005.5,950.2514688350725,365
00,primary06,OK,0.05808027711552357,0.028407390494633946,general,primary,00,06,2000,2005.5,1239.1883377775366,365
00,primary10,AR,0.05486536556988461,0.04850653429823323,general,primary,00,10,2000,2009.5,425.0103513009724,365
00,primary10,CT,0.03217683112233685,0.0205225894558435,general,primary,00,10,2000,2009.5,2374.3005068857865,365
00,primary10,FL,0.03636186568489331,0.012653638063122037,general,primary,00,10,2000,2009.5,6245.528348765317,365
00,primary10,IL,0.024507750098881453,0.013649819303562093,general,primary,00,10,2000,2009.5,5367.180432820985,365
00,primary10,MI,0.0066831465977856596,0.006941031020746886,general,primary,00,10,2000,2009.5,20756.39989669379,365
00,primary10,MO,0.02286953713769968,0.01316766526410645,general,primary,00,10,2000,2009.5,5767.431491176729,365
00,primary10,MT,0.10930084056839515,0.054133392485093794,general,primary,00,10,2000,2009.5,341.24752524264323,365
00,primary10,NV,0.08305979288693097,0.040021098522967785,general,primary,00,10,2000,2009.5,624.3411924480525,365
00,primary10,OK,0.07932387705868557,0.03742179762830156,general,primary,00,10,2000,2009.5,714.0863119397476,365
02,04,AR,0.3258218961755506,0.1503280190406542,general,general,02,04,2002,2004,44.25069854553578,365
02,04,CO,0.14292217758464631,0.09676873317325363,general,general,02,04,2002,2004,106.7898284299517,365
02,04,CT,0.08982246252470535,0.15579909432991867,general,general,02,04,2002,2004,41.197431706224066,365
02,04,FL,0.06418826748760428,0.06617913411451408,general,general,02,04,2002,2004,228.32729882392044,365
02,04,FL05,0.14050140786355583,0.11493145537827325,general,general,02,04,2002,2004,75.70458578580073,365
02,04,IL,0.1853145156866113,0.07106558529928728,general,general,02,04,2002,2004,198.0073563775819,365
02,04,MO,0.2417698415760116,0.07493203244890725,general,general,02,04,2002,2004,178.10043285151977,365
02,04,MO05,0.1013429811458561,0.0535118140815427,general,general,02,04,2002,2004,349.22124144936924,365
02,04,MT,0.42548120468109907,0.09933432677420669,general,general,02,04,2002,2004,101.34475905604963,365
02,04,NV,0.382635668873208,0.12151022261855107,general,general,02,04,2002,2004,67.72895376234747,365
02,04,NY,0.12961354656111926,0.07876267708474352,general,general,02,04,2002,2004,161.19778201350368,365
02,04,OK,0.3952476423737383,0.15841522804237,general,general,02,04,2002,2004,39.84796491034694,365
02,06,AR,0.1474271861415505,0.10011556201931196,general,general,02,06,2002,2006,99.76927598236288,365
02,06,CO,0.20195616119718213,0.0662494682977201,general,general,02,06,2002,2006,227.84274582164625,365
02,06,CT,0.23478322475984215,0.10092634152931,general,general,02,06,2002,2006,98.17274588084693,365
02,06,FL,0.2439458819678959,0.07023103950794847,general,general,02,06,2002,2006,202.7411039075082,365
02,06,IL,0.1776337359984735,0.0398109639980201,general,general,02,06,2002,2006,630.9495169978791,365
02,06,MO,0.2863125567041516,0.05391935327846824,general,general,02,06,2002,2006,343.9621468484198,365
02,06,MT,0.2723972642523591,0.10424674876396044,general,general,02,06,2002,2006,92.01846021320598,365
02,06,NV,0.23796737107284066,0.0749873512726637,general,general,02,06,2002,2006,177.83775728764226,365
02,06,NY,0.28797530449586833,0.03643823087929893,general,general,02,06,2002,2006,753.156855294626,365
02,06,OK,0.07848357244792545,0.09314156246909591,general,general,02,06,2002,2006,115.26911583006863,365
02,08,AR,0.5037820115269682,0.18211755401184784,general,general,02,08,2002,2008,30.150629397414644,365
02,08,CO,0.36877185367455645,0.12177790727335386,general,general,02,08,2002,2008,67.43152583161535,365
02,08,CT,0.4680121365403154,0.20705857759111457,general,general,02,08,2002,2008,23.32456470593284,365
02,08,FL,0.07711168366719819,0.08535397947327558,general,general,02,08,2002,2008,137.2626729565592,365
02,08,IL,0.2375183809633163,0.08878065655559728,general,general,02,08,2002,2008,126.8712723139575,365
02,08,MO,0.18737800657416867,0.0911386974731745,general,general,02,08,2002,2008,120.39109513736932,365
02,08,MT,0.5109069668827053,0.1503743835194758,general,general,02,08,2002,2008,44.22341538418352,365
02,08,NV,0.37344015857379514,0.16054123548571314,general,general,02,08,2002,2008,38.79955979177112,365
02,08,NY,0.2039802254717685,0.0775873233405827,general,general,02,08,2002,2008,166.11867595224018,365
02,08,OK,0.3638495994529356,0.21058116014460493,general,general,02,08,2002,2008,22.55074904732731,365
02,10,AR,0.21304368056270248,0.10707712189658898,general,general,02,10,2002,2010,87.21809994186937,365
02,10,CT,0.27186111523520967,0.12686747197029435,general,general,02,10,2002,2010,62.129724532706035,365
02,10,FL,0.04931528656405113,0.04835314844121523,general,general,02,10,2002,2010,427.7110637821473,365
02,10,IL,0.25057883325152747,0.056916385312376416,general,general,02,10,2002,2010,308.6920027514128,365
02,10,MO,0.15547051947629015,0.053872781018129576,general,general,02,10,2002,2010,344.5571047654843,365
02,10,MT,0.3049424960288856,0.09941583299687905,general,general,02,10,2002,2010,101.1786518642892,365
02,10,NV,0.3014906652211902,0.1091829852763007,general,general,02,10,2002,2010,83.88611294126329,365
02,10,NY,0.10316431709269559,0.030193193766294753,general,general,02,10,2002,2010,1096.937520697969,365
02,10,OK,0.1726166392200433,0.14195081697539216,general,general,02,10,2002,2010,49.627706740581075,365
02,12,AR,0.4796220628390418,0.19459555802712314,general,general,02,12,2002,2012,26.40791752194008,365
02,12,CT,0.6082103846626057,0.19168960336515853,general,general,02,12,2002,2012,27.21465809130708,365
02,12,FL,0.04590383317001223,0.09574678207042032,general,general,02,12,2002,2012,109.08163187454603,365
02,12,IL,0.3253491953881335,0.10017276858009704,general,general,02,12,2002,2012,99.65535625093307,365
02,12,MO,0.23769141184080333,0.09516281620040275,general,general,02,12,2002,2012,110.42449665581148,365
02,12,MT,0.513752833318072,0.15312735363487961,general,general,02,12,2002,2012,42.64758523864033,365
02,12,NV,0.6142785669739711,0.1880911111864652,general,general,02,12,2002,2012,28.26594149541955,365
02,12,NY,0.2078651287562102,0.07302096213275013,general,general,02,12,2002,2012,187.54474428000592,365
02,12,OK,0.2816773935078302,0.20982552540687263,general,general,02,12,2002,2012,22.713463399785187,365
02,presprimary04,AR,0.12300974909734416,0.05389083315345221,general,primary,02,04,2002,2003.5,344.3263067115748,365
02,presprimary04,CT,0.019166056429733572,0.020893615467370317,general,primary,02,04,2002,2003.5,2290.7242053260547,365
02,presprimary04,FL,0.023180394301957754,0.010861513223216863,general,primary,02,04,2002,2003.5,8476.553930372545,365
02,presprimary04,IL,0.2635206761723563,0.02835057754807632,general,primary,02,04,2002,2003.5,1244.1598401346998,365
02,presprimary04,MO,0.07775002556125107,0.016693850705392657,general,primary,02,04,2002,2003.5,3588.285164144905,365
02,presprimary04,MT,0.09747789752886792,0.04709463926051292,general,primary,02,04,2002,2003.5,450.87592966052785,365
02,presprimary04,NV,0.05909862878538579,0.043447563188418484,general,primary,02,04,2002,2003.5,529.7477892409493,365
02,presprimary08,AR,0.08316448754810127,0.048784051137471265,general,primary,02,08,2002,2007.5,420.18860961536416,365
02,presprimary08,FL,0.048771815587653644,0.030296285091448907,general,primary,02,08,2002,2007.5,1089.4849672559276,365
02,presprimary08,IL,0.11605113942482119,0.04498148834809357,general,primary,02,08,2002,2007.5,494.2337027354398,365
02,presprimary08,MI,0.2688761421581202,0.017432351122269096,general,primary,02,08,2002,2007.5,3290.6983257101087,365
02,presprimary08,MO,0.12559793939014707,0.03778695213170193,general,primary,02,08,2002,2007.5,700.351838566823,365
02,presprimary08,MT,0.14752099574504526,0.08035045960631376,general,primary,02,08,2002,2007.5,154.88996065219985,365
02,presprimary08,NV,0.09794872838304075,0.031281250877030285,general,primary,02,08,2002,2007.5,1021.9550106041463,365
02,presprimary12,AR,0.14193367986104216,0.06196212969779762,general,primary,02,12,2002,2011.5,260.4637728499909,365
02,presprimary12,CT,0.010621160389144107,0.021262763776598356,general,primary,02,12,2002,2011.5,2211.874956064783,365
02,presprimary12,FL,0.027308033656751805,0.019825056699476554,general,primary,02,12,2002,2011.5,2544.31643851393,365
02,presprimary12,IL,0.04820832308595154,0.0295164631562421,general,primary,02,12,2002,2011.5,1147.813602362624,365
02,presprimary12,MI,0.14379866802726662,0.014257961905401637,general,primary,02,12,2002,2011.5,4919.093754060275,365
02,presprimary12,MO,0.02284122277864669,0.015736484793612577,general,primary,02,12,2002,2011.5,4038.1695268897283,365
02,presprimary12,MT,0.140009100507172,0.07996087910972964,general,primary,02,12,2002,2011.5,156.4029281438201,365
02,presprimary12,NV,0.07489117809117177,0.03271656343139192,general,primary,02,12,2002,2011.5,934.2533038571331,365
02,primary06,AR,0.04667699682032256,0.06137242456798222,general,primary,02,06,2002,2005.5,265.49322221101664,365
02,primary06,CO,0.021704201923057196,0.016992783949815005,general,primary,02,06,2002,2005.5,3463.1470170243324,365
02,primary06,CT,0.03659248348894895,0.04129609779462711,general,primary,02,06,2002,2005.5,586.3838068866359,365
02,primary06,FL,0.18177808963150233,0.07092022184850076,general,primary,02,06,2002,2005.5,198.81988994821938,365
02,primary06,IL,0.08577806737145345,0.023050551711455248,general,primary,02,06,2002,2005.5,1882.076841115098,365
02,primary06,MI,0.16857441149729172,0.015292977421244466,general,primary,02,06,2002,2005.5,4275.7854524295735,365
02,primary06,MO,0.07307515843286078,0.02096755996112105,general,primary,02,06,2002,2005.5,2274.5956942653993,365
02,primary06,MT,0.1384591049559214,0.05236300132525752,general,primary,02,06,2002,2005.5,364.7127426362879,365
02,primary06,NV,0.13520213190250976,0.04080350768103639,general,primary,02,06,2002,2005.5,600.6272088995017,365
02,primary06,OK,0.02375922025256393,0.05218333502710377,general,primary,02,06,2002,2005.5,367.2284650126512,365
02,primary10,AR,0.1586877311648682,0.06988985967868029,general,primary,02,10,2002,2009.5,204.72536918596114,365
02,primary10,CT,0.021857205477129105,0.040659317915122256,general,primary,02,10,2002,2009.5,604.8947600101785,365
02,primary10,FL,0.032446294160377746,0.01954474061334525,general,primary,02,10,2002,2009.5,2617.822389616811,365
02,primary10,IL,0.03257393434320616,0.02640109898897024,general,primary,02,10,2002,2009.5,1434.6831216401304,365
02,primary10,MI,0.20489930954159816,0.017390866160649856,general,primary,02,10,2002,2009.5,3306.416613277309,365
02,primary10,MO,0.03314584829474184,0.026833593314576503,general,primary,02,10,2002,2009.5,1388.8083955370296,365
02,primary10,MT,0.11955276293415892,0.06011755894329072,general,primary,02,10,2002,2009.5,276.69245980504695,365
02,primary10,NV,0.13570685786156278,0.04445008976556567,general,primary,02,10,2002,2009.5,506.1214170275864,365
02,primary10,OK,-0.0036554464138105393,0.07310439515147589,general,primary,02,10,2002,2009.5,187.1169042018166,365
04,06,AR,0.15725704485905725,0.018609613522236185,general,general,04,06,2004,2006,2887.5219354842693,365
04,06,CO,0.14787808764338184,0.011443584231769544,general,general,04,06,2004,2006,7636.174754993237,365
04,06,CT,0.11256072308620324,0.011858657021303275,general,general,04,06,2004,2006,7110.972236723064,365
04,06,FL,0.22335391776472552,0.013069863946753035,general,general,04,06,2004,2006,5854.069397907725,365
04,06,IA,0.1424734694588841,0.04849834301035741,general,general,04,06,2004,2006,425.1539304800274,365
04,06,IL,0.09708883776061283,0.0077747399726774856,general,general,04,06,2004,2006,16543.532699833908,365
04,06,MO,0.09452674809785785,0.012397419290734785,general,general,04,06,2004,2006,6506.349983154827,365
04,06,MT,0.2047503089404474,0.03781713665038297,general,general,04,06,2004,2006,699.2342845449307,365
04,06,NJ,0.08138409613256484,0.0074468694093171835,general,general,04,06,2004,2006,18032.358129167107,365
04,06,NV,0.14962997885177948,0.018807096162405033,general,general,04,06,2004,2006,2827.1998537479753,365
04,06,NY,0.07496509286703792,0.005747670169659566,general,general,04,06,2004,2006,30270.27201719405,365
04,06,OK,0.11248728223555497,0.01707807890539194,general,general,04,06,2004,2006,3428.6406389296308,365
04,06,PA,0.2534910230272881,0.01647162010379233,general,general,04,06,2004,2006,3685.7626554696535,365
04,08,AR,0.2211372436295652,0.04328823713563166,general,general,04,08,2004,2008,533.6545295177509,365
04,08,CO,0.09084277463560585,0.02472872455528678,general,general,04,08,2004,2008,1635.2967202652146,365
04,08,CT,0.16054558750634018,0.029440149362069425,general,general,04,08,2004,2008,1153.7719648076395,365
04,08,FL,0.08122525960607659,0.020075407340607095,general,general,04,08,2004,2008,2481.254248886647,365
04,08,IA,-0.023963790593660036,0.09507386564711581,general,general,04,08,2004,2008,110.6312183423595,365
04,08,IL,0.08112983068883678,0.019986287757485115,general,general,04,08,2004,2008,2503.4315893342036,365
04,08,MO,0.07890282765665416,0.02224908925363123,general,general,04,08,2004,2008,2020.1123491858104,365
04,08,MT,0.22246058141721473,0.061954981601661824,general,general,04,08,2004,2008,260.523878670199,365
04,08,NJ,0.12419244440372013,0.020583163829557004,general,general,04,08,2004,2008,2360.346370366092,365
04,08,NV,0.11649504840450337,0.03697703007335946,general,general,04,08,2004,2008,731.3679874542293,365
04,08,NY,0.13153842058272766,0.012808234101910627,general,general,04,08,2004,2008,6095.670544284202,365
04,08,OK,0.16368587359976083,0.03847459377557876,general,general,04,08,2004,2008,675.5413131577955,365
04,08,PA,0.20323572455469704,0.05039481270505361,general,general,04,08,2004,2008,393.75703767520605,365
04,10,AR,0.05903994834850787,0.02476558206151174,general,general,04,10,2004,2010,1630.432864602549,365
04,10,CT,0.07267016986159909,0.01652300874470678,general,general,04,10,2004,2010,3662.871934084951,365
04,10,FL,0.02249898360312257,0.010369036135312796,general,general,04,10,2004,2010,9300.862501612508,365
04,10,IA,0.16777169987690918,0.06382853601498685,general,general,04,10,2004,2010,245.45406734339332,365
04,10,IL,0.050150641987973935,0.012107735312239703,general,general,04,10,2004,2010,6821.410156366781,365
04,10,MO,0.020901713624143378,0.011976232920423165,general,general,04,10,2004,2010,6972.034578428829,365
04,10,MT,0.0768533667670861,0.038571024443306866,general,general,04,10,2004,2010,672.1677201772369,365
04,10,NJ,0.03415133238464946,0.009843084640022476,general,general,04,10,2004,2010,10321.37508397767,365
04,10,NV,0.055056578903170235,0.027759231330840684,general,general,04,10,2004,2010,1297.7323408168863,365
04,10,NY,0.01981542512086848,0.005550298108226766,general,general,04,10,2004,2010,32461.41002407851,365
04,10,OK,0.0794353987096097,0.024214243305666044,general,general,04,10,2004,2010,1705.5254178615346,365
04,10,PA,0.12018051302667389,0.022175747153650983,general,general,04,10,2004,2010,2033.496726748688,365
04,12,AR,0.14682175382096996,0.045363673401416504,general,general,04,12,2004,2012,485.9410300196862,365
04,12,CT,0.10040818052859987,0.0266698626032109,general,general,04,12,2004,2012,1405.9129891537325,365
04,12,FL,0.05980567565910124,0.022803802144856385,general,general,04,12,2004,2012,1923.0273967571873,365
04,12,IA,-0.027663751390613098,0.11509191284048585,general,general,04,12,2004,2012,75.4936431108697,365
04,12,IL,0.15037386401379169,0.02152067695841242,general,general,04,12,2004,2012,2159.1764914325836,365
04,12,MO,0.04820490384969798,0.022868543014208615,general,general,04,12,2004,2012,1912.1546238189571,365
04,12,MT,0.19621079606161568,0.05998699871240349,general,general,04,12,2004,2012,277.89819920976606,365
04,12,NJ,0.06286181364072344,0.020679831091339824,general,general,04,12,2004,2012,2338.3312062517134,365
04,12,NV,0.1318322139907241,0.04181846922599481,general,general,04,12,2004,2012,571.8257882827432,365
04,12,NY,0.07055552702362394,0.01257829810683815,general,general,04,12,2004,2012,6320.569823188215,365
04,12,OK,0.14700490495529067,0.04167670536781298,general,general,04,12,2004,2012,575.7225502631921,365
04,12,PA,0.24332449857776647,0.05386667694478469,general,general,04,12,2004,2012,344.6351983522352,365
04,presprimary08,AR,0.030119454250763306,0.012226712246530111,general,primary,04,08,2004,2007.5,6689.299136143476,365
04,presprimary08,FL,0.029343960917223962,0.007326090923284812,general,primary,04,08,2004,2007.5,18631.824781011346,365
04,presprimary08,IL,0.07314861128814364,0.009100246226271697,general,primary,04,08,2004,2007.5,12075.18278628415,365
04,presprimary08,MO,0.023240761092070315,0.00892573343766207,general,primary,04,08,2004,2007.5,12551.978149424875,365
04,presprimary08,MT,0.07209209375617533,0.029352648218294575,general,primary,04,08,2004,2007.5,1160.6610770155228,365
04,presprimary08,NV,0.008352606959824729,0.009148001922862383,general,primary,04,08,2004,2007.5,11949.43869651519,365
04,presprimary08,PA,0.11192585977642722,0.022305142920880393,general,primary,04,08,2004,2007.5,2009.9718695411875,365
04,presprimary12,AR,0.028520391062926472,0.013829913752438652,general,primary,04,12,2004,2011.5,5228.306706678636,365
04,presprimary12,CT,-0.002132737975040897,0.00272052425469989,general,primary,04,12,2004,2011.5,135112.2715751134,365
04,presprimary12,FL,0.00269406655115892,0.0045523105853887864,general,primary,04,12,2004,2011.5,48254.323448557414,365
04,presprimary12,IL,0.01887345645613603,0.0063240047518820725,general,primary,04,12,2004,2011.5,25004.353194238138,365
04,presprimary12,MO,0.008036991328000342,0.0032527907498423143,general,primary,04,12,2004,2011.5,94512.172781909685,365
04,presprimary12,MT,0.07629796604538899,0.028770855155150904,general,primary,04,12,2004,2011.5,1208.0765624788037,365
04,presprimary12,NJ,0.008962256408523965,0.004595354368906305,general,primary,04,12,2004,2011.5,47354.57956263751,365
04,presprimary12,NV,0.0033115125089577917,0.008349409513623302,general,primary,04,12,2004,2011.5,14344.601080953064,365
04,presprimary12,PA,0.016975890941170548,0.008490311007757259,general,primary,04,12,2004,2011.5,13872.438294844556,365
04,primary06,AR,0.08016813033422425,0.012993823307129572,general,primary,04,06,2004,2005.5,5922.786616077394,365
04,primary06,CO,0.024605615235144655,0.0039009058167717436,general,primary,04,06,2004,2005.5,65715.68970174908,365
04,primary06,CT,0.022011596167602752,0.006313294254296662,general,primary,04,06,2004,2005.5,25089.264881425363,365
04,primary06,FL,0.2548925645876233,0.014190869148485066,general,primary,04,06,2004,2005.5,4965.7175010132305,365
04,primary06,IL,0.07670325510161648,0.005906204843452688,general,primary,04,06,2004,2005.5,28667.049026401426,365
04,primary06,MO,0.021712833735865692,0.005327607819580288,general,primary,04,06,2004,2005.5,35231.854571633274,365
04,primary06,MT,0.13336367629910717,0.020415960527657193,general,primary,04,06,2004,2005.5,2399.166370680952,365
04,primary06,NJ,0.009383004682384283,0.0033872014798061118,general,primary,04,06,2004,2005.5,87160.14401853837,365
04,primary06,NV,0.04625323494746965,0.010626741510134043,general,primary,04,06,2004,2005.5,8855.228385053695,365
04,primary06,OK,0.0542872322159791,0.01033173853893857,general,primary,04,06,2004,2005.5,9368.135975232557,365
04,primary06,PA,0.06204703227193084,0.006899436043005913,general,primary,04,06,2004,2005.5,21007.424613282325,365
04,primary10,AR,0.04027340629242144,0.0154232773966719,general,primary,04,10,2004,2009.5,4203.844669232919,365
04,primary10,CT,-0.002506267930251885,0.006424199718051724,general,primary,04,10,2004,2009.5,24230.475230324133,365
04,primary10,FL,0.00811411712281132,0.004420408305634411,general,primary,04,10,2004,2009.5,51177.04755822773,365
04,primary10,IL,0.016721977955855852,0.00617007233555192,general,primary,04,10,2004,2009.5,26267.5452379149,365
04,primary10,MO,0.016777573297379587,0.006359038823568023,general,primary,04,10,2004,2009.5,24729.5974564094,365
04,primary10,MT,0.04360731229648247,0.02285884374879622,general,primary,04,10,2004,2009.5,1913.777665662494,365
04,primary10,NJ,0.005553047293172543,0.0033272429269972903,general,primary,04,10,2004,2009.5,90329.78550413353,365
04,primary10,NV,0.009536753169552513,0.010666306604863911,general,primary,04,10,2004,2009.5,8789.655893612093,365
04,primary10,OK,0.02644744321923431,0.011914314821867696,general,primary,04,10,2004,2009.5,7044.689511527495,365
04,primary10,PA,0.032436374583353474,0.00841991305459879,general,primary,04,10,2004,2009.5,14105.379856158965,365
06,08,AR,0.32996276120874785,0.11656447358056797,general,general,06,08,2006,2008,73.59826672533994,365
06,08,CO,0.08801329657866064,0.07875776777228918,general,general,06,08,2006,2008,161.2178789503774,365
06,08,CT,0.23078981270777982,0.09169883110603337,general,general,06,08,2006,2008,118.92479201869128,365
06,08,FL,0.023653669104773747,0.0383721428338053,general,general,06,08,2006,2008,679.1534250361925,365
06,08,IA,0.22766311601119446,0.06713838794706321,general,general,06,08,2006,2008,221.84936068548924,365
06,08,IL,0.23799227978521936,0.06679462739835026,general,general,06,08,2006,2008,224.13874550561388,365
06,08,MO,0.1292207235002774,0.045362635331595944,general,general,06,08,2006,2008,485.9632706362602,365
06,08,MT,0.1880579858028007,0.059325448868800756,general,general,06,08,2006,2008,284.1305514790723,365
06,08,NJ,0.2813754644339819,0.0917818049825633,general,general,06,08,2006,2008,118.70986509140006,365
06,08,NV,0.5669414780582982,0.12880721206075205,general,general,06,08,2006,2008,60.27256018794938,365
06,08,NY,0.1562873555993814,0.06474223608749914,general,general,06,08,2006,2008,238.57482270291038,365
06,08,OK,0.22879424899912237,0.11554902833585481,general,general,06,08,2006,2008,74.89751427080729,365
06,08,OR,0.25793318388356057,0.0595119403127819,general,general,06,08,2006,2008,282.35259253741896,365
06,08,PA,0.22635484054690594,0.10154310514543202,general,general,06,08,2006,2008,96.98378298766576,365
06,10,AR,0.21176893475776037,0.0649917631003541,general,general,06,10,2006,2010,236.7463884613514,365
06,10,CT,0.20905598346418774,0.04570478443090625,general,general,06,10,2006,2010,478.7145969537834,365
06,10,FL,0.05087692418613495,0.018575073477545768,general,general,06,10,2006,2010,2898.270519035542,365
06,10,IA,0.09650392437966974,0.04467155976423971,general,general,06,10,2006,2010,501.11541984164273,365
06,10,IL,0.18301675525222413,0.03572108917848062,general,general,06,10,2006,2010,783.7013860382906,365
06,10,MO,0.059650542785435655,0.022559032438747625,general,general,06,10,2006,2010,1964.9841993952275,365
06,10,MT,0.086294968707869,0.039288665134125954,general,general,06,10,2006,2010,647.8365593888551,365
06,10,NJ,0.2589046147885197,0.03760309925266443,general,general,06,10,2006,2010,707.2170428610432,365
06,10,NV,0.16790470171421323,0.07804501406725034,general,general,06,10,2006,2010,164.17600123672943,365
06,10,NY,0.1828808754417744,0.024661879075400035,general,general,06,10,2006,2010,1644.1736057479034,365
06,10,OK,0.10689551531592921,0.06704090353594465,general,general,06,10,2006,2010,222.49501362224856,365
06,10,OR,0.20304593208115224,0.0399107914279292,general,general,06,10,2006,2010,627.7971216663258,365
06,10,PA,0.07251160422711782,0.0405028079624967,general,general,06,10,2006,2010,609.5786310653639,365
06,12,AR,0.1977502131904236,0.12697043096662583,general,general,06,12,2006,2012,62.0290046961788,365
06,12,CT,0.17575740916724,0.08023782983723995,general,general,06,12,2006,2012,155.32510363788697,365
06,12,FL,0.06045824053374265,0.04253900841177605,general,general,06,12,2006,2012,552.6183165469542,365
06,12,IA,0.25770403181848645,0.07754768581846778,general,general,06,12,2006,2012,166.28853828720705,365
06,12,IL,0.30850118674329235,0.07518552146138996,general,general,06,12,2006,2012,176.90152125405368,365
06,12,MO,0.13186146361242898,0.04411795685668571,general,general,06,12,2006,2012,513.7705622714537,365
06,12,MT,0.16591425885054137,0.05987794648972424,general,general,06,12,2006,2012,278.9113606432157,365
06,12,NJ,0.26835979611365884,0.08950880374322916,general,general,06,12,2006,2012,124.81549231689908,365
06,12,NV,0.5430825455149699,0.13144520146465138,general,general,06,12,2006,2012,57.877601761107734,365
06,12,NY,0.12729878191909832,0.0613363078755741,general,general,06,12,2006,2012,265.80597530770405,365
06,12,OK,0.2410110978092685,0.12022535863764483,general,general,06,12,2006,2012,69.1843456110122,365
06,12,OR,0.27536980030190744,0.0711641789340857,general,general,06,12,2006,2012,197.45908218065154,365
06,12,PA,0.25330314931592257,0.10476463427012163,general,general,06,12,2006,2012,91.11095473558844,365
06,presprimary08,AR,0.11898408027557608,0.03258824696509613,general,primary,06,08,2006,2007.5,941.6250472384748,365
06,presprimary08,FL,0.057749778244617356,0.013020874652810427,general,primary,06,08,2006,2007.5,5898.202565985407,365
06,presprimary08,IL,0.349684836812414,0.031699976735217864,general,primary,06,08,2006,2007.5,995.1352564073823,365
06,presprimary08,MO,0.13319865385273993,0.016781193222281155,general,primary,06,08,2006,2007.5,3551.029858420825,365
06,presprimary08,MT,0.1317876528967642,0.03365559032850825,general,primary,06,08,2006,2007.5,882.847262657762,365
06,presprimary08,NV,0.03195221271957146,0.02951504014865804,general,primary,06,08,2006,2007.5,1147.9242840237214,365
06,presprimary08,OR,0.14937820143255745,0.033025207298032294,general,primary,06,08,2006,2007.5,916.8723908370782,365
06,presprimary08,PA,0.17377236772441712,0.045686414313196574,general,primary,06,08,2006,2007.5,479.09964846778684,365
06,presprimary12,AR,0.011471820403980766,0.03736822927736536,general,primary,06,12,2006,2011.5,716.1351028421977,365
06,presprimary12,CT,0.004220751539733286,0.008051235158094843,general,primary,06,12,2006,2011.5,15426.769014109306,365
06,presprimary12,FL,0.009129216721346298,0.008145023439013114,general,primary,06,12,2006,2011.5,15073.542270244434,365
06,presprimary12,IL,0.043670211566713295,0.020437605945614116,general,primary,06,12,2006,2011.5,2394.0871594460737,365
06,presprimary12,MO,0.003424851268830716,0.006781069855317636,general,primary,06,12,2006,2011.5,21747.21076095048,365
06,presprimary12,MT,0.04352209397013197,0.030229475362095398,general,primary,06,12,2006,2011.5,1094.305998980583,365
06,presprimary12,NJ,0.03854274994834003,0.01972984283075823,general,primary,06,12,2006,2011.5,2568.932828862824,365
06,presprimary12,NV,0.05855484476574541,0.025223704438628678,general,primary,06,12,2006,2011.5,1571.7456325616986,365
06,presprimary12,OR,0.08409649523152946,0.024427430477826764,general,primary,06,12,2006,2011.5,1675.88582702778,365
06,presprimary12,PA,-0.0043916090113788,0.01735107911165351,general,primary,06,12,2006,2011.5,3321.5976158929075,365
06,primary10,AR,0.09445999582922646,0.04688639868503111,general,primary,06,10,2006,2009.5,454.88985131036543,365
06,primary10,CT,0.03263425474304642,0.017906674098821504,general,primary,06,10,2006,2009.5,3118.675158356702,365
06,primary10,FL,0.018787099681261597,0.00851214574498334,general,primary,06,10,2006,2009.5,13801.360434091237,365
06,primary10,IL,0.0544040518583503,0.015413862588946538,general,primary,06,10,2006,2009.5,4208.98166540192,365
06,primary10,MO,0.026979330331070733,0.013781722967051636,general,primary,06,10,2006,2009.5,5264.9344515290095,365
06,primary10,MT,0.05765750445830544,0.02666418199826566,general,primary,06,10,2006,2009.5,1406.5120915004386,365
06,primary10,NJ,0.004494023210532384,0.015577261849908769,general,primary,06,10,2006,2009.5,4121.143710635548,365
06,primary10,NV,0.05533125867956846,0.03816858120425058,general,primary,06,10,2006,2009.5,686.416898374399,365
06,primary10,OK,0.05009218026985642,0.03539015907278207,general,primary,06,10,2006,2009.5,798.4265508903038,365
06,primary10,OR,0.08387884708703706,0.023209003119403476,general,primary,06,10,2006,2009.5,1856.4661128265636,365
06,primary10,PA,0.02928608722329708,0.018539439710494536,general,primary,06,10,2006,2009.5,2909.422479326343,365
08,10,AR,0.106201313590641,0.015211620102811765,general,general,08,10,2008,2010,4321.644696196961,365
08,10,CT,0.0832384142504068,0.008982907228782385,general,general,08,10,2008,2010,12392.706690318657,365
08,10,FL,0.08165206271337846,0.005357167282340895,general,general,08,10,2008,2010,34844.12670916719,365
08,10,IA,0.037922887869956075,0.01896942617100572,general,general,08,10,2008,2010,2779.0196193064203,365
08,10,IL,0.09567092948204713,0.006002056585659923,general,general,08,10,2008,2010,27758.745104103546,365
08,10,KY,0.11673536280223076,0.011788089642372976,general,general,08,10,2008,2010,7196.364300326558,365
08,10,MO,0.09035277215719384,0.008736562048879433,general,general,08,10,2008,2010,13101.435061964024,365
08,10,MT,0.12159293906524943,0.01730211666020272,general,general,08,10,2008,2010,3340.4234832436514,365
08,10,NJ,0.08549061009050175,0.005090479717242174,general,general,08,10,2008,2010,38590.692973987316,365
08,10,NV,0.16937449212143021,0.015071944085025948,general,general,08,10,2008,2010,4402.115685810946,365
08,10,NY,0.06046873452336239,0.004886673602016212,general,general,08,10,2008,2010,41876.78536944909,365
08,10,OK,0.11396008833248125,0.012219577054353817,general,general,08,10,2008,2010,6697.113378749582,365
08,10,OR,0.10228613441612439,0.015892686546530147,general,general,08,10,2008,2010,3959.1810701660706,365
08,10,PA,0.13246085180102185,0.006421045701135609,general,general,08,10,2008,2010,24254.28508992803,365
08,10,RI,0.06640654749779748,0.016628156103151732,general,general,08,10,2008,2010,3616.6944031081157,365
08,12,AR,0.19959367974915534,0.027216190627520686,general,general,08,12,2008,2012,1350.035919637158,365
08,12,CT,0.1608811769859294,0.015445162176742102,general,general,08,12,2008,2012,4191.93996588924,365
08,12,FL,0.10454678608472313,0.012436625313678383,general,general,08,12,2008,2012,6465.392565501358,365
08,12,IA,0.08131341839990366,0.03533212594536388,general,general,08,12,2008,2012,801.0515411148193,365
08,12,IL,0.07969366442319761,0.0131487048781345,general,general,08,12,2008,2012,5784.076715368282,365
08,12,KY,0.0753162803339445,0.021495763769502924,general,general,08,12,2008,2012,2164.184282208729,365
08,12,MO,0.15530639563802126,0.01709406656921526,general,general,08,12,2008,2012,3422.230190055864,365
08,12,MT,0.111354532933981,0.029124947557456485,general,general,08,12,2008,2012,1178.8802607843875,365
08,12,NJ,0.15478506132150377,0.013747216716300673,general,general,08,12,2008,2012,5291.398157862499,365
08,12,NV,0.17409599254912736,0.026611130462203966,general,general,08,12,2008,2012,1412.1256827997756,365
08,12,NY,0.06800796712317526,0.012710814206264956,general,general,08,12,2008,2012,6189.467097426684,365
08,12,OK,0.1375490916064369,0.02317414186023541,general,general,08,12,2008,2012,1862.0557415987328,365
08,12,OR,0.10769600602535492,0.024842234003184385,general,general,08,12,2008,2012,1620.3868248423964,365
08,12,PA,0.12067562659577194,0.019288527472483198,general,general,08,12,2008,2012,2687.8303413306257,365
08,12,RI,0.11308180895261549,0.030049309146931387,general,general,08,12,2008,2012,1107.4675671697444,365
08,presprimary12,AR,0.01812153433418671,0.009328638490565873,general,primary,08,12,2008,2011.5,11491.14945913692,365
08,presprimary12,CT,-0.001673400141967307,0.0015214200964466839,general,primary,08,12,2008,2011.5,432017.86157775694,365
08,presprimary12,FL,0.012302187226369636,0.0027104179645796632,general,primary,08,12,2008,2011.5,136121.7317849761,365
08,presprimary12,IL,0.01700865639604285,0.003953256789061166,general,primary,08,12,2008,2011.5,63986.73482192474,365
08,presprimary12,KY,0.005710642164188703,0.005843072983487078,general,primary,08,12,2008,2011.5,29289.86554872252,365
08,presprimary12,MO,0.0035185769915440242,0.0026058942271964996,general,primary,08,12,2008,2011.5,147260.55482498277,365
08,presprimary12,MT,0.03661179685566155,0.015270382808548517,general,primary,08,12,2008,2011.5,4288.448028227736,365
08,presprimary12,NJ,0.009455951234006645,0.0029254014273749573,general,primary,08,12,2008,2011.5,116850.09291990235,365
08,presprimary12,NV,0.011093504720830314,0.005350142391890413,general,primary,08,12,2008,2011.5,34935.68945800715,365
08,presprimary12,OR,0.01342817409319392,0.008057154013005514,general,primary,08,12,2008,2011.5,15404.112063710101,365
08,presprimary12,PA,0.007355091144770557,0.0033645613896580717,general,primary,08,12,2008,2011.5,88337.08953338208,365
08,presprimary12,RI,0.0033193006981841215,0.003916947960809163,general,primary,08,12,2008,2011.5,65178.505265337946,365
08,primary10,AR,0.07061227666088302,0.01056509500626462,general,primary,08,10,2008,2009.5,8958.869004399028,365
08,primary10,CT,0.017179900799328695,0.0038948738840758985,general,primary,08,10,2008,2009.5,65919.39311952128,365
08,primary10,FL,0.020479567332456795,0.0026599904368936186,general,primary,08,10,2008,2009.5,141331.7867522649,365
08,primary10,IL,0.04255320721962496,0.00334580979422049,general,primary,08,10,2008,2009.5,89330.03491114598,365
08,primary10,KY,0.12131050783940071,0.009929863260764947,general,primary,08,10,2008,2009.5,10141.763149704588,365
08,primary10,MO,0.04439367529037999,0.005985626990744312,general,primary,08,10,2008,2009.5,27911.34093108119,365
08,primary10,MT,0.10196665742733574,0.012130978625466067,general,primary,08,10,2008,2009.5,6795.295152379377,365
08,primary10,NJ,0.010746215827267189,0.002887886499889938,general,primary,08,10,2008,2009.5,119905.6807107673,365
08,primary10,NV,0.051248861223969384,0.0065259024447619825,general,primary,08,10,2008,2009.5,23481.122025889956,365
08,primary10,OK,0.05119587471916398,0.007501185678558863,general,primary,08,10,2008,2009.5,17772.15811578601,365
08,primary10,OR,0.046908322270191594,0.007541640221715219,general,primary,08,10,2008,2009.5,17582.00419779942,365
08,primary10,PA,0.050011576079278426,0.0037113364154069428,general,primary,08,10,2008,2009.5,72600.45695072874,365
08,primary10,RI,0.022828565971620418,0.009390836166943719,general,primary,08,10,2008,2009.5,11339.436470953546,365
10,12,AR,0.19965565446150924,0.12313103566879205,general,general,10,12,2010,2012,65.95761376674479,365
10,12,CT,0.09739084416609088,0.06257385526578628,general,general,10,12,2010,2012,255.39604839354442,365
10,12,FL,0.013564165474103154,0.06170069635262179,general,general,10,12,2010,2012,262.6756822955118,365
10,12,IA,0.08577306314148068,0.0664001306034623,general,general,10,12,2010,2012,226.8099656545717,365
10,12,IL,0.041314001741898275,0.05865421169106672,general,general,10,12,2010,2012,290.6709268545267,365
10,12,KY,0.23520015990583093,0.05164369006533398,general,general,10,12,2010,2012,374.94318810698775,365
10,12,MO,0.025480449848870376,0.06866584891171125,general,general,10,12,2010,2012,212.08913108631418,365
10,12,MT,0.1652506655587923,0.0910049447604262,general,general,10,12,2010,2012,120.74524004394381,365
10,12,NJ,-0.13823890451436174,0.11824959829304264,general,general,10,12,2010,2012,71.51557780941272,365
10,12,NV,0.2874693515458781,0.08800188418999591,general,general,10,12,2010,2012,129.12670181758506,365
10,12,NY,0.03642787150898149,0.09634339910536278,general,general,10,12,2010,2012,107.73481511295886,365
10,12,OK,0.14910656544003165,0.08961008175960118,general,general,10,12,2010,2012,124.53351685809668,365
10,12,OR,0.11771234874588027,0.05348598275360226,general,general,10,12,2010,2012,349.5586392601404,365
10,12,PA,0.10447847104556189,0.12838122756727197,general,general,10,12,2010,2012,60.67320712340467,365
10,12,RI,0.23871256242985892,0.11727640780730675,general,general,10,12,2010,2012,72.70741261457393,365
10,presprimary12,AR,0.07440409962373455,0.042981494176785165,general,primary,10,12,2010,2011.5,541.2986976378024,365
10,presprimary12,CT,0.018085063624488137,0.006835598981308117,general,primary,10,12,2010,2011.5,21401.62978821648,365
10,presprimary12,FL,0.0639920551879129,0.011379170235034958,general,primary,10,12,2010,2011.5,7722.871536346641,365
10,presprimary12,IL,0.1364565147725885,0.017843997825473374,general,primary,10,12,2010,2011.5,3140.622058734069,365
10,presprimary12,KY,0.04446768069799856,0.014763541792227157,general,primary,10,12,2010,2011.5,4587.952199232448,365
10,presprimary12,MO,0.02331657237254951,0.008965868526426763,general,primary,10,12,2010,2011.5,12439.853551716644,365
10,presprimary12,MT,0.15601840315843205,0.049362383844072384,general,primary,10,12,2010,2011.5,410.4003763900792,365
10,presprimary12,NJ,-0.03044445666611531,0.03151495001293376,general,primary,10,12,2010,2011.5,1006.8545912299627,365
10,presprimary12,NV,5.868051935556538e-4,0.019728681809044614,general,primary,10,12,2010,2011.5,2569.235198234054,365
10,presprimary12,OR,0.04488411590649556,0.02044466013032335,general,primary,10,12,2010,2011.5,2392.435342358702,365
10,presprimary12,PA,0.09872658089999838,0.019998266824397513,general,primary,10,12,2010,2011.5,2500.4333502302115,365
10,presprimary12,RI,0.022761935435386002,0.017469320451926097,general,primary,10,12,2010,2011.5,3276.785227504213,365
92,00,CO,0.5944171144210272,0.1080961781590853,general,general,92,00,1992,2000,85.58138711716042,365
92,00,FL,0.31047634131017066,0.07370264278529726,general,general,92,00,1992,2000,184.09156017401187,365
92,00,FL05,0.31839095269621315,0.07817842873802044,general,general,92,00,1992,2000,163.61613330613952,365
92,00,IL,0.38862879197853856,0.05667616065736605,general,general,92,00,1992,2000,311.3143605362743,365
92,00,MO,0.49352441991971335,0.11154246163638078,general,general,92,00,1992,2000,80.37473435244137,365
92,00,MO05,0.5031379444080665,0.10738226328227493,general,general,92,00,1992,2000,86.72311990306126,365
92,02,CO,0.43948629084693014,0.10528127559068348,general,general,92,02,1992,2002,90.21894069990763,365
92,02,FL,0.26572185285659344,0.07100487071045072,general,general,92,02,1992,2002,198.3461239845152,365
92,02,FL05,0.25175373004771356,0.06847568469591658,general,general,92,02,1992,2002,213.2687546638297,365
92,02,IL,0.19950982960364916,0.046714072375664016,general,general,92,02,1992,2002,458.25218189156635,365
92,02,MO,0.400626345561748,0.09336720377288023,general,general,92,02,1992,2002,114.71264538057824,365
92,02,MO05,0.33747339722176867,0.0866223019193085,general,general,92,02,1992,2002,133.27250438964992,365
92,04,CO,0.7493303724975584,0.2065918109747875,general,general,92,04,1992,2004,23.43008125182063,365
92,04,FL,0.40603068314023727,0.11064338570958014,general,general,92,04,1992,2004,81.68627392337977,365
92,04,FL05,0.6114043594943469,0.17789410311217294,general,general,92,04,1992,2004,31.599258784469882,365
92,04,IL,0.5329929479106278,0.08329296943359593,general,general,92,04,1992,2004,144.1395990550233,365
92,04,MO,0.7076927537083811,0.16320588437117395,general,general,92,04,1992,2004,37.54294815651292,365
92,04,MO05,0.397593294721169,0.1171661113807553,general,general,92,04,1992,2004,72.8443659074451,365
92,06,CO,0.5917419718372043,0.15618230549005782,general,general,92,06,1992,2006,40.99551449727197,365
92,06,FL,0.4751701673072647,0.11251540532878483,general,general,92,06,1992,2006,78.99071081344118,365
92,06,IL,0.2464014181165138,0.060701723155065765,general,general,92,06,1992,2006,271.3925743599143,365
92,06,MO,0.4881572007922552,0.1336205231661013,general,general,92,06,1992,2006,56.008464232881536,365
92,08,CO,0.9929197567204637,0.2345663651537324,general,general,92,08,1992,2008,18.174753271425605,365
92,08,FL,0.6327427218725006,0.14714716369881575,general,general,92,08,1992,2008,46.18449606562871,365
92,08,IL,0.536070041776324,0.10430584925050823,general,general,92,08,1992,2008,91.91421303804053,365
92,08,MO,0.8397433569034833,0.18817037294461067,general,general,92,08,1992,2008,28.242133960499313,365
92,10,FL,0.36696808936937375,0.09411301181876544,general,general,92,10,1992,2010,112.90174541838222,365
92,10,IL,0.2863572981700696,0.07517868512404681,general,general,92,10,1992,2010,176.9336956252874,365
92,10,MO,0.5873744652458641,0.12885164590597367,general,general,92,10,1992,2010,60.23099797398137,365
92,12,FL,0.6883910757923135,0.16451859855046838,general,general,92,12,1992,2012,36.94621875808651,365
92,12,IL,0.5357810404932052,0.1070124288640881,general,general,92,12,1992,2012,87.3235850515243,365
92,12,MO,0.8570798971219834,0.17666922511623936,general,general,92,12,1992,2012,32.03894387127724,365
92,94,CO,0.1561362031405123,0.030649085489749425,general,general,92,94,1992,1994,1064.547290569991,365
92,94,FL,0.18358357617158755,0.023608104329147696,general,general,92,94,1992,1994,1794.2285730782423,365
92,94,FL05,0.15518650235943277,0.02059974107563396,general,general,92,94,1992,1994,2356.5490120697596,365
92,94,IL,0.10014945037266822,0.019433382102341336,general,general,92,94,1992,1994,2647.9100024390536,365
92,94,MO,0.21512104971976181,0.03726774996979975,general,general,92,94,1992,1994,720.0019186436264,365
92,94,MO05,0.2156411006560437,0.033570768721500596,general,general,92,94,1992,1994,887.3141920689229,365
92,96,CO,0.09059042420600331,0.06283022012304465,general,general,92,96,1992,1996,253.31612589485277,365
92,96,FL,0.24020904167902563,0.044787097246016636,general,general,92,96,1992,1996,498.53329517302916,365
92,96,FL05,0.25341369812404974,0.050943139763618084,general,general,92,96,1992,1996,385.32623905910236,365
92,96,IL,0.18680884208240237,0.034647985464609954,general,general,92,96,1992,1996,832.9981232572272,365
92,96,MO,0.3244415885032559,0.05767196690438786,general,general,92,96,1992,1996,300.6564141334213,365
92,96,MO05,0.31217409920100947,0.05174812057786851,general,general,92,96,1992,1996,373.43140372145405,365
92,98,CO,0.15725213444825217,0.06658192848995577,general,general,92,98,1992,1998,225.57307509129564,365
92,98,FL,0.08720321166460401,0.03777719807775185,general,general,92,98,1992,1998,700.7135462571914,365
92,98,FL05,0.08128235303541786,0.034110773997299976,general,general,92,98,1992,1998,859.4425515370389,365
92,98,IL,0.15248932439316493,0.03222663517086524,general,general,92,98,1992,1998,962.8753635816311,365
92,98,MO,0.148928024458468,0.04131716084338923,general,general,92,98,1992,1998,585.7860948341264,365
92,98,MO05,0.1384623895734212,0.04924367816565577,general,general,92,98,1992,1998,412.38136460152685,365
92,presprimary00,CO,0.024129806759005962,0.020715785786598988,general,primary,92,00,1992,1999.5,2330.22134967855,365
92,presprimary00,FL,0.02439305758177781,0.016090427137278367,general,primary,92,00,1992,1999.5,3862.467639900432,365
92,presprimary00,IL,0.04775167691221498,0.02266191089701708,general,primary,92,00,1992,1999.5,1947.183786661159,365
92,presprimary00,MO,0.04016455625458471,0.029391475025760075,general,primary,92,00,1992,1999.5,1157.5965830872028,365
92,presprimary04,FL,0.01824666412136054,0.020972424838965054,general,primary,92,04,1992,2003.5,2273.540561455518,365
92,presprimary04,IL,0.09621000293873821,0.033579468243880584,general,primary,92,04,1992,2003.5,886.8544939165989,365
92,presprimary04,MO,0.10713656848342835,0.03505895328095274,general,primary,92,04,1992,2003.5,813.583455849626,365
92,presprimary08,FL,0.332711483004371,0.06989368616825158,general,primary,92,08,1992,2007.5,204.70295348322279,365
92,presprimary08,IL,0.2656821545336211,0.06024753039029271,general,primary,92,08,1992,2007.5,275.4999352727761,365
92,presprimary08,MO,0.2687347728016905,0.10061428830815398,general,primary,92,08,1992,2007.5,98.7826518735047,365
92,presprimary12,FL,0.1654685277421478,0.04192284267414721,general,primary,92,12,1992,2011.5,568.9820339061076,365
92,presprimary12,IL,0.082731053038360175,0.040786601590289136,general,primary,92,12,1992,2011.5,601.125233357458,365
92,presprimary12,MO,0.1322182426832291,0.03844821987482975,general,primary,92,12,1992,2011.5,676.4684182540361,365
92,primary02,CO,0.04234314091553892,0.029880017067599112,general,primary,92,02,1992,2001.5,1120.0523396479712,365
92,primary02,FL,0.11665292319586093,0.039542341330312404,general,primary,92,02,1992,2001.5,639.551083077182,365
92,primary02,IL,0.11122554985166463,0.03027237597686159,general,primary,92,02,1992,2001.5,1091.2065967401927,365
92,primary02,MO,0.14166993762570457,0.05061607991971587,general,primary,92,02,1992,2001.5,390.32195975734214,365
92,primary06,CO,0.1252036909125233,0.04249400754545643,general,primary,92,06,1992,2005.5,553.7893744023162,365
92,primary06,FL,0.37002293978622347,0.11287375654813722,general,primary,92,06,1992,2005.5,78.48994810574706,365
92,primary06,IL,0.13101617157001072,0.034512366177859174,general,primary,92,06,1992,2005.5,839.55766047262955,365
92,primary06,MO,0.14311518173789717,0.052969933798073375,general,primary,92,06,1992,2005.5,356.40282656867544,365
92,primary10,FL,0.15298035530716295,0.04736161147482547,general,primary,92,10,1992,2009.5,445.8071796099321,365
92,primary10,IL,0.10386196330720374,0.04131702209343505,general,primary,92,10,1992,2009.5,585.790029189807,365
92,primary10,MO,0.3326096433965,0.07328571833849348,general,primary,92,10,1992,2009.5,186.19212209832673,365
92,primary94,CO,0.043009511466805185,0.012875681258306845,general,primary,92,94,1992,1993.5,6031.975458517089,365
92,primary94,FL,0.04805690556760475,0.013599886851180213,general,primary,92,94,1992,1993.5,5406.6643584557705,365
92,primary94,IL,0.09467031357477787,0.01475553844060395,general,primary,92,94,1992,1993.5,4592.930526923423,365
92,primary94,MO,0.08715834853997113,0.0205602675815811,general,primary,92,94,1992,1993.5,2365.606337651434,365
92,primary98,CO,0.04287210166992053,0.02243316181119422,general,primary,92,98,1992,1997.5,1987.0967915653307,365
92,primary98,FL,0.04136172990383928,0.015518962112830062,general,primary,92,98,1992,1997.5,4152.1654871844075,365
92,primary98,IL,0.02253025088722035,0.02044175273230348,general,primary,92,98,1992,1997.5,2393.11593531192,365
92,primary98,MO,-0.017589131464251683,0.023483773600204393,general,primary,92,98,1992,1997.5,1813.277323354148,365
94,00,CO,0.17741736299024105,0.16686545861475566,general,general,94,00,1994,2000,35.91427528135097,365
94,00,FL,0.059285834333481495,0.1445523242885489,general,general,94,00,1994,2000,47.85748166644522,365
94,00,FL05,0.040315182212573235,0.17209982813561112,general,general,94,00,1994,2000,33.762852133687105,365
94,00,IL,0.21597924156713158,0.12298729947469218,general,general,94,00,1994,2000,66.11187418842142,365
94,00,MO,0.27943362539990413,0.14894127722598494,general,general,94,00,1994,2000,45.07854111858555,365
94,00,MO05,0.22663389122248212,0.14328102609770765,general,general,94,00,1994,2000,48.71050520911509,365
94,02,CO,0.5004530218283346,0.15543537902995075,general,general,94,02,1994,2002,41.390459414534455,365
94,02,FL,0.22570554237852472,0.13604016734510352,general,general,94,02,1994,2002,54.03382165533133,365
94,02,FL05,0.11691674043140715,0.1358363827863752,general,general,94,02,1994,2002,54.19606858705297,365
94,02,IL,0.382406630268601,0.11140858982515107,general,general,94,02,1994,2002,80.56801165706179,365
94,02,MO,0.11160920792924874,0.11352136605662286,general,general,94,02,1994,2002,77.59697350187365,365
94,02,MO05,0.15552399067291062,0.10245438194810813,general,general,94,02,1994,2002,95.26621800376307,365
94,04,CO,0.2092736541018534,0.29223673972023834,general,general,94,04,1994,2004,11.709284866954533,365
94,04,FL,-0.11163174408475202,0.260017400475879,general,general,94,04,1994,2004,14.790919580194924,365
94,04,FL05,0.22511894392727333,0.43732951353787763,general,general,94,04,1994,2004,5.2285639705083975,365
94,04,IL,0.34410748827675264,0.17762973330885515,general,general,94,04,1994,2004,31.693388368553023,365
94,04,MO,0.38260245292754436,0.20206157936994107,general,general,94,04,1994,2004,24.4924659825559,365
94,04,MO05,0.36632125234113544,0.14076635427589584,general,general,94,04,1994,2004,50.46639402174367,365
94,06,CO,0.03775740075702415,0.24123059975324504,general,general,94,06,1994,2006,17.18443298602566,365
94,06,FL,-0.46334011252563345,0.2827086707779178,general,general,94,06,1994,2006,12.511856151526269,365
94,06,IL,0.5495827470839763,0.13416391763811053,general,general,94,06,1994,2006,55.55568890153702,365
94,06,MO,0.29784814931187487,0.17120108790447222,general,general,94,06,1994,2006,34.118266707134154,365
94,08,CO,0.05714038278980796,0.3676013129915226,general,general,94,08,1994,2008,7.400241489735575,365
94,08,FL,-0.15283039525667289,0.34618148272277693,general,general,94,08,1994,2008,8.344346550973382,365
94,08,IL,0.5327021100917665,0.23656291222523698,general,general,94,08,1994,2008,17.869264779081185,365
94,08,MO,0.578600391425255,0.24797015490144733,general,general,94,08,1994,2008,16.26301914888522,365
94,10,FL,0.11971727571268037,0.21671687353035332,general,general,94,10,1994,2010,21.29190631382703,365
94,10,IL,0.449140663547235,0.17049544507451095,general,general,94,10,1994,2010,34.401267011882666,365
94,10,MO,0.448372426987066,0.17156152463237784,general,general,94,10,1994,2010,33.97505792597992,365
94,12,FL,-0.29254362568587017,0.3758435105767311,general,general,94,12,1994,2012,7.079227807360115,365
94,12,IL,0.49391945079829824,0.251901786659769,general,general,94,12,1994,2012,15.759321095873485,365
94,12,MO,0.28374802432053187,0.25435163279389605,general,general,94,12,1994,2012,15.457204054526889,365
94,96,CO,-0.010891422528734923,0.10665164903852745,general,general,94,96,1994,1996,87.91537851601791,365
94,96,FL,-0.046522221258663995,0.10407756553185947,general,general,94,96,1994,1996,92.31786448334786,365
94,96,FL05,-0.029916234734779217,0.12033977724233612,general,general,94,96,1994,1996,69.05284772673059,365
94,96,IL,0.09856716285775939,0.0822127559249016,general,general,94,96,1994,1996,147.9522541739512,365
94,96,MO,0.16218221512088205,0.0852434525794341,general,general,94,96,1994,1996,137.6188540342503,365
94,96,MO05,0.24309710765683845,0.0739454812378194,general,general,94,96,1994,1996,182.88442476581284,365
94,98,CO,-0.029331322689979993,0.10206279233173052,general,general,94,98,1994,1998,95.99864607917874,365
94,98,FL,0.06638722257364912,0.07316258244071254,general,general,94,98,1994,1998,186.81938884798163,365
94,98,FL05,0.07352727578473654,0.07073056957550265,general,general,94,98,1994,1998,199.88752439040547,365
94,98,IL,0.16820648864998247,0.07250663853801544,general,general,94,98,1994,1998,190.2148666952228,365
94,98,MO,0.05168689316890565,0.06083493685251324,general,general,94,98,1994,1998,270.2053083973742,365
94,98,MO05,0.10134193373634459,0.06670104648910224,general,general,94,98,1994,1998,224.768115587234,365
94,presprimary00,CO,-0.040026239267828494,0.035604468826464994,general,primary,94,00,1994,1999.5,788.843729956745,365
94,presprimary00,FL,0.026280456164027216,0.03452507686014569,general,primary,94,00,1994,1999.5,838.9395945748889,365
94,presprimary00,IL,0.04186237832685875,0.051068603247309,general,primary,94,00,1994,1999.5,383.4352538394812,365
94,presprimary00,MO,0.07796091810422688,0.04195144585426096,general,primary,94,00,1994,1999.5,568.2064159463667,365
94,presprimary04,FL,0.027999799631794112,0.04385780686273147,general,primary,94,04,1994,2003.5,519.8836729813917,365
94,presprimary04,IL,0.011257586187663916,0.07558138189247995,general,primary,94,04,1994,2003.5,175.05331677013422,365
94,presprimary04,MO,0.05938392337931597,0.04272004854489268,general,primary,94,04,1994,2003.5,547.9444405556221,365
94,presprimary08,FL,0.25073294847332206,0.16363809012760808,general,primary,94,08,1994,2007.5,37.34489097274384,365
94,presprimary08,IL,0.2280526801615114,0.13702494029457485,general,primary,94,08,1994,2007.5,53.25995031735566,365
94,presprimary08,MO,0.2397452136894563,0.12397808627739933,general,primary,94,08,1994,2007.5,65.05941342705921,365
94,presprimary12,FL,0.23061595116910794,0.09339566968235975,general,primary,94,12,1994,2011.5,114.64272988743376,365
94,presprimary12,IL,0.09759411976713213,0.090215197872553,general,primary,94,12,1994,2011.5,122.86850894234625,365
94,presprimary12,MO,0.13246539723080022,0.05157007401862089,general,primary,94,12,1994,2011.5,376.01441154513003,365
94,primary02,CO,0.024696247862128984,0.0460255927104951,general,primary,94,02,1994,2001.5,472.06436738592475,365
94,primary02,FL,0.11528637857558013,0.08103918947171526,general,primary,94,02,1994,2001.5,152.26841343050887,365
94,primary02,IL,0.09331500194697197,0.069244302994292,general,primary,94,02,1994,2001.5,208.56042534463887,365
94,primary02,MO,0.01729359163500167,0.06001084770574208,general,primary,94,02,1994,2001.5,277.67736329043447,365
94,primary06,CO,0.07330305674044404,0.07469882056369187,general,primary,94,06,1994,2005.5,179.21423824607865,365
94,primary06,FL,-0.5992319185781463,0.2795591958206146,general,primary,94,06,1994,2005.5,12.795357808504406,365
94,primary06,IL,0.11572741485799408,0.07709538210347032,general,primary,94,06,1994,2005.5,168.24542731007833,365
94,primary06,MO,0.017072216834586602,0.06433267626385242,general,primary,94,06,1994,2005.5,241.62216022150986,365
94,primary10,FL,0.0847654007772647,0.09840355980254503,general,primary,94,10,1994,2009.5,103.27099963396459,365
94,primary10,IL,0.05527986071023839,0.08562873119650478,general,primary,94,10,1994,2009.5,136.38323327681226,365
94,primary10,MO,0.10810388923607732,0.09092905997804811,general,primary,94,10,1994,2009.5,120.94685984820624,365
94,primary98,CO,-0.020723969892604256,0.03733327568837807,general,primary,94,98,1994,1997.5,717.4767054502394,365
94,primary98,FL,-0.02044658317903995,0.03239011802726831,general,primary,94,98,1994,1997.5,953.180038774352,365
94,primary98,IL,0.07019157507268631,0.04733279177461046,general,primary,94,98,1994,1997.5,446.35022557036996,365
94,primary98,MO,0.007730185608109589,0.03245615840212016,general,primary,94,98,1994,1997.5,949.3050068628353,365
96,00,AR,0.24610220525228757,0.09618705913199584,general,general,96,00,1996,2000,108.08531852946764,365
96,00,CO,0.15807526578262518,0.057261290789727165,general,general,96,00,1996,2000,304.9844750744785,365
96,00,FL,0.1888433479641632,0.03906288682187949,general,general,96,00,1996,2000,655.3470206043443,365
96,00,FL05,0.11100326208779704,0.04015937216421687,general,general,96,00,1996,2000,620.0492275516266,365
96,00,IL,0.1436407847278752,0.04281745949749321,general,general,96,00,1996,2000,545.4540978392023,365
96,00,MI,0.31608629598451005,0.07320035359332955,general,general,96,00,1996,2000,186.6266421530331,365
96,00,MO,0.20863852809681296,0.06275752108220065,general,general,96,00,1996,2000,253.9033545051029,365
96,00,MO05,0.1792720875517766,0.056893412272646326,general,general,96,00,1996,2000,308.94134709975026,365
96,02,AR,0.20248907667104574,0.09253290986496474,general,general,96,02,1996,2002,116.79051160441067,365
96,02,CO,0.09987593450422448,0.05228163421427629,general,general,96,02,1996,2002,365.84884769802557,365
96,02,FL,0.05576685647903009,0.032022693944511404,general,general,96,02,1996,2002,975.1788436288367,365
96,02,FL05,0.014235737204788322,0.03202274223962079,general,general,96,02,1996,2002,975.1759021984584,365
96,02,IL,0.10819417765028852,0.03268568961745889,general,general,96,02,1996,2002,936.0190665215059,365
96,02,MI,0.1912568761014484,0.04551059010725017,general,general,96,02,1996,2002,482.8086768491416,365
96,02,MO,0.15057068489937162,0.049337869875923236,general,general,96,02,1996,2002,410.80830000397833,365
96,02,MO05,0.1214748534394166,0.04503218231783331,general,general,96,02,1996,2002,493.121584036485,365
96,04,AR,0.07143539094444704,0.15254384053610293,general,general,96,04,1996,2004,42.97448169790347,365
96,04,CO,0.257402881210611,0.10985142330970399,general,general,96,04,1996,2004,82.8683369744707,365
96,04,FL,0.08376230788329173,0.06403416155205847,general,general,96,04,1996,2004,243.88020157107178,365
96,04,FL05,0.1447952631567389,0.10345538972010979,general,general,96,04,1996,2004,93.43159392676132,365
96,04,IL,0.2680995147111371,0.06459781396069872,general,general,96,04,1996,2004,239.6427845255988,365
96,04,MO,0.21021041881354854,0.09800783618797945,general,general,96,04,1996,2004,104.10663233815352,365
96,04,MO05,0.10355933220694628,0.06657672400417677,general,general,96,04,1996,2004,225.60834380618317,365
96,06,AR,0.16161234423375406,0.1160906361316962,general,general,96,06,1996,2006,74.20029263321602,365
96,06,CO,0.18872501847755735,0.08721393009556085,general,general,96,06,1996,2006,131.47049108583678,365
96,06,FL,0.1889263725020408,0.06554800412100263,general,general,96,06,1996,2006,232.74537267322603,365
96,06,IL,0.1522893215090871,0.042341780966505746,general,general,96,06,1996,2006,557.7784839633881,365
96,06,MO,0.23438790181481484,0.08247820330876698,general,general,96,06,1996,2006,147.00144927358517,365
96,08,AR,-0.08761463746319927,0.1877832741298616,general,general,96,08,1996,2008,28.35869135706321,365
96,08,CO,0.10456328752567823,0.14553487166348186,general,general,96,08,1996,2008,47.213464020802405,365
96,08,FL,0.049801743037733666,0.08637683508898396,general,general,96,08,1996,2008,134.0310518103147,365
96,08,IL,0.41924356857946354,0.08847437048319723,general,general,96,08,1996,2008,127.75121450667052,365
96,08,MO,0.3287708150504525,0.12024700046171381,general,general,96,08,1996,2008,69.15944452089079,365
96,10,AR,0.08470823016984143,0.13244871255586482,general,general,96,10,1996,2010,57.00389318980571,365
96,10,FL,0.11878282283739362,0.05340970569849719,general,general,96,10,1996,2010,350.55779635471106,365
96,10,IL,0.23384395770193794,0.0575138546852185,general,general,96,10,1996,2010,302.31176469466186,365
96,10,MO,0.31112748223073006,0.08179296701033396,general,general,96,10,1996,2010,149.47483245507263,365
96,12,AR,0.009223393193107587,0.18528031750069365,general,general,96,12,1996,2012,29.130063240537435,365
96,12,FL,0.17541855687932273,0.09389104095931938,general,general,96,12,1996,2012,113.43620580667796,365
96,12,IL,0.41370114099268773,0.08784346537361347,general,general,96,12,1996,2012,129.59286158633813,365
96,12,MO,0.24484748271910547,0.12856805227065235,general,general,96,12,1996,2012,60.49700443562268,365
96,98,AR,0.17850384417975146,0.05767582203742322,general,general,96,98,1996,1998,300.616222881818,365
96,98,CO,0.03659636460542223,0.03924180587721535,general,general,96,98,1996,1998,649.384666773938,365
96,98,FL,0.10168118314274655,0.018642923278257142,general,general,96,98,1996,1998,2877.2127448254346,365
96,98,FL05,0.060485820347948784,0.016810477144731422,general,general,96,98,1996,1998,3538.668816166359,365
96,98,IL,0.15861768036080148,0.022710602758683477,general,general,96,98,1996,1998,1938.8431569182853,365
96,98,MI,0.4652047397625974,0.043157353943379925,general,general,96,98,1996,1998,536.896263011556,365
96,98,MO,0.09800761988250715,0.026801604514601948,general,general,96,98,1996,1998,1392.1255720326158,365
96,98,MO05,0.08174941743201207,0.02464171942685008,general,general,96,98,1996,1998,1646.864937468861,365
96,presprimary00,AR,0.022046534139588958,0.0430513126353601,general,primary,96,00,1996,1999.5,539.5444191602386,365
96,presprimary00,CO,-0.011176863155803417,0.013208723346916444,general,primary,96,00,1996,1999.5,5731.6321729969995,365
96,presprimary00,FL,0.011208382527117373,0.009161101278111924,general,primary,96,00,1996,1999.5,11915.290393255293,365
96,presprimary00,IL,0.04357169625033955,0.016027396056851353,general,primary,96,00,1996,1999.5,3892.907298020071,365
96,presprimary00,MI,0.11708369277444874,0.022805205041469653,general,primary,96,00,1996,1999.5,1922.790808168105,365
96,presprimary00,MO,-0.013008332546186474,0.019000484337567396,general,primary,96,00,1996,1999.5,2769.9418810181296,365
96,presprimary04,AR,0.03581441486738476,0.05878155062305744,general,primary,96,04,1996,2003.5,289.41292554515746,365
96,presprimary04,FL,0.00873831630190254,0.009780203916823963,general,primary,96,04,1996,2003.5,10454.52198387201,365
96,presprimary04,IL,0.07523354513351257,0.024199222369316785,general,primary,96,04,1996,2003.5,1707.6433817642765,365
96,presprimary04,MO,0.04026540572642733,0.021088419318886883,general,primary,96,04,1996,2003.5,2248.598637170268,365
96,presprimary08,AR,0.09923609583827779,0.06217811695578929,general,primary,96,08,1996,2007.5,258.65737698195255,365
96,presprimary08,FL,0.10708811562587749,0.036625050573197517,general,primary,96,08,1996,2007.5,745.4929382180565,365
96,presprimary08,IL,0.12058375529363118,0.046183454170987,general,primary,96,08,1996,2007.5,468.8427196921563,365
96,presprimary08,MI,0.05794828055725733,0.02761323508200969,general,primary,96,08,1996,2007.5,1311.4913168164992,365
96,presprimary08,MO,0.20592270937813936,0.059609338661622074,general,primary,96,08,1996,2007.5,281.4306494448782,365
96,presprimary12,AR,0.08985952011113324,0.06962830466591463,general,primary,96,12,1996,2011.5,206.26633790357275,365
96,presprimary12,FL,0.0285425782200871,0.024225318383772558,general,primary,96,12,1996,2011.5,1703.9663457190843,365
96,presprimary12,IL,0.06170116813561921,0.030036862149839225,general,primary,96,12,1996,2011.5,1108.3856059205357,365
96,presprimary12,MI,0.0466561209620094,0.02123791043915306,general,primary,96,12,1996,2011.5,2217.054810285676,365
96,presprimary12,MO,0.07224420448293509,0.023271988321037957,general,primary,96,12,1996,2011.5,1846.4307298117255,365
96,primary02,AR,0.07984218095504532,0.05302027350172155,general,primary,96,02,1996,2001.5,355.7263798282447,365
96,primary02,CO,0.038640205192011556,0.017035222579625482,general,primary,96,02,1996,2001.5,3445.913529863332,365
96,primary02,FL,0.03940029149399747,0.01898489517186344,general,primary,96,02,1996,2001.5,2774.492742251344,365
96,primary02,IL,0.08001654612094708,0.022219506221625215,general,primary,96,02,1996,2001.5,2025.4950818703348,365
96,primary02,MI,0.08748942548756226,0.02555575359934262,general,primary,96,02,1996,2001.5,1531.1671945027465,365
96,primary02,MO,0.04815191242154868,0.026472132365003787,general,primary,96,02,1996,2001.5,1426.9940050368618,365
96,primary06,AR,0.08608649947192527,0.05969331908470961,general,primary,96,06,1996,2005.5,280.63933678260906,365
96,primary06,CO,0.0024614979257545746,0.024415143343368778,general,primary,96,06,1996,2005.5,1677.573059882707,365
96,primary06,FL,0.1561884105738187,0.06707445566401939,general,primary,96,06,1996,2005.5,222.2724754295883,365
96,primary06,IL,0.07075850900971542,0.02475889907983211,general,primary,96,06,1996,2005.5,1631.313164125302,365
96,primary06,MI,0.041416877444916976,0.019149133900784116,general,primary,96,06,1996,2005.5,2727.1041737636697,365
96,primary06,MO,0.0876506075535037,0.030650799173253657,general,primary,96,06,1996,2005.5,1064.4282564056375,365
96,primary10,AR,0.007613462617896928,0.09442314499676013,general,primary,96,10,1996,2009.5,112.16131097610071,365
96,primary10,FL,0.0035055470350892296,0.027744105789765012,general,primary,96,10,1996,2009.5,1299.1477228530769,365
96,primary10,IL,0.09047740176188694,0.03263808662429129,general,primary,96,10,1996,2009.5,938.7514450088916,365
96,primary10,MI,0.06422327925147589,0.026168441548638358,general,primary,96,10,1996,2009.5,1460.307385499785,365
96,primary10,MO,0.1232554882662909,0.04554441112333351,general,primary,96,10,1996,2009.5,482.0918812343939,365
96,primary98,AR,0.11163056290927166,0.04330036465159439,general,primary,96,98,1996,1997.5,533.3556406951872,365
96,primary98,CO,-0.033961413573017636,0.016039750014744735,general,primary,96,98,1996,1997.5,3886.9129038377882,365
96,primary98,FL,0.018955247096885956,0.00856116505510501,general,primary,96,98,1996,1997.5,13643.765918783745,365
96,primary98,IL,0.10600292638176784,0.014766507244135826,general,primary,96,98,1996,1997.5,4586.109653090898,365
96,primary98,MI,0.14582218202440156,0.023780382496027326,general,primary,96,98,1996,1997.5,1768.3259837329963,365
96,primary98,MO,0.025118743129793692,0.0178945148515055,general,primary,96,98,1996,1997.5,3122.9148515091324,365
98,00,AR,1.1218462323584322,0.21120487941842384,general,general,98,00,1998,2000,22.41775431398899,365
98,00,CO,0.07437904502462932,0.0662169962366285,general,general,98,00,1998,2000,228.0662635907404,365
98,00,FL,0.22000805038978116,0.11943489709099432,general,general,98,00,1998,2000,70.10314801804466,365
98,00,FL05,0.1314600705218553,0.12122014535295998,general,general,98,00,1998,2000,68.05348953382149,365
98,00,IL,0.33709766463976343,0.09153172866646651,general,general,98,00,1998,2000,119.35941208150284,365
98,00,MI,0.22700414357710338,0.05759630017651334,general,general,98,00,1998,2000,301.4469034746334,365
98,00,MO,0.2598110715403251,0.17665597197548585,general,general,98,00,1998,2000,32.0437513233643,365
98,00,MO05,0.31936697654364443,0.13606099859330847,general,general,98,00,1998,2000,54.01727752002941,365
98,02,AR,0.46630279995352447,0.19709189784642006,general,general,98,02,1998,2002,25.743195634083193,365
98,02,CO,0.10643668911633512,0.05324239139982341,general,general,98,02,1998,2002,352.7645150760519,365
98,02,FL,0.33474500534365986,0.09752068454790279,general,general,98,02,1998,2002,105.14933192006936,365
98,02,FL05,0.25805736998130097,0.08874084318938905,general,general,98,02,1998,2002,126.98513883454818,365
98,02,IL,0.3270814527634402,0.06627275611514839,general,general,98,02,1998,2002,227.68264902356546,365
98,02,MI,0.18498932309916982,0.0384946367437284,general,general,98,02,1998,2002,674.8380293096112,365
98,02,MO,0.38723178507824374,0.12287535622416856,general,general,98,02,1998,2002,66.23238898473652,365
98,02,MO05,0.37478463303175236,0.09862612059128094,general,general,98,02,1998,2002,102.80544057240881,365
98,04,AR,1.0508823057109782,0.33332237836387785,general,general,98,04,1998,2004,9.000591597514633,365
98,04,CO,0.39623961412779135,0.1203003787640655,general,general,98,04,1998,2004,69.09808486803176,365
98,04,FL,0.44878204407077793,0.2008075537089363,general,general,98,04,1998,2004,24.799327790936882,365
98,04,FL05,0.5488778666575965,0.3227081534077972,general,general,98,04,1998,2004,9.602407305762892,365
98,04,IL,0.6219786209928162,0.13571634826540918,general,general,98,04,1998,2004,54.291978565019754,365
98,04,MO,0.6325826036332666,0.24012337044659177,general,general,98,04,1998,2004,17.343276130630848,365
98,04,MO05,0.5537709449024576,0.15781035417734854,general,general,98,04,1998,2004,40.15401814810694,365
98,06,AR,0.8471017105593563,0.2480085773689385,general,general,98,06,1998,2006,16.257980477014403,365
98,06,CO,0.32682296368453945,0.08349297934107179,general,general,98,06,1998,2006,143.4498448428952,365
98,06,FL,0.40480632015645085,0.2315252582173767,general,general,98,06,1998,2006,18.65534330367947,365
98,06,IL,0.6089226829614818,0.09055001784577052,general,general,98,06,1998,2006,121.96154561149778,365
98,06,MO,0.3706259101736435,0.20374301201191158,general,general,98,06,1998,2006,24.089875503682524,365
98,08,AR,1.1846008904424155,0.4372620677861813,general,general,98,08,1998,2008,5.2301770609188925,365
98,08,CO,0.5111198695004516,0.15502206198005208,general,general,98,08,1998,2008,41.61146264541844,365
98,08,FL,0.9121378144017894,0.27654247081477157,general,general,98,08,1998,2008,13.076042467888302,365
98,08,IL,0.8588712729188818,0.18125212531961413,general,general,98,08,1998,2008,30.439238578373406,365
98,08,MO,0.8150143697298052,0.2942928606599959,general,general,98,08,1998,2008,11.546239107047189,365
98,10,AR,0.5641935088367418,0.29687534591576037,general,general,98,10,1998,2010,11.346233946761162,365
98,10,FL,0.48255244250559776,0.17172537370353763,general,general,98,10,1998,2010,33.91025531894441,365
98,10,IL,0.8668639669849412,0.1263670534790783,general,general,98,10,1998,2010,62.62277114052844,365
98,10,MO,0.6102332123671461,0.1992019186720961,general,general,98,10,1998,2010,25.200720968770938,365
98,12,AR,1.204308168163863,0.4510362397538328,general,general,98,12,1998,2012,4.915606663318322,365
98,12,FL,1.0877535520665413,0.3111074660834882,general,general,98,12,1998,2012,10.331874751442832,365
98,12,IL,0.967978214353092,0.20352238951729534,general,general,98,12,1998,2012,24.1421316618465,365
98,12,MO,0.8299396090206942,0.30211530137978776,general,general,98,12,1998,2012,10.956063898269466,365
98,presprimary00,AR,0.16095376155477237,0.09630960691027371,general,primary,98,00,1998,1999.5,107.81043030225835,365
98,presprimary00,CO,0.016940281232877104,0.017189170249072662,general,primary,98,00,1998,1999.5,3384.4661428134877,365
98,presprimary00,FL,0.04916255703382915,0.027420139046225474,general,primary,98,00,1998,1999.5,1330.0277261994556,365
98,presprimary00,IL,0.13964057401653604,0.034091060648641126,general,primary,98,00,1998,1999.5,860.4367939509609,365
98,presprimary00,MI,0.1661106496487281,0.0159312101830019,general,primary,98,00,1998,1999.5,3940.0566418357125,365
98,presprimary00,MO,0.14039278392036228,0.053976936120238725,general,primary,98,00,1998,1999.5,343.2286575263225,365
98,presprimary04,AR,0.29382112995154025,0.12367506319541326,general,primary,98,04,1998,2003.5,65.37861529774709,365
98,presprimary04,FL,0.022738215717659487,0.03204031309442801,general,primary,98,04,1998,2003.5,974.106625763798,365
98,presprimary04,IL,0.2085027633683105,0.048681729376579434,general,primary,98,04,1998,2003.5,421.9568139480348,365
98,presprimary04,MO,0.03896437609273163,0.04711787303142279,general,primary,98,04,1998,2003.5,450.4313864481904,365
98,presprimary08,AR,0.297485964045841,0.13578543251683137,general,primary,98,08,1998,2007.5,54.23674780143664,365
98,presprimary08,FL,0.3773961938997642,0.12280441161634088,general,primary,98,08,1998,2007.5,66.30893653000781,365
98,presprimary08,IL,0.4346162544702418,0.09427389328942506,general,primary,98,08,1998,2007.5,112.51673320232894,365
98,presprimary08,MI,0.06471627808809859,0.021248860389021875,general,primary,98,08,1998,2007.5,2214.770416348943,365
98,presprimary08,MO,0.2870625088825781,0.14074269376135448,general,primary,98,08,1998,2007.5,50.48336344567007,365
98,presprimary12,AR,0.44708301311182674,0.16028503204086939,general,primary,98,12,1998,2011.5,38.92369521954015,365
98,presprimary12,FL,0.33314226402891783,0.07486892542262874,general,primary,98,12,1998,2011.5,178.40080114113388,365
98,presprimary12,IL,0.30873137474156775,0.0688732504184073,general,primary,98,12,1998,2011.5,210.81370487882154,365
98,presprimary12,MI,0.03534819371424396,0.01776059495078337,general,primary,98,12,1998,2011.5,3170.1877270146124,365
98,presprimary12,MO,0.04120476242694607,0.05523617134592688,general,primary,98,12,1998,2011.5,327.75767007699125,365
98,primary02,AR,0.3776394123415223,0.11806242213128397,general,primary,98,02,1998,2001.5,71.74251915466986,365
98,primary02,CO,0.005961653584245249,0.019716542775321616,general,primary,98,02,1998,2001.5,2572.3998132434645,365
98,primary02,FL,0.19370025024424814,0.05359272551893937,general,primary,98,02,1998,2001.5,348.16756624823944,365
98,primary02,IL,0.1470901491676132,0.044744331096854356,general,primary,98,02,1998,2001.5,499.48673609485314,365
98,primary02,MI,0.0761912095215775,0.021876048143526214,general,primary,98,02,1998,2001.5,2089.5956670628802,365
98,primary02,MO,0.18459723998469038,0.06684444277108745,general,primary,98,02,1998,2001.5,223.80479419531937,365
98,primary06,AR,0.41536090152551763,0.1406683872634914,general,primary,98,06,1998,2005.5,50.53671207341411,365
98,primary06,CO,-0.00465622342547707,0.023025396723079235,general,primary,98,06,1998,2005.5,1886.1913832286557,365
98,primary06,FL,0.35609491415660993,0.22994204775209448,general,primary,98,06,1998,2005.5,18.913121419953328,365
98,primary06,IL,0.18086051491644922,0.04626018456060627,general,primary,98,06,1998,2005.5,467.28869866994074,365
98,primary06,MI,0.0035264901139717246,0.016588154873401977,general,primary,98,06,1998,2005.5,3634.158269170479,365
98,primary06,MO,0.07886277340789855,0.07103358586623881,general,primary,98,06,1998,2005.5,198.18579451285433,365
98,primary10,AR,0.46986638823416355,0.1712565543976168,general,primary,98,10,1998,2009.5,34.09616986938194,365
98,primary10,FL,0.171919467296942,0.07277412242759396,general,primary,98,10,1998,2009.5,188.81915332472084,365
98,primary10,IL,0.295317098953699,0.06037528600677898,general,primary,98,10,1998,2009.5,274.3352393222625,365
98,primary10,MI,0.05549681778397607,0.02109015859239502,general,primary,98,10,1998,2009.5,2248.227775399953,365
98,primary10,MO,0.2862861169176464,0.10622897306808911,general,primary,98,10,1998,2009.5,88.61638586872384,365
presprimary00,00,AR,0.3487349267483318,0.5855819178805303,primary,general,00,00,2000,2000,2.9162495483969684,365
presprimary00,00,CO,-2.762766118590395,0.9954470829611873,primary,general,00,00,2000,2000,1.009168400909226,365
presprimary00,00,CT,-3.5345723281815844,1.3501520114412968,primary,general,00,00,2000,2000,0.548573298159691,365
presprimary00,00,FL,-1.9428716946336388,0.7396399153608907,primary,general,00,00,2000,2000,1.8279289856276018,365
presprimary00,00,IL,-0.2234572922880727,0.18831308578140318,primary,general,00,00,2000,2000,28.199343649061742,365
presprimary00,00,MI,-2.8547418361827246,0.43660034792354957,primary,general,00,00,2000,2000,5.24604298853488,365
presprimary00,00,MO,-2.2064982241490183,0.49393513222515284,primary,general,00,00,2000,2000,4.098832444013384,365
presprimary00,00,MT,-1.4629015654076016,1.08196945593141,primary,general,00,00,2000,2000,0.8542205173276536,365
presprimary00,00,NV,3.268285503780575,0.4150711812073584,primary,general,00,00,2000,2000,5.804366649876547,365
presprimary00,02,AR,1.2344760297383148,0.40216331961219887,primary,general,00,02,2000,2002,6.1829407657493105,365
presprimary00,02,CO,-0.9266266280551784,0.27846260643627835,primary,general,00,02,2000,2002,12.896332810867905,365
presprimary00,02,CT,-0.3173858773789173,0.3513952772376295,primary,general,00,02,2000,2002,8.098566626547433,365
presprimary00,02,FL,-0.04379027177578375,0.25116186965765586,primary,general,00,02,2000,2002,15.852311051306279,365
presprimary00,02,IL,-0.13349495824000532,0.06620467011959692,primary,general,00,02,2000,2002,228.15119515661442,365
presprimary00,02,MI,-0.5716807143179314,0.14270030799862943,primary,general,00,02,2000,2002,49.107766146077644,365
presprimary00,02,MO,-0.03113681155602629,0.14712744035837533,primary,general,00,02,2000,2002,46.19687952847526,365
presprimary00,02,MT,-8.245735777261188e-4,0.5108717174255037,primary,general,00,02,2000,2002,3.8315657245881876,365
presprimary00,02,NV,0.6948107783638449,0.3327039767525601,primary,general,00,02,2000,2002,9.034081748035184,365
presprimary00,04,AR,1.5355717016751322,0.6534765794321812,primary,general,00,04,2000,2004,2.3417468558369476,365
presprimary00,04,CO,-1.6175372717881504,0.6236044265831604,primary,general,00,04,2000,2004,2.5714709436220295,365
presprimary00,04,CT,-1.6517527720938614,0.9856072184591775,primary,general,00,04,2000,2004,1.0294191638753498,365
presprimary00,04,FL,-0.49870415654959666,0.4896218011186189,primary,general,00,04,2000,2004,4.171368004705748,365
presprimary00,04,IL,-0.22788099570931653,0.12416141049214915,primary,general,00,04,2000,2004,64.86743492497908,365
presprimary00,04,MO,-0.6868552583321238,0.2893466819040884,primary,general,00,04,2000,2004,11.944362824157535,365
presprimary00,04,MT,0.5645332911403969,0.7841392946946198,primary,general,00,04,2000,2004,1.626348316897023,365
presprimary00,04,NV,1.323750298613591,0.5764636935205738,primary,general,00,04,2000,2004,3.00923483060021,365
presprimary00,06,AR,0.9469100818011129,0.4661719871248767,primary,general,00,06,2000,2006,4.601587182820388,365
presprimary00,06,CO,-1.1303992011090416,0.43108557538069614,primary,general,00,06,2000,2006,5.381124222529848,365
presprimary00,06,CT,-0.8826896459453971,0.6056408557578682,primary,general,00,06,2000,2006,2.7262750630495605,365
presprimary00,06,FL,-0.47717797411406954,0.4982350433332752,primary,general,00,06,2000,2006,4.028389536983477,365
presprimary00,06,IL,-0.1687542057313269,0.0854479778286912,primary,general,00,06,2000,2006,136.96084325693968,365
presprimary00,06,MO,-0.8518339727301932,0.22566744598987012,primary,general,00,06,2000,2006,19.63641366496221,365
presprimary00,06,MT,0.3842700385276648,0.7989868103356466,primary,general,00,06,2000,2006,1.5664653035438594,365
presprimary00,06,NV,0.20127812893366348,0.40068650429293184,primary,general,00,06,2000,2006,6.228601843812522,365
presprimary00,08,AR,1.5792119022084778,0.8326927286534571,primary,general,00,08,2000,2008,1.4422164852495571,365
presprimary00,08,CO,-1.6932428721018602,0.8629050574471236,primary,general,00,08,2000,2008,1.3429936871784165,365
presprimary00,08,CT,-0.7444201179658735,1.2823533955133108,primary,general,00,08,2000,2008,0.6081133642266486,365
presprimary00,08,FL,-0.2828602467756109,0.646223191929502,primary,general,00,08,2000,2008,2.394610705692219,365
presprimary00,08,IL,-0.48741888337599865,0.18051149644681913,primary,general,00,08,2000,2008,30.689532085136733,365
presprimary00,08,MO,-0.6025845624898069,0.3432531843023713,primary,general,00,08,2000,2008,8.487325346291911,365
presprimary00,08,MT,0.10631577576604888,1.1583068640942569,primary,general,00,08,2000,2008,0.745337101363186,365
presprimary00,08,NV,0.518542219019166,0.7550057324610533,primary,general,00,08,2000,2008,1.7542823820808744,365
presprimary00,10,AR,0.2766051665144619,0.5711429737142728,primary,general,00,10,2000,2010,3.0655635470316036,365
presprimary00,10,CT,0.2632640344777013,0.7408445222756598,primary,general,00,10,2000,2010,1.8219894243159171,365
presprimary00,10,FL,0.05494532717804729,0.36142096088016157,primary,general,00,10,2000,2010,7.655495889141292,365
presprimary00,10,IL,-0.061441492890405694,0.11347303669048478,primary,general,00,10,2000,2010,77.66308632092858,365
presprimary00,10,MO,-0.43329239291431676,0.23200484207794603,primary,general,00,10,2000,2010,18.578297028379605,365
presprimary00,10,MT,0.1982750692960572,0.8182089644220604,primary,general,00,10,2000,2010,1.493728038826781,365
presprimary00,10,NV,0.8637870611512504,0.5508962278815516,primary,general,00,10,2000,2010,3.295037811939074,365
presprimary00,12,AR,1.7223667763142887,0.874253001071156,primary,general,00,12,2000,2012,1.30835541563107,365
presprimary00,12,CT,-0.3794024973534954,1.1259210075217154,primary,general,00,12,2000,2012,0.7888313377030021,365
presprimary00,12,FL,0.12981704387867823,0.7061022349636815,primary,general,00,12,2000,2012,2.0056947039052293,365
presprimary00,12,IL,-0.36891334876116244,0.19597811626144165,primary,general,00,12,2000,2012,26.036634237259733,365
presprimary00,12,MO,-0.7280775986492096,0.3625555094223143,primary,general,00,12,2000,2012,7.607658018167196,365
presprimary00,12,MT,0.631215464038834,1.228915158433271,primary,general,00,12,2000,2012,0.6621497167475042,365
presprimary00,12,NV,0.2673753807027892,0.8561588590875315,primary,general,00,12,2000,2012,1.3642416057151239,365
presprimary00,presprimary04,AR,0.6048008335322609,0.20569130082190049,primary,primary,00,04,2000,2003.5,23.635682669162673,365
presprimary00,presprimary04,CT,-0.00530619875087549,0.113120189887154,primary,primary,00,04,2000,2003.5,78.14833851222376,365
presprimary00,presprimary04,FL,-0.011905909604326845,0.06894357153815549,primary,primary,00,04,2000,2003.5,210.38387233540726,365
presprimary00,presprimary04,IL,-0.03348201561575075,0.04514256649402,primary,primary,00,04,2000,2003.5,490.71293634440826,365
presprimary00,presprimary04,MO,0.03814641596794531,0.05808809771547791,primary,primary,00,04,2000,2003.5,296.36416621907915,365
presprimary00,presprimary04,MT,0.020288947730520694,0.2801463246843035,primary,primary,00,04,2000,2003.5,12.741781153165773,365
presprimary00,presprimary04,NV,0.3766584718176901,0.20061112410185228,primary,primary,00,04,2000,2003.5,24.84791639366952,365
presprimary00,presprimary08,AR,-0.1367432954812953,0.24738055586901075,primary,primary,00,08,2000,2007.5,16.34063306624939,365
presprimary00,presprimary08,FL,-0.17425390037193642,0.255589894549433,primary,primary,00,08,2000,2007.5,15.307795170232671,365
presprimary00,presprimary08,IL,0.0141602188185443,0.08768692959280937,primary,primary,00,08,2000,2007.5,130.05596428004367,365
presprimary00,presprimary08,MI,-0.09350732696252331,0.08347499425985665,primary,primary,00,08,2000,2007.5,143.51166539322028,365
presprimary00,presprimary08,MO,-0.12306571509973079,0.1601832542677249,primary,primary,00,08,2000,2007.5,38.973173869440025,365
presprimary00,presprimary08,MT,-0.09856171845717897,0.5965290147936839,primary,primary,00,08,2000,2007.5,2.8101975792900995,365
presprimary00,presprimary08,NV,0.06565348970901938,0.15743551030698977,primary,primary,00,08,2000,2007.5,40.345454068222224,365
presprimary00,presprimary12,AR,0.3264838329545103,0.3099811270514068,primary,primary,00,12,2000,2011.5,10.407094402485606,365
presprimary00,presprimary12,CT,-0.1789541236613971,0.11862696793376222,primary,primary,00,12,2000,2011.5,71.0612986130075,365
presprimary00,presprimary12,FL,0.027771421000499716,0.15963717920090634,primary,primary,00,12,2000,2011.5,39.24026301564647,365
presprimary00,presprimary12,IL,-0.011519243413688427,0.06067184946189155,primary,primary,00,12,2000,2011.5,271.6598974944171,365
presprimary00,presprimary12,MI,-0.11654875660467653,0.05894907619762467,primary,primary,00,12,2000,2011.5,287.77031544607297,365
presprimary00,presprimary12,MO,-0.006415478279268928,0.05996440746420806,primary,primary,00,12,2000,2011.5,278.1076317738466,365
presprimary00,presprimary12,MT,-0.14458758920245232,0.6248943022013177,primary,primary,00,12,2000,2011.5,2.560866096067287,365
presprimary00,presprimary12,NV,0.27555702714568764,0.17239253574929975,primary,primary,00,12,2000,2011.5,33.64829666411033,365
presprimary00,primary02,AR,1.112298736105672,0.2543635033618758,primary,primary,00,02,2000,2001.5,15.45576138285703,365
presprimary00,primary02,CO,0.030121048124068534,0.0906025520339592,primary,primary,00,02,2000,2001.5,121.82015239216527,365
presprimary00,primary02,CT,0.0913476833163352,0.05815400154591779,primary,primary,00,02,2000,2001.5,295.69282921563973,365
presprimary00,primary02,FL,0.07596962003616174,0.1357328498906479,primary,primary,00,02,2000,2001.5,54.27877834967161,365
presprimary00,primary02,IL,0.02516859001360264,0.04754217277213207,primary,primary,00,02,2000,2001.5,442.42733134902926,365
presprimary00,primary02,MI,-0.24302158407184202,0.08575184955306875,primary,primary,00,02,2000,2001.5,135.99188951972707,365
presprimary00,primary02,MO,0.029713760449827823,0.09402223864941961,primary,primary,00,02,2000,2001.5,113.11985118896378,365
presprimary00,primary02,MT,-0.24849292406814355,0.24103421724781451,primary,primary,00,02,2000,2001.5,17.212446409341755,365
presprimary00,primary02,NV,0.512130397069413,0.15714802809899386,primary,primary,00,02,2000,2001.5,40.493202779243404,365
presprimary00,primary06,AR,0.4287735083622009,0.25936297945712894,primary,primary,00,06,2000,2005.5,14.865654226249436,365
presprimary00,primary06,CO,-0.06775753594655085,0.11191746157571686,primary,primary,00,06,2000,2005.5,79.83701620877771,365
presprimary00,primary06,CT,0.06509682026210623,0.2284063402282897,primary,primary,00,06,2000,2005.5,19.168304056758608,365
presprimary00,primary06,FL,-0.1429807500398715,0.5038902029089876,primary,primary,00,06,2000,2005.5,3.938475706889093,365
presprimary00,primary06,IL,-0.0240335142478099,0.04491686781053006,primary,primary,00,06,2000,2005.5,495.656803809664,365
presprimary00,primary06,MI,-0.11216506406663106,0.05789758290039298,primary,primary,00,06,2000,2005.5,298.31777659740555,365
presprimary00,primary06,MO,0.010346381787581314,0.07794737676516075,primary,primary,00,06,2000,2005.5,164.58755431111103,365
presprimary00,primary06,MT,0.07695957260456257,0.36627397090050196,primary,primary,00,06,2000,2005.5,7.45397421973516,365
presprimary00,primary06,NV,0.13472157649146904,0.19122348799865607,primary,primary,00,06,2000,2005.5,27.3474935581619,365
presprimary00,primary10,AR,-0.17818573958649314,0.3548117237760743,primary,primary,00,10,2000,2009.5,7.943356917666119,365
presprimary00,primary10,CT,-0.24087404303912022,0.2729087906252288,primary,primary,00,10,2000,2009.5,13.426565975204129,365
presprimary00,primary10,FL,0.04119917216288007,0.15761522799432756,primary,primary,00,10,2000,2009.5,40.253500289325444,365
presprimary00,primary10,IL,-0.07310492916943175,0.056545263348829256,primary,primary,00,10,2000,2009.5,312.757359509631,365
presprimary00,primary10,MI,-0.08593825820736797,0.0766404456927236,primary,primary,00,10,2000,2009.5,170.24875970450557,365
presprimary00,primary10,MO,-0.07617991178994284,0.12146534782190331,primary,primary,00,10,2000,2009.5,67.77900728812253,365
presprimary00,primary10,MT,-0.13911122587816308,0.506045944193854,primary,primary,00,10,2000,2009.5,3.9049915915188005,365
presprimary00,primary10,NV,0.18775518283611595,0.22865831420562877,primary,primary,00,10,2000,2009.5,19.126081646212665,365
presprimary04,04,AR,-2.29530426835139,1.1210811855205416,primary,general,04,04,2004,2004,0.7956569703800869,365
presprimary04,04,CT,-5.840827384096935,3.230676007546968,primary,general,04,04,2004,2004,0.09581051777033646,365
presprimary04,04,FL,-4.394244715205689,0.8579492011267373,primary,general,04,04,2004,2004,1.3585538314953203,365
presprimary04,04,IL,-0.004973668273507475,0.1820580114734641,primary,general,04,04,2004,2004,30.17035430337614,365
presprimary04,04,MO,0.10735628682807835,0.636715444025474,primary,general,04,04,2004,2004,2.4666596619385506,365
presprimary04,04,MT,-0.6867050060752291,0.5030575768706969,primary,general,04,04,2004,2004,3.9515238802672323,365
presprimary04,04,NJ,-4.369526795940782,0.8680156682325549,primary,general,04,04,2004,2004,1.3272259697848203,365
presprimary04,04,NV,3.28280745134607,0.34089158404053477,primary,general,04,04,2004,2004,8.605328248873786,365
presprimary04,04,PA,-0.33641582492278554,0.34735067701833433,primary,general,04,04,2004,2004,8.288266380452308,365
presprimary04,06,AR,0.11121907867899392,0.33297303069733614,primary,general,04,06,2004,2006,9.019487933640905,365
presprimary04,06,CT,-1.0598104697995345,0.5110956244181393,primary,general,04,06,2004,2006,3.828209302053083,365
presprimary04,06,FL,-0.3961476988382519,0.36539766321410955,primary,general,04,06,2004,2006,7.489769782492289,365
presprimary04,06,IL,-0.011891487867049038,0.03465257149614254,primary,general,04,06,2004,2006,832.7776546045912,365
presprimary04,06,MO,0.053801163486744685,0.17169543911780952,primary,general,04,06,2004,2006,33.92208065267518,365
presprimary04,06,MT,0.13868991592073418,0.2723070796827089,primary,general,04,06,2004,2006,13.485968305643361,365
presprimary04,06,NJ,-0.21322412812344146,0.18888351443805446,primary,general,04,06,2004,2006,28.029276670825038,365
presprimary04,06,NV,0.3804269197163291,0.13883463672652568,primary,general,04,06,2004,2006,51.88052276388314,365
presprimary04,06,PA,-0.07132150038378089,0.15536296241428615,primary,general,04,06,2004,2006,41.42905362640793,365
presprimary04,08,AR,0.07222150244378418,0.6138592249590388,primary,general,04,08,2004,2008,2.6537647836363027,365
presprimary04,08,CT,-2.990339997139559,1.2492456677003765,primary,general,04,08,2004,2008,0.6407731360461948,365
presprimary04,08,FL,-0.4608212321811832,0.35504389966783767,primary,general,04,08,2004,2008,7.932971424687702,365
presprimary04,08,IL,-0.1534962801918636,0.07540735895331982,primary,general,04,08,2004,2008,175.86221511304828,365
presprimary04,08,MO,-0.017446714921060664,0.2367676621897108,primary,general,04,08,2004,2008,17.838372474690598,365
presprimary04,08,MT,0.0983391384564264,0.42399561671474906,primary,general,04,08,2004,2008,5.562592760960575,365
presprimary04,08,NJ,0.2563701411788924,0.49723081084417375,primary,general,04,08,2004,2008,4.044677847163465,365
presprimary04,08,NV,0.37605401763003765,0.2390110601843473,primary,general,04,08,2004,2008,17.50507611176894,365
presprimary04,08,PA,0.2734661808018491,0.3666694382843019,primary,general,04,08,2004,2008,7.437904082903588,365
presprimary04,10,AR,0.14702284449901454,0.37526514563049884,primary,general,04,10,2004,2010,7.101065872628621,365
presprimary04,10,CT,-1.0406359836541086,0.556983467963406,primary,general,04,10,2004,2010,3.223408822062461,365
presprimary04,10,FL,-0.06260053657317183,0.19466495918361623,primary,general,04,10,2004,2010,26.389091192601843,365
presprimary04,10,IL,-0.13533412448438634,0.0438595559098837,primary,general,04,10,2004,2010,519.8422095918002,365
presprimary04,10,MO,-0.09400356262696855,0.1349376908294283,primary,general,04,10,2004,2010,54.92036972841597,365
presprimary04,10,MT,0.09731113228426143,0.2425590648636782,primary,general,04,10,2004,2010,16.99671455023486,365
presprimary04,10,NJ,-0.22140007570456155,0.22786253127623024,primary,general,04,10,2004,2010,19.259906076099917,365
presprimary04,10,NV,-0.01870780648938096,0.18909950522319313,primary,general,04,10,2004,2010,27.965282764867727,365
presprimary04,10,PA,-0.05690549433428194,0.17637111215953216,primary,general,04,10,2004,2010,32.14734366752766,365
presprimary04,12,AR,0.3398705488625287,0.6127359591655835,primary,general,04,12,2004,2012,2.6635034498071146,365
presprimary04,12,CT,-1.5839795529402823,1.003770372904997,primary,general,04,12,2004,2012,0.992501687937276,365
presprimary04,12,FL,-0.1000044821896702,0.4003748492220016,primary,general,04,12,2004,2012,6.238302407504874,365
presprimary04,12,IL,-0.21966563436562536,0.09188500217480845,primary,general,04,12,2004,2012,118.44336576896787,365
presprimary04,12,MO,-0.13093592292754008,0.23762039097376703,primary,general,04,12,2004,2012,17.71057199555302,365
presprimary04,12,MT,0.16786627709343463,0.39973255041713873,primary,general,04,12,2004,2012,6.258366189280934,365
presprimary04,12,NJ,-0.02567881507702949,0.46345816581878285,primary,general,04,12,2004,2012,4.655634983613032,365
presprimary04,12,NV,0.2692870635043492,0.2783831325233029,primary,general,04,12,2004,2012,12.903697253688929,365
presprimary04,12,PA,0.08019369407050525,0.3817828584988057,primary,general,04,12,2004,2012,6.86067978250787,365
presprimary04,presprimary08,AR,-0.0021437081943912967,0.16276330854290214,primary,primary,04,08,2004,2007.5,37.747394620253544,365
presprimary04,presprimary08,FL,-0.1957331527308369,0.12828739293107835,primary,primary,04,08,2004,2007.5,60.7619973049512,365
presprimary04,presprimary08,IL,-0.1499391679493368,0.03323803194310022,primary,primary,04,08,2004,2007.5,905.1684296294333,365
presprimary04,presprimary08,MO,5.101916501472222e-4,0.09587049344280346,primary,primary,04,08,2004,2007.5,108.80029543515062,365
presprimary04,presprimary08,MT,0.08119277223218005,0.2122019796587146,primary,primary,04,08,2004,2007.5,22.207575008323023,365
presprimary04,presprimary08,NV,0.06461834884348401,0.05794226289312506,primary,primary,04,08,2004,2007.5,297.8578809561206,365
presprimary04,presprimary08,PA,0.07645389268560107,0.171372799090885,primary,primary,04,08,2004,2007.5,34.04992968915146,365
presprimary04,presprimary12,AR,0.05208833417396242,0.18594372609773205,primary,primary,04,12,2004,2011.5,28.922574009704995,365
presprimary04,presprimary12,CT,0.014782423730010269,0.07974567743174524,primary,primary,04,12,2004,2011.5,157.2482049947899,365
presprimary04,presprimary12,FL,-0.04921015465173876,0.08019480992993971,primary,primary,04,12,2004,2011.5,155.491794321223,365
presprimary04,presprimary12,IL,-0.014511783112404059,0.025093322027755716,primary,primary,04,12,2004,2011.5,1588.1213342213518,365
presprimary04,presprimary12,MO,-0.07056644931018743,0.044395199459747,primary,primary,04,12,2004,2011.5,507.3737296216701,365
presprimary04,presprimary12,MT,0.040010160461441506,0.19949212546269873,primary,primary,04,12,2004,2011.5,25.127453908054576,365
presprimary04,presprimary12,NJ,-0.1339403842464566,0.09777805147713257,primary,primary,04,12,2004,2011.5,104.59652186445847,365
presprimary04,presprimary12,NV,0.0026009283619218347,0.05300238951967345,primary,primary,04,12,2004,2011.5,355.96647758774117,365
presprimary04,presprimary12,PA,0.014964856329121624,0.06218829588573281,primary,primary,04,12,2004,2011.5,258.5727102513286,365
presprimary04,primary06,AR,0.1863777762811624,0.1770268555081336,primary,primary,04,06,2004,2005.5,31.909624213319727,365
presprimary04,primary06,CT,-0.25628451533255653,0.21253932780585982,primary,primary,04,06,2004,2005.5,22.13713403292932,365
presprimary04,primary06,FL,-0.6544371056385561,0.3901197223971687,primary,primary,04,06,2004,2005.5,6.570587255649571,365
presprimary04,primary06,IL,0.030451615036316094,0.024316533266474608,primary,primary,04,06,2004,2005.5,1691.2066670472097,365
presprimary04,primary06,MO,9.02101405160415e-5,0.05495157332620938,primary,primary,04,06,2004,2005.5,331.16142097547686,365
presprimary04,primary06,MT,0.12217686015186972,0.1508321332245251,primary,primary,04,06,2004,2005.5,43.95540169891774,365
presprimary04,primary06,NJ,-0.03863037208685117,0.07486739968358538,primary,primary,04,06,2004,2005.5,178.4080725527859,365
presprimary04,primary06,NV,0.15088341515527368,0.07274451932101156,primary,primary,04,06,2004,2005.5,188.97286307256022,365
presprimary04,primary06,PA,0.046825004796581686,0.05007391888795997,primary,primary,04,06,2004,2005.5,398.8199153533061,365
presprimary04,primary10,AR,-0.08108801357686746,0.22202457032643588,primary,primary,04,10,2004,2009.5,20.28607017390339,365
presprimary04,primary10,CT,-0.23661387131852085,0.19637210213095055,primary,primary,04,10,2004,2009.5,25.932263245954182,365
presprimary04,primary10,FL,-0.10756232522543867,0.0868672246910659,primary,primary,04,10,2004,2009.5,132.52203826488525,365
presprimary04,primary10,IL,-0.053832430729023016,0.022591994325485285,primary,primary,04,10,2004,2009.5,1959.2545293150708,365
presprimary04,primary10,MO,-0.08496493969975738,0.07556601822862105,primary,primary,04,10,2004,2009.5,175.12450574587686,365
presprimary04,primary10,MT,-0.02487567597065525,0.16070524053818444,primary,primary,04,10,2004,2009.5,38.72040771401415,365
presprimary04,primary10,NJ,-0.024083971687155013,0.06995952431778488,primary,primary,04,10,2004,2009.5,204.31784731964112,365
presprimary04,primary10,NV,7.491043046908666e-4,0.06957917445004982,primary,primary,04,10,2004,2009.5,206.55773220625215,365
presprimary04,primary10,PA,0.03751272478363447,0.06495474112217699,primary,primary,04,10,2004,2009.5,237.01634003991776,365
presprimary08,08,AR,-2.9931560049607357,1.5267584874883382,primary,general,08,08,2008,2008,0.4290019972010013,365
presprimary08,08,FL,-1.728297147896934,0.19301534627284514,primary,general,08,08,2008,2008,26.842089458279318,365
presprimary08,08,IL,-0.29149728786859835,0.10101025765206921,primary,general,08,08,2008,2008,98.00969602161688,365
presprimary08,08,KY,0.5714078964143177,0.15973464767961393,primary,general,08,08,2008,2008,39.1923895967931,365
presprimary08,08,MO,-0.5073369289255252,0.1908014627909906,primary,general,08,08,2008,2008,27.468604742072273,365
presprimary08,08,MT,-0.6210996078340872,0.1893395073245455,primary,general,08,08,2008,2008,27.894431489151582,365
presprimary08,08,NV,2.955191499365397,0.6315079708498796,primary,general,08,08,2008,2008,2.507507997705076,365
presprimary08,08,OR,-0.5422395753281278,0.11174853375348502,primary,general,08,08,2008,2008,80.07857440374275,365
presprimary08,08,PA,-0.4676839274808701,0.10427825719792247,primary,general,08,08,2008,2008,91.96286052015736,365
presprimary08,08,RI,-1.0874359991565525,0.2862413904049607,primary,general,08,08,2008,2008,12.20492554561313,365
presprimary08,10,AR,-0.6508909153379288,0.40693718393276307,primary,general,08,10,2008,2010,6.0387249542079005,365
presprimary08,10,FL,-0.08354945307750541,0.04012965809282365,primary,general,08,10,2008,2010,620.9678004476103,365
presprimary08,10,IL,-0.02001558027334279,0.022543508803399587,primary,general,08,10,2008,2010,1967.6913379319997,365
presprimary08,10,KY,-0.032878214170900665,0.0784596474678686,primary,general,08,10,2008,2010,162.4453540932386,365
presprimary08,10,MO,-0.08683815658837918,0.04323131131642554,primary,general,08,10,2008,2010,535.0608584621502,365
presprimary08,10,MT,-0.08949101813346455,0.07489824742051979,primary,general,08,10,2008,2010,178.26114382906968,365
presprimary08,10,NV,0.6188824488506118,0.2492527470243461,primary,general,08,10,2008,2010,16.096078937597685,365
presprimary08,10,OR,-0.049440149465093924,0.043810776246596156,primary,general,08,10,2008,2010,521.0004563512954,365
presprimary08,10,PA,-0.08912219670204909,0.02714389718196601,primary,general,08,10,2008,2010,1357.2367071258686,365
presprimary08,10,RI,-0.24504378532623164,0.07541077702649811,primary,general,08,10,2008,2010,175.8462731927742,365
presprimary08,12,AR,-0.6730007499628132,0.7200288563198498,primary,general,08,12,2008,2012,1.9288577322039098,365
presprimary08,12,FL,-0.19556571684131094,0.08211768376477487,primary,general,08,12,2008,2012,148.29503741690144,365
presprimary08,12,IL,-0.07311665035567887,0.045860834814205415,primary,general,08,12,2008,2012,475.4623011806461,365
presprimary08,12,KY,0.12169131715809658,0.11712259540823072,primary,general,08,12,2008,2012,72.89850545735422,365
presprimary08,12,MO,-0.2597711674062675,0.0878274423503438,primary,general,08,12,2008,2012,129.6401511075676,365
presprimary08,12,MT,0.09035091825375051,0.11212231595926844,primary,general,08,12,2008,2012,79.54554841599003,365
presprimary08,12,NV,0.8981514191435845,0.39481234304638374,primary,general,08,12,2008,2012,6.415323437431146,365
presprimary08,12,OR,-0.007554650894371563,0.06527016620888076,primary,general,08,12,2008,2012,234.73106151523442,365
presprimary08,12,PA,-0.10400139729349729,0.05740557545553946,primary,general,08,12,2008,2012,303.45328993840985,365
presprimary08,12,RI,-0.2545894495551999,0.1352415564289345,primary,general,08,12,2008,2012,54.673852852223646,365
presprimary08,presprimary12,AR,-0.06396268027619759,0.17866257699370436,primary,primary,08,12,2008,2011.5,31.328010252276638,365
presprimary08,presprimary12,FL,-0.011093770495580451,0.016896873283341298,primary,primary,08,12,2008,2011.5,3502.5738887106595,365
presprimary08,presprimary12,IL,-0.012732396125262798,0.01151483613754309,primary,primary,08,12,2008,2011.5,7541.964360356612,365
presprimary08,presprimary12,KY,-0.005478133183660036,0.033710025721271845,primary,primary,08,12,2008,2011.5,879.9982980539415,365
presprimary08,presprimary12,MI,0.08658038641628396,0.45912778860177456,primary,primary,08,12,2008,2011.5,4.743870682997941,365
presprimary08,presprimary12,MO,0.0021812574270509088,0.011800881835018588,primary,primary,08,12,2008,2011.5,7180.770993898129,365
presprimary08,presprimary12,MT,0.033927068865121514,0.058707844412202774,primary,primary,08,12,2008,2011.5,290.1400829097563,365
presprimary08,presprimary12,NV,-0.060032015060262525,0.0740926659053676,primary,primary,08,12,2008,2011.5,182.1585486776155,365
presprimary08,presprimary12,OR,-0.007314914195071975,0.022468369361034943,primary,primary,08,12,2008,2011.5,1980.8741774975897,365
presprimary08,presprimary12,PA,-0.015595391886810623,0.008697498006126892,primary,primary,08,12,2008,2011.5,13219.387227067644,365
presprimary08,presprimary12,RI,0.017170408059722923,0.016101098829516478,primary,primary,08,12,2008,2011.5,3857.3493052427675,365
presprimary08,primary10,AR,-0.09659366032922398,0.2270202823502542,primary,primary,08,10,2008,2009.5,19.403080300917864,365
presprimary08,primary10,FL,-0.009461542602322017,0.017836351829047702,primary,primary,08,10,2008,2009.5,3143.315247586877,365
presprimary08,primary10,IL,-0.003931929544652281,0.011074523418187522,primary,primary,08,10,2008,2009.5,8153.6095062195145,365
presprimary08,primary10,KY,0.054687462616130854,0.06813072576898763,primary,primary,08,10,2008,2009.5,215.43386319013692,365
presprimary08,primary10,MI,-1.7727394216648837,1.0650920047181442,primary,primary,08,10,2008,2009.5,0.8815069704629979,365
presprimary08,primary10,MO,-0.05382115387161539,0.02457598425447306,primary,primary,08,10,2008,2009.5,1655.6866986478271,365
presprimary08,primary10,MT,-0.026692057513967995,0.05353413672537539,primary,primary,08,10,2008,2009.5,348.9300658900908,365
presprimary08,primary10,NV,0.0420391264888637,0.10034267451818946,primary,primary,08,10,2008,2009.5,99.31815771151007,365
presprimary08,primary10,OR,0.0015709553066133395,0.02531500787647632,primary,primary,08,10,2008,2009.5,1560.428473207376,365
presprimary08,primary10,PA,-0.02373494306777751,0.011311703762857964,primary,primary,08,10,2008,2009.5,7815.269412845578,365
presprimary08,primary10,RI,-0.03948254607899596,0.040408378529887566,primary,primary,08,10,2008,2009.5,612.4309812077594,365
presprimary12,12,AR,-0.9673041030955921,0.58776587266643,primary,general,12,12,2012,2012,2.8946180623788713,365
presprimary12,12,CT,8.311101905458598,2.981820554407294,primary,general,12,12,2012,2012,0.1124700768184577,365
presprimary12,12,FL,-2.949611979977888,0.45184201479054104,primary,general,12,12,2012,2012,4.898090180676882,365
presprimary12,12,IL,-0.8789413146160656,0.24584158065860348,primary,general,12,12,2012,2012,16.545859067504928,365
presprimary12,12,KY,-1.6563849052227522,0.8248128575045512,primary,general,12,12,2012,2012,1.469904621769509,365
presprimary12,12,MO,-4.056468890498861,1.0121332882498828,primary,general,12,12,2012,2012,0.9761680354696798,365
presprimary12,12,MT,-1.1468621301323438,0.26255809801646257,primary,general,12,12,2012,2012,14.506049819253601,365
presprimary12,12,NJ,-5.034878124908769,0.6805383141951327,primary,general,12,12,2012,2012,2.1592097773521868,365
presprimary12,12,NV,-0.6910717888009746,0.6744006453094579,primary,general,12,12,2012,2012,2.1986902251358242,365
presprimary12,12,OR,-1.7269735146713245,0.26538445805129846,primary,general,12,12,2012,2012,14.19871458798899,365
presprimary12,12,PA,-0.8272384909050536,0.4742644722848603,primary,general,12,12,2012,2012,4.445891045081229,365
presprimary12,12,RI,7.78178494075324,5.132403863973374,primary,general,12,12,2012,2012,0.03796281018584859,365
primary02,02,AR,8.94036660770472,1.3758602172327168,primary,general,02,02,2002,2002,0.5282644353738488,365
primary02,02,CO,3.3032543996110504,0.5701832671464386,primary,general,02,02,2002,2002,3.075891866346192,365
primary02,02,CT,13.517597400124933,5.184734718084159,primary,general,02,02,2002,2002,0.03720034088885968,365
primary02,02,FL,1.1930013609529828,0.13501915074184603,primary,general,02,02,2002,2002,54.854120475450685,365
primary02,02,IL,0.08031642903518603,0.063813986040526,primary,general,02,02,2002,2002,245.56601012514113,365
primary02,02,MI,1.2196714605317225,0.14551483897802203,primary,general,02,02,2002,2002,47.22646444859011,365
primary02,02,MO,-0.03786713764629309,0.18140912933970327,primary,general,02,02,2002,2002,30.38657292953787,365
primary02,02,MT,-0.6006574905384462,0.6176851483333676,primary,general,02,02,2002,2002,2.6209919162892885,365
primary02,02,NV,2.690001075590825,0.3226239314358914,primary,general,02,02,2002,2002,9.607421436214679,365
primary02,02,OK,2.4045773481736625,0.3443928740025251,primary,general,02,02,2002,2002,8.431244556875086,365
primary02,04,AR,1.659528625977999,1.8867921731903303,primary,general,02,04,2002,2004,0.2809000832639049,365
primary02,04,CO,-1.8703659032324875,0.7951976902933515,primary,general,02,04,2002,2004,1.581429296899763,365
primary02,04,CT,11.954134918977214,9.666476053311435,primary,general,02,04,2002,2004,0.010701967830810602,365
primary02,04,FL,-0.4293890123989738,0.17342026753906606,primary,general,02,04,2002,2004,33.25066199813871,365
primary02,04,IL,-0.1943170136259763,0.07185059872536324,primary,general,02,04,2002,2004,193.70428015673463,365
primary02,04,MO,-0.41708466803532135,0.27133424580728827,primary,general,02,04,2002,2004,13.582846059491938,365
primary02,04,MT,-0.7495167691067822,0.6287447432269406,primary,general,02,04,2002,2004,2.5295965827123505,365
primary02,04,NV,-0.3161319404161363,0.537211668250047,primary,general,02,04,2002,2004,3.4650469701449804,365
primary02,04,OK,-0.5123054212372651,0.7204410390096774,primary,general,02,04,2002,2004,1.9266512661824506,365
primary02,06,AR,-0.03608413958188544,1.302132888936707,primary,general,02,06,2002,2006,0.5897791066895504,365
primary02,06,CO,-0.29106312188355604,0.5576617357182506,primary,general,02,06,2002,2006,3.2155725136434374,365
primary02,06,CT,9.029429293015308,5.742924370131261,primary,general,02,06,2002,2006,0.030320321779443164,365
primary02,06,FL,-0.07553498523457107,0.1744184531494444,primary,general,02,06,2002,2006,32.87116821552743,365
primary02,06,IL,-0.10451829742436679,0.04478511611432277,primary,general,02,06,2002,2006,498.5774027713772,365
primary02,06,MO,-0.15665577506831233,0.20132869988232735,primary,general,02,06,2002,2006,24.671106155518448,365
primary02,06,MT,-0.5217230395138236,0.6264773409099835,primary,general,02,06,2002,2006,2.547940398831853,365
primary02,06,NV,0.4925142351780668,0.3389302381666392,primary,general,02,06,2002,2006,8.70521228772809,365
primary02,06,OK,0.1584256385170273,0.4118348697429465,primary,general,02,06,2002,2006,5.89594969703204,365
primary02,08,AR,2.0011469806988873,2.3341379724628104,primary,general,02,08,2002,2008,0.18354685700361234,365
primary02,08,CO,-1.5789268374697656,1.0189657981613167,primary,general,02,08,2002,2008,0.9631208525942263,365
primary02,08,CT,11.511263663661769,11.692070866395504,primary,general,02,08,2002,2008,0.007315047019847098,365
primary02,08,FL,-0.5848735233288497,0.21573874227427894,primary,general,02,08,2002,2008,21.485413429520346,365
primary02,08,IL,-0.17674333048839255,0.09119484357203898,primary,general,02,08,2002,2008,120.2428979531577,365
primary02,08,MO,-0.7974914646255052,0.3102826636203671,primary,general,02,08,2002,2008,10.386876742430177,365
primary02,08,MT,-0.760027518630546,0.8626951240117484,primary,general,02,08,2002,2008,1.3436473910767943,365
primary02,08,NV,-0.9451638829731622,0.710220807775451,primary,general,02,08,2002,2008,1.9825000918532394,365
primary02,08,OK,0.4365341853867333,0.8918926750098891,primary,general,02,08,2002,2008,1.2571144131550396,365
primary02,10,AR,0.3480019831107701,1.4106135826131851,primary,general,02,10,2002,2010,0.5025553230865832,365
primary02,10,CT,5.137514466848174,6.7298346488183185,primary,general,02,10,2002,2010,0.022079600563209602,365
primary02,10,FL,-0.14217722349662312,0.12131164640848252,primary,general,02,10,2002,2010,67.95086760230537,365
primary02,10,IL,-0.20863591232835357,0.06928592483176403,primary,general,02,10,2002,2010,208.30992538241614,365
primary02,10,MO,-0.21092273306495934,0.18823472437625052,primary,general,02,10,2002,2010,28.222827096691265,365
primary02,10,MT,-1.010022000063281,0.5960271525898263,primary,general,02,10,2002,2010,2.8149320136282805,365
primary02,10,NV,0.33376100147623344,0.5015038404178612,primary,general,02,10,2002,2010,3.976046673346479,365
primary02,10,OK,-0.17947426895806953,0.6138330241142733,primary,general,02,10,2002,2010,2.6539913350284117,365
primary02,12,AR,1.1925375650704844,2.45211465493538,primary,general,02,12,2002,2012,0.16631003472809566,365
primary02,12,CT,24.36608202811665,13.133041236504162,primary,general,02,12,2002,2012,0.005797882159493828,365
primary02,12,FL,-0.5875213134741153,0.2372373113577644,primary,general,02,12,2002,2012,17.767814566490497,365
primary02,12,IL,-0.27596796530755474,0.11114575655645859,primary,general,02,12,2002,2012,80.949510556505345,365
primary02,12,MO,-0.7705637479754547,0.3217574913369237,primary,general,02,12,2002,2012,9.659233520350826,365
primary02,12,MT,-2.336035099303149,0.938936794140968,primary,general,02,12,2002,2012,1.1342983067906918,365
primary02,12,NV,0.010933090335357196,0.8563705688931991,primary,general,02,12,2002,2012,1.3635671602481103,365
primary02,12,OK,0.3041562042265391,0.9413039293183174,primary,general,02,12,2002,2012,1.128600548067243,365
primary02,presprimary04,AR,-0.892261821251454,0.7108876885433253,primary,primary,02,04,2002,2003.5,1.9787822864087021,365
primary02,presprimary04,CT,1.3162948133700076,1.150705011309917,primary,primary,02,04,2002,2003.5,0.7552174063941252,365
primary02,presprimary04,FL,-0.0239131240877418,0.0284338758087022,primary,primary,02,04,2002,2003.5,1236.8808783955776,365
primary02,presprimary04,IL,0.04580536209941581,0.029888751943216253,primary,primary,02,04,2002,2003.5,1119.3977731212792,365
primary02,presprimary04,MO,0.13723497803293674,0.06219614872762533,primary,primary,02,04,2002,2003.5,258.5074199571165,365
primary02,presprimary04,MT,0.20970520504082693,0.2319823217155746,primary,primary,02,04,2002,2003.5,18.581904288505676,365
primary02,presprimary04,NV,-0.03182910893616051,0.18946800447640003,primary,primary,02,04,2002,2003.5,27.85660832682356,365
primary02,presprimary08,AR,-0.618889798866497,0.6501525063167481,primary,primary,02,08,2002,2007.5,2.36575364470956,365
primary02,presprimary08,FL,-0.0035517432786205216,0.07858899303928496,primary,primary,02,08,2002,2007.5,161.9110732634871,365
primary02,presprimary08,IL,-0.1314456823190633,0.04714964121508131,primary,primary,02,08,2002,2007.5,449.8246133742927,365
primary02,presprimary08,MI,0.2261301660345902,0.0629804354430694,primary,primary,02,08,2002,2007.5,252.1091928663177,365
primary02,presprimary08,MO,-0.13981780799529592,0.13779417389875287,primary,primary,02,08,2002,2007.5,52.66696460457235,365
primary02,presprimary08,MT,0.522897538131454,0.4575602148450998,primary,primary,02,08,2002,2007.5,4.776430792986755,365
primary02,presprimary08,NV,0.16560332561254204,0.1450097134513266,primary,primary,02,08,2002,2007.5,47.55605397491162,365
primary02,presprimary12,AR,-0.026765375442110176,0.806031767987028,primary,primary,02,12,2002,2011.5,1.5392022238735286,365
primary02,presprimary12,CT,-0.9458270484068171,1.057035589299464,primary,primary,02,12,2002,2011.5,0.8949953530446236,365
primary02,presprimary12,FL,-0.01423520133154526,0.04966648528549725,primary,primary,02,12,2002,2011.5,405.39010566269405,365
primary02,presprimary12,IL,-0.06992766116766405,0.03282188133410451,primary,primary,02,12,2002,2011.5,928.2673132127113,365
primary02,presprimary12,MI,0.09030960369499946,0.04681268787437192,primary,primary,02,12,2002,2011.5,456.3235095542761,365
primary02,presprimary12,MO,-0.04802580650812025,0.05518031619235089,primary,primary,02,12,2002,2011.5,328.4215379807406,365
primary02,presprimary12,MT,-0.5884995039527,0.46008993317150837,primary,primary,02,12,2002,2011.5,4.7240505711237555,365
primary02,presprimary12,NV,0.22643043929076026,0.15406162930771095,primary,primary,02,12,2002,2011.5,42.13189827884096,365
primary02,primary06,AR,-0.12478010504556139,0.7520879920665141,primary,primary,02,06,2002,2005.5,1.7679203323312094,365
primary02,primary06,CO,-0.17004399853734267,0.14522454898914638,primary,primary,02,06,2002,2005.5,47.415455521996556,365
primary02,primary06,CT,1.215237603429001,2.1402678869720404,primary,primary,02,06,2002,2005.5,0.2183050234402047,365
primary02,primary06,FL,-0.17984144396840687,0.1742885173731193,primary,primary,02,06,2002,2005.5,32.92019878780021,365
primary02,primary06,IL,-0.06406457380507107,0.026244023280800215,primary,primary,02,06,2002,2005.5,1451.9082443898274,365
primary02,primary06,MI,0.17782280415610233,0.05065574851778326,primary,primary,02,06,2002,2005.5,389.7108756136965,365
primary02,primary06,MO,-0.026922796319743404,0.07619278064638574,primary,primary,02,06,2002,2005.5,172.2552047861463,365
primary02,primary06,MT,0.0010217373558307882,0.2964157639806843,primary,primary,02,06,2002,2005.5,11.381445074190198,365
primary02,primary06,NV,0.11763811790890719,0.19365692879447485,primary,primary,02,06,2002,2005.5,26.664529188156145,365
primary02,primary06,OK,-0.11937239277362142,0.2333594717892274,primary,primary,02,06,2002,2005.5,18.36323253796167,365
primary02,primary10,AR,0.0871144127868365,0.9000421495360017,primary,primary,02,10,2002,2009.5,1.2344522727703313,365
primary02,primary10,CT,-0.7422077008510344,2.1267649209103525,primary,primary,02,10,2002,2009.5,0.22108588847000613,365
primary02,primary10,FL,-0.010821943247079734,0.05075772906610648,primary,primary,02,10,2002,2009.5,388.1464634737831,365
primary02,primary10,IL,-0.05314074368607636,0.034016989786296935,primary,primary,02,10,2002,2009.5,864.1880185175922,365
primary02,primary10,MI,0.28159923424659605,0.058316694770349085,primary,primary,02,10,2002,2009.5,294.04526963722105,365
primary02,primary10,MO,0.012680057232607091,0.09343624804542718,primary,primary,02,10,2002,2009.5,114.54317528729351,365
primary02,primary10,MT,-0.331679161193717,0.33165795721804237,primary,primary,02,10,2002,2009.5,9.091156983119308,365
primary02,primary10,NV,0.1849852305555295,0.19847009217902145,primary,primary,02,10,2002,2009.5,25.386910807476056,365
primary02,primary10,OK,-0.30977207947771573,0.3105095118279368,primary,primary,02,10,2002,2009.5,10.371705653728688,365
primary06,06,AR,8.408500855948406,1.4775144173296695,primary,general,06,06,2006,2006,0.4580749525759549,365
primary06,06,CO,2.4351964474227374,0.7657843581667194,primary,general,06,06,2006,2006,1.705245913721516,365
primary06,06,CT,0.39130143108997,0.2630676749883871,primary,general,06,06,2006,2006,14.449906170056682,365
primary06,06,FL,0.6222829583728247,0.05149070717473512,primary,general,06,06,2006,2006,377.1744685157186,365
primary06,06,IL,0.11158008837035881,0.09877205730920531,primary,general,06,06,2006,2006,102.5018728350863,365
primary06,06,MO,0.7105215559221553,0.283986203815099,primary,general,06,06,2006,2006,12.39953832711337,365
primary06,06,MT,-1.8932337995988062,0.5204207384647681,primary,general,06,06,2006,2006,3.692247548105209,365
primary06,06,NJ,-2.741287972648745,0.45953795627323635,primary,general,06,06,2006,2006,4.7354060328152565,365
primary06,06,NV,1.6071989292164328,0.20119025449420222,primary,general,06,06,2006,2006,24.705071777435386,365
primary06,06,OK,0.040514524028887,0.34971672647488417,primary,general,06,06,2006,2006,8.176495290915236,365
primary06,06,OR,-1.381278280420037,0.2772841237060805,primary,general,06,06,2006,2006,13.006186934225934,365
primary06,06,PA,-0.8372945288437251,0.24944848254094584,primary,general,06,06,2006,2006,16.0708285275048,365
primary06,08,AR,4.006408664347377,2.1730172147334534,primary,general,06,08,2006,2008,0.2117745006286482,365
primary06,08,CO,-1.0250647054618753,1.1914320411387682,primary,general,06,08,2006,2008,0.7044682901595543,365
primary06,08,CT,0.867228862609165,0.41526453270957187,primary,general,06,08,2006,2008,5.7989627607917456,365
primary06,08,FL,-0.05600479928054055,0.04142271718411888,primary,general,06,08,2006,2008,582.8044144124343,365
primary06,08,IL,-0.4009658568540773,0.10415371318176656,primary,general,06,08,2006,2008,92.18292510496856,365
primary06,08,MO,-0.05569503738499025,0.2452704496470388,primary,general,06,08,2006,2008,16.623005381651158,365
primary06,08,MT,-0.07318836076407594,0.42410786193163275,primary,general,06,08,2006,2008,5.559648737221111,365
primary06,08,NJ,-1.6691784786246782,0.7993966787601245,primary,general,06,08,2006,2008,1.564859392266666,365
primary06,08,NV,0.3246947472457484,0.3785453484723585,primary,general,06,08,2006,2008,6.9785335704999545,365
primary06,08,OK,-0.38757973341437507,0.601229515481807,primary,general,06,08,2006,2008,2.7664282730503724,365
primary06,08,OR,-0.3530683318285923,0.29052081663517426,primary,general,06,08,2006,2008,11.848012057059915,365
primary06,08,PA,-0.4857568243119955,0.470457852562332,primary,general,06,08,2006,2008,4.518128268271306,365
primary06,10,AR,1.8296113391613513,1.2224705288093924,primary,general,06,10,2006,2010,0.6691495712181227,365
primary06,10,CT,0.5397908271275786,0.24099247731938286,primary,general,06,10,2006,2010,17.218409321601477,365
primary06,10,FL,0.010580061032695886,0.02075175440447891,primary,general,06,10,2006,2010,2322.1504943338336,365
primary06,10,IL,-0.045020518594367676,0.07019115432731322,primary,general,06,10,2006,2010,202.97157918928303,365
primary06,10,MO,0.029023097459286707,0.13200957922139012,primary,general,06,10,2006,2010,57.38377387968277,365
primary06,10,MT,0.033100548560639556,0.27232257675010396,primary,general,06,10,2006,2010,13.484433456673948,365
primary06,10,NJ,-0.32829729434102844,0.37785031884961257,primary,general,06,10,2006,2010,7.004230245598496,365
primary06,10,NV,0.3804482055895757,0.23789173558981047,primary,general,06,10,2006,2010,17.67019289100016,365
primary06,10,OK,-0.05333124627959517,0.34056013456427653,primary,general,06,10,2006,2010,8.62208663728069,365
primary06,10,OR,-0.49116170113401375,0.2053220060546189,primary,general,06,10,2006,2010,23.720782008728914,365
primary06,10,PA,0.04872288102422928,0.20879197109612696,primary,general,06,10,2006,2010,22.938890669854644,365
primary06,12,AR,3.076007359109861,2.2586154948759707,primary,general,06,12,2006,2012,0.19602677433187213,365
primary06,12,CT,0.916821411403306,0.3715418842066127,primary,general,06,12,2006,2012,7.244100079138872,365
primary06,12,FL,-0.033005653688499476,0.04480816586099323,primary,general,06,12,2006,2012,498.06458878801584,365
primary06,12,IL,-0.061911629498994106,0.12283197191224556,primary,general,06,12,2006,2012,66.27918387094972,365
primary06,12,MO,-0.0070484393134323175,0.25280457040744553,primary,general,06,12,2006,2012,15.646966674101176,365
primary06,12,MT,-0.18222739032868898,0.44352156103382,primary,general,06,12,2006,2012,5.0835901049550465,365
primary06,12,NJ,-1.860718380998474,0.7739012187266128,primary,general,06,12,2006,2012,1.6696634444389513,365
primary06,12,NV,0.1268645908677205,0.4215844894964485,primary,general,06,12,2006,2012,5.626401902233644,365
primary06,12,OK,-0.021488070876809075,0.5935898841329998,primary,general,06,12,2006,2012,2.8380955823854674,365
primary06,12,OR,-0.538505483068919,0.31813548527837854,primary,general,06,12,2006,2012,9.880428341329969,365
primary06,12,PA,-0.611034582278042,0.4854073296438817,primary,general,06,12,2006,2012,4.2441169256250815,365
primary06,presprimary08,AR,1.4337406821399774,0.6289750045657124,primary,primary,06,08,2006,2007.5,2.527744802677827,365
primary06,presprimary08,FL,-0.005493825059670003,0.015020898748188955,primary,primary,06,08,2006,2007.5,4432.0858350131475,365
primary06,presprimary08,IL,0.10701745101268988,0.05593710249346759,primary,primary,06,08,2006,2007.5,319.59506687674406,365
primary06,presprimary08,MI,-0.4443061837678843,0.5709696728966547,primary,primary,06,08,2006,2007.5,3.0674247502413614,365
primary06,presprimary08,MO,0.33667550753496456,0.1051493145720046,primary,primary,06,08,2006,2007.5,90.44552998235403,365
primary06,presprimary08,MT,-0.11681178084921537,0.24800239903127744,primary,primary,06,08,2006,2007.5,16.258790538083638,365
primary06,presprimary08,NV,0.11543712938397739,0.08935638816764203,primary,primary,06,08,2006,2007.5,125.24165210254519,365
primary06,presprimary08,OR,-0.2616635675485768,0.16445736264941696,primary,primary,06,08,2006,2007.5,36.973737820412026,365
primary06,presprimary08,PA,0.10061857609901874,0.21185075688094837,primary,primary,06,08,2006,2007.5,22.28127096165929,365
primary06,presprimary12,AR,1.3900211898817907,0.6544404801478403,primary,primary,06,12,2006,2011.5,2.3348537944881844,365
primary06,presprimary12,CT,0.036644004779287996,0.03829121276370469,primary,primary,06,12,2006,2011.5,682.0272968520005,365
primary06,presprimary12,FL,-0.0015711870454724918,0.009529676257787363,primary,primary,06,12,2006,2011.5,11011.429584652433,365
primary06,presprimary12,IL,-0.042385664961012814,0.03443450390307343,primary,primary,06,12,2006,2011.5,843.3587185998648,365
primary06,presprimary12,MI,-0.18337212956938082,0.39205875605806456,primary,primary,06,12,2006,2011.5,6.505754708840272,365
primary06,presprimary12,MO,-0.025351310092767886,0.039550610255666904,primary,primary,06,12,2006,2011.5,639.283686579178,365
primary06,presprimary12,MT,0.09518822850478918,0.21507998644001172,primary,primary,06,12,2006,2011.5,21.61722780110122,365
primary06,presprimary12,NJ,-0.3621396055524891,0.16138802831619758,primary,primary,06,12,2006,2011.5,38.39347025905177,365
primary06,presprimary12,NV,0.0737899653990201,0.08111367207057821,primary,primary,06,12,2006,2011.5,151.98890099385585,365
primary06,presprimary12,OR,-0.21821398363394942,0.112105662294461,primary,primary,06,12,2006,2011.5,79.56918367703301,365
primary06,presprimary12,PA,0.11292457800801424,0.086037531555735,primary,primary,06,12,2006,2011.5,135.09028449975938,365
primary06,primary10,AR,1.1826331867595483,0.8628867435078853,primary,primary,06,10,2006,2009.5,1.343050695275893,365
primary06,primary10,CT,0.09697834784097649,0.08951106801306098,primary,primary,06,10,2006,2009.5,124.80917773736051,365
primary06,primary10,FL,1.0354297303313092e-4,0.00955338188287518,primary,primary,06,10,2006,2009.5,10956.850177473438,365
primary06,primary10,IL,-0.09260339282126615,0.029544710057081015,primary,primary,06,10,2006,2009.5,1145.619864264658,365
primary06,primary10,MI,0.44016492171029364,0.489634566629312,primary,primary,06,10,2006,2009.5,4.17115049984662,365
primary06,primary10,MO,-0.09004994826124345,0.07853703765720436,primary,primary,06,10,2006,2009.5,162.125365383801,365
primary06,primary10,MT,0.16491064210622478,0.18340093880832797,primary,primary,06,10,2006,2009.5,29.730135673556727,365
primary06,primary10,NJ,-0.14769764708124075,0.13254401260107998,primary,primary,06,10,2006,2009.5,56.921950286476424,365
primary06,primary10,NV,0.22046842327422478,0.1049067771521169,primary,primary,06,10,2006,2009.5,90.86422139294486,365
primary06,primary10,OK,-0.1347616746311292,0.1827694341519885,primary,primary,06,10,2006,2009.5,29.935937638074783,365
primary06,primary10,OR,-0.3335702274230454,0.11104751310954437,primary,primary,06,10,2006,2009.5,81.09280555903005,365
primary06,primary10,PA,-0.15177778628696129,0.08382138732752704,primary,primary,06,10,2006,2009.5,142.3279882679156,365
primary10,10,AR,3.4568065526191583,0.7784296395626699,primary,general,10,10,2010,2010,1.6502938163522431,365
primary10,10,CT,1.1532003953349652,0.2950426633247215,primary,general,10,10,2010,2010,11.487627921338898,365
primary10,10,FL,1.2711391318798997,0.1688882681128977,primary,general,10,10,2010,2010,35.05912199538966,365
primary10,10,IL,-0.5263768908092463,0.12945934837037798,primary,general,10,10,2010,2010,59.66685768799463,365
primary10,10,KY,0.1436101319756635,0.07748889958849657,primary,general,10,10,2010,2010,166.54094048525457,365
primary10,10,MO,0.03388724085383915,0.15760079774439334,primary,general,10,10,2010,2010,40.26087201168913,365
primary10,10,MT,-0.35704681877036065,0.23965563599432296,primary,general,10,10,2010,2010,17.411039726884642,365
primary10,10,NJ,-0.7987898728400783,0.2647487117151824,primary,general,10,10,2010,2010,14.26698777286866,365
primary10,10,NV,0.5627121835822376,0.3224295595686448,primary,general,10,10,2010,2010,9.619008310057128,365
primary10,10,OK,0.5821011257037911,0.3252596193981623,primary,general,10,10,2010,2010,9.452347971702608,365
primary10,10,OR,-0.7610199561315395,0.18517148309350095,primary,general,10,10,2010,2010,29.16431565130497,365
primary10,10,PA,-0.36943296277103593,0.14856390372460118,primary,general,10,10,2010,2010,45.307843825672265,365
primary10,10,RI,2.322393218177441,0.24310537984799063,primary,general,10,10,2010,2010,16.920409151893807,365
primary10,12,AR,1.573445989709809,1.0620150128021086,primary,general,10,12,2010,2012,0.8866223767670837,365
primary10,12,CT,0.8383772788474486,0.33004509630778844,primary,general,10,12,2010,2012,9.18022722734306,365
primary10,12,FL,-0.3173490542597946,0.222843270656022,primary,general,10,12,2010,2012,20.137286645770104,365
primary10,12,IL,-0.161082852942066,0.1699083260304128,primary,general,10,12,2010,2012,34.63942527047083,365
primary10,12,KY,-0.2069504915326479,0.09828720429815048,primary,general,10,12,2010,2012,103.51565532208929,365
primary10,12,MO,-0.20620428248279696,0.17536745884566157,primary,general,10,12,2010,2012,32.516364422457016,365
primary10,12,MT,-0.010210986860414667,0.2594657739593204,primary,general,10,12,2010,2012,14.853877683997156,365
primary10,12,NJ,0.30121127694596095,0.5339708016165474,primary,general,10,12,2010,2012,3.5072359207286676,365
primary10,12,NV,0.20809051551367952,0.3829198972177976,primary,general,10,12,2010,2012,6.819996199804896,365
primary10,12,OK,-0.08227444632279401,0.43441363526604015,primary,general,10,12,2010,2012,5.298990041765434,365
primary10,12,OR,-0.11204382161565594,0.17304187580516928,primary,general,10,12,2010,2012,33.3962398464043,365
primary10,12,PA,0.04536644496970566,0.37282933703032695,primary,general,10,12,2010,2012,7.194155865155811,365
primary10,12,RI,0.513315039633549,0.36911070652805117,primary,general,10,12,2010,2012,7.339842058603237,365
primary10,presprimary12,AR,0.79159542062931,0.3739572439760424,primary,primary,10,12,2010,2011.5,7.150824166069523,365
primary10,presprimary12,CT,-0.023750815536168476,0.03936372572126396,primary,primary,10,12,2010,2011.5,645.3682650636096,365
primary10,presprimary12,FL,0.053942212043655555,0.043247943312759565,primary,primary,10,12,2010,2011.5,534.6493975522543,365
primary10,presprimary12,IL,-0.015926173736309307,0.05408154191965636,primary,primary,10,12,2010,2011.5,341.9021796216971,365
primary10,presprimary12,KY,-0.028018401892713034,0.029257349485359577,primary,primary,10,12,2010,2011.5,1168.2345362548886,365
primary10,presprimary12,MO,0.03161606057589109,0.02602345294484989,primary,primary,10,12,2010,2011.5,1476.6248008807488,365
primary10,presprimary12,MT,0.09069919518221291,0.13649356941722615,primary,primary,10,12,2010,2011.5,53.675440574897735,365
primary10,presprimary12,NJ,0.0839001236938617,0.1484707793655512,primary,primary,10,12,2010,2011.5,45.364697937234666,365
primary10,presprimary12,NV,0.19093513430310985,0.08589773712684529,primary,primary,10,12,2010,2011.5,135.53034815940302,365
primary10,presprimary12,OR,-0.026646533037807115,0.06634327283406827,primary,primary,10,12,2010,2011.5,227.19889535982207,365
primary10,presprimary12,PA,0.0145932519703031,0.05870181338708147,primary,primary,10,12,2010,2011.5,290.199703964615,365
primary10,presprimary12,RI,0.005120262630596841,0.052642199525303315,primary,primary,10,12,2010,2011.5,360.8543509993537,365
primary94,00,CO,0.6855886675840022,1.0534136578642115,primary,general,94,00,1994,2000,0.9011604232701133,365
primary94,00,FL,-1.481911095606098,0.4203030569771649,primary,general,94,00,1994,2000,5.660762086171996,365
primary94,00,IL,0.05392773446330488,0.2280339364864675,primary,general,94,00,1994,2000,19.230962949616217,365
primary94,00,MO,-2.4747487136985304,0.625688024319626,primary,general,94,00,1994,2000,2.5543729981114014,365
primary94,02,CO,0.9748236342894393,1.003276050122292,primary,general,94,02,1994,2002,0.9934799572014156,365
primary94,02,FL,-1.596583917541269,0.4056610382180152,primary,general,94,02,1994,2002,6.076778470012848,365
primary94,02,IL,-0.21765267722828302,0.19517143553073188,primary,general,94,02,1994,2002,26.252307768521423,365
primary94,02,MO,-1.121716944230022,0.46328621624527366,primary,general,94,02,1994,2002,4.65909152076749,365
primary94,04,CO,-0.178778753995065,1.836511282198503,primary,general,94,04,1994,2004,0.2964918764253135,365
primary94,04,FL,-3.1678739807998886,0.7315535163155251,primary,general,94,04,1994,2004,1.868563218153869,365
primary94,04,IL,-0.005827203702054829,0.31811094495281234,primary,general,94,04,1994,2004,9.881952830094527,365
primary94,04,MO,-4.129547466182507,0.8854252527565648,primary,general,94,04,1994,2004,1.2755461956040313,365
primary94,06,CO,-2.0938008900167473,1.5130087714138147,primary,general,94,06,1994,2006,0.4368346790342148,365
primary94,06,FL,-4.138150942466627,0.768431448458999,primary,general,94,06,1994,2006,1.693517697469974,365
primary94,06,IL,-0.4916707757429578,0.2506030567288263,primary,general,94,06,1994,2006,15.923087147341292,365
primary94,06,MO,-2.4233459634351724,0.6948337238061717,primary,general,94,06,1994,2006,2.07127718941113,365
primary94,08,CO,-1.6975259481436658,2.3916324920407575,primary,general,94,08,1994,2008,0.17482804857696138,365
primary94,08,FL,-5.288438493823702,0.9445274689515858,primary,general,94,08,1994,2008,1.120910183152667,365
primary94,08,IL,-0.27299287736910166,0.4264235406244193,primary,general,94,08,1994,2008,5.4994297201772335,365
primary94,08,MO,-4.419482707579823,1.079334339383872,primary,general,94,08,1994,2008,0.8583966439068198,365
primary94,10,FL,-2.218479820422852,0.5654427298795851,primary,general,94,10,1994,2010,3.1276831536234835,365
primary94,10,IL,-0.17519489551877301,0.3104480011274193,primary,general,94,10,1994,2010,10.375816062430133,365
primary94,10,MO,-2.681163276914987,0.7822371426894488,primary,general,94,10,1994,2010,1.6342674575828242,365
primary94,12,FL,-5.463090702506566,1.0047782733486936,primary,general,94,12,1994,2012,0.9905115151946479,365
primary94,12,IL,0.050792444870182356,0.45889815938317235,primary,general,94,12,1994,2012,4.748619465892113,365
primary94,12,MO,-4.455792329289315,1.0700355248464322,primary,general,94,12,1994,2012,0.8733807334479998,365
primary94,94,CO,2.607425122252606,0.6385417880926552,primary,general,94,94,1994,1994,2.4525696624643736,365
primary94,94,FL,1.2546798154941254,0.1637865474704772,primary,general,94,94,1994,1994,37.277222281366214,365
primary94,94,IL,-0.38761185792678204,0.1353246767307584,primary,general,94,94,1994,1994,54.606708979024454,365
primary94,94,MO,0.17646301518371427,0.2892429456556565,primary,general,94,94,1994,1994,11.952931991367118,365
primary94,96,CO,-1.1009716260642668,0.6705500916241716,primary,general,94,96,1994,1996,2.2240141579877064,365
primary94,96,FL,-1.404347116732008,0.29577840077841294,primary,general,94,96,1994,1996,11.430548930906276,365
primary94,96,IL,0.08187087502361666,0.14599746850952222,primary,general,94,96,1994,1996,46.91474380060478,365
primary94,96,MO,-1.238140809755792,0.4154023427273306,primary,general,94,96,1994,1996,5.795115779112927,365
primary94,98,CO,0.9411764183868675,0.6558773002030593,primary,general,94,98,1994,1998,2.3246351449274503,365
primary94,98,FL,-0.4645623538471978,0.20457998215143605,primary,general,94,98,1994,1998,23.89316747589415,365
primary94,98,IL,0.016096637891629646,0.13740117281574582,primary,general,94,98,1994,1998,52.96867636776883,365
primary94,98,MO,-0.6121739456063645,0.26287630767715864,primary,general,94,98,1994,1998,14.470952161063108,365
primary94,presprimary00,CO,0.4985209099247196,0.22189495323166986,primary,primary,94,00,1994,1999.5,20.309776791952107,365
primary94,presprimary00,FL,-0.10819069961552569,0.09744959890490801,primary,primary,94,00,1994,1999.5,105.30279246110823,365
primary94,presprimary00,IL,0.11901753239710407,0.0928939993442134,primary,primary,94,00,1994,1999.5,115.88432041902969,365
primary94,presprimary00,MO,-0.49031613344094516,0.1728457261464436,primary,primary,94,00,1994,1999.5,33.47208063369857,365
primary94,presprimary04,FL,-0.14738012979855733,0.11899151154725883,primary,primary,94,04,1994,2003.5,70.62655732909371,365
primary94,presprimary04,IL,0.15890357892997806,0.13451465308387398,primary,primary,94,04,1994,2003.5,55.266353194607255,365
primary94,presprimary04,MO,-0.346022813816474,0.17067406295106402,primary,primary,94,04,1994,2003.5,34.329299826954,365
primary94,presprimary08,FL,-1.387488239552275,0.4470928968512357,primary,primary,94,08,1994,2007.5,5.002699996838952,365
primary94,presprimary08,IL,0.04106702528590691,0.2455214953039419,primary,primary,94,08,1994,2007.5,16.58902872484735,365
primary94,presprimary08,MO,-1.8312044193073491,0.51121959281268,primary,primary,94,08,1994,2007.5,3.8263528809516614,365
primary94,presprimary12,FL,-0.21608862206296608,0.26072393412361244,primary,primary,94,12,1994,2011.5,14.710864614529944,365
primary94,presprimary12,IL,0.16503872766306454,0.16323699030948652,primary,primary,94,12,1994,2011.5,37.52864138253717,365
primary94,presprimary12,MO,0.09572105908824198,0.20752705774026617,primary,primary,94,12,1994,2011.5,23.21937589794958,365
primary94,primary02,CO,0.46597012380724573,0.29547093763015764,primary,primary,94,02,1994,2001.5,11.45435026409734,365
primary94,primary02,FL,-0.6314283150161387,0.22067727786372457,primary,primary,94,02,1994,2001.5,20.534529842979122,365
primary94,primary02,IL,0.17151597346622244,0.12182020427388471,primary,primary,94,02,1994,2001.5,67.3847083737819,365
primary94,primary02,MO,-0.334784993974761,0.23529185569405123,primary,primary,94,02,1994,2001.5,18.06284728548053,365
primary94,primary06,CO,0.030493440794318136,0.4366195405272837,primary,primary,94,06,1994,2005.5,5.245581795198431,365
primary94,primary06,FL,-4.320342293176898,0.7403474123099881,primary,primary,94,06,1994,2005.5,1.8244370135511156,365
primary94,primary06,IL,0.10280948819429124,0.13692798304239528,primary,primary,94,06,1994,2005.5,53.33540263300692,365
primary94,primary06,MO,-0.5868449747639328,0.2582304651847862,primary,primary,94,06,1994,2005.5,14.996331938548725,365
primary94,primary10,FL,-0.6980067505756249,0.2630185671457668,primary,primary,94,10,1994,2009.5,14.455302518841913,365
primary94,primary10,IL,0.10675874975881443,0.1604056579680115,primary,primary,94,10,1994,2009.5,38.8651755703884,365
primary94,primary10,MO,-0.9663154900431163,0.37341898868948104,primary,primary,94,10,1994,2009.5,7.171453769953663,365
primary94,primary98,CO,0.08805502903219449,0.23521293953638436,primary,primary,94,98,1994,1997.5,18.074969829700603,365
primary94,primary98,FL,-0.1487361493885067,0.0856880413755418,primary,primary,94,98,1994,1997.5,136.19449948325402,365
primary94,primary98,IL,0.0880723634137349,0.08251645655711247,primary,primary,94,98,1994,1997.5,146.86518604196218,365
primary94,primary98,MO,-0.0178360961868807,0.12542080543343267,primary,primary,94,98,1994,1997.5,63.57126143505285,365
primary98,00,AR,0.48344802608259757,2.118319960915525,primary,general,98,00,1998,2000,0.22285217794529696,365
primary98,00,CO,-0.44757229173759594,0.3446346047076644,primary,general,98,00,1998,2000,8.419421159608003,365
primary98,00,FL,-1.7116873507605705,0.4229905758151223,primary,general,98,00,1998,2000,5.589058007829401,365
primary98,00,IL,-0.12660524788871502,0.15910373201992267,primary,general,98,00,1998,2000,39.503835706489085,365
primary98,00,MI,-0.1833656001449585,0.27980216884911774,primary,general,98,00,1998,2000,12.773145135928468,365
primary98,00,MO,-2.425729921939605,0.5035784600903997,primary,general,98,00,1998,2000,3.943353483245496,365
primary98,00,MT,3.9911686364576497,3.996006771314269,primary,general,98,00,1998,2000,0.06262497551119899,365
primary98,00,NV,-0.44108261317829006,0.5642709240345323,primary,general,98,00,1998,2000,3.1406869884326056,365
primary98,02,AR,-0.4216942969332482,2.0711474694528507,primary,general,98,02,1998,2002,0.23311915214743698,365
primary98,02,CO,0.24758965566576624,0.2892923600511588,primary,general,98,02,1998,2002,11.948848949117714,365
primary98,02,FL,-0.5161642740472978,0.3371782941664542,primary,general,98,02,1998,2002,8.795910094422458,365
primary98,02,IL,-0.12610084255777315,0.13192790839072766,primary,general,98,02,1998,2002,57.45484346860548,365
primary98,02,MI,0.4001920944209215,0.19301715409272402,primary,general,98,02,1998,2002,26.841586648714095,365
primary98,02,MO,-0.1469952543606032,0.3455818440513019,primary,general,98,02,1998,2002,8.373329172458584,365
primary98,02,MT,2.535594306406996,4.035834162711458,primary,general,98,02,1998,2002,0.06139505256079187,365
primary98,02,NV,-0.07082844369329205,0.5523959941068186,primary,general,98,02,1998,2002,3.277169913006967,365
primary98,04,AR,1.1551670850159117,3.4008658643791847,primary,general,98,04,1998,2004,0.08646114727599528,365
primary98,04,CO,-0.23056444831805856,0.6319464326680277,primary,general,98,04,1998,2004,2.5040296487635785,365
primary98,04,FL,-1.4874197804143365,0.6996200666555068,primary,general,98,04,1998,2004,2.0430334862304513,365
primary98,04,IL,-0.4233681695960816,0.25506099201469373,primary,general,98,04,1998,2004,15.37134644875166,365
primary98,04,MO,-1.2114602489965844,0.6582423816913262,primary,general,98,04,1998,2004,2.30796021009626,365
primary98,04,MT,1.4893634292453652,4.616093011810619,primary,general,98,04,1998,2004,0.046930037141617635,365
primary98,04,NV,-0.391837747237887,1.0517722806738905,primary,general,98,04,1998,2004,0.903975287958727,365
primary98,06,AR,-0.8788596297256032,2.492172775040969,primary,general,98,06,1998,2006,0.16100660970041505,365
primary98,06,CO,0.20678446936947356,0.4730864864639399,primary,general,98,06,1998,2006,4.468059156303506,365
primary98,06,FL,-0.8073306432726278,0.8206951946720249,primary,general,98,06,1998,2006,1.4846914888315954,365
primary98,06,IL,-0.3982528141722671,0.18241252333597968,primary,general,98,06,1998,2006,30.053198365730715,365
primary98,06,MO,-1.0416714004922945,0.5274147487577278,primary,general,98,06,1998,2006,3.5949715624814638,365
primary98,06,MT,3.87883811395645,4.7066267253789595,primary,general,98,06,1998,2006,0.04514196783494547,365
primary98,06,NV,-1.2227529433093078,0.7825229229440646,primary,general,98,06,1998,2006,1.6330739945574424,365
primary98,08,AR,-4.044392539223213,4.409741568964915,primary,general,98,08,1998,2008,0.05142493161730821,365
primary98,08,CO,-0.0243582531520324,0.8670287324367378,primary,general,98,08,1998,2008,1.3302492429232875,365
primary98,08,FL,-0.796398949256019,0.9188158233671385,primary,general,98,08,1998,2008,1.1845218287163706,365
primary98,08,IL,-0.9512616356933289,0.33695954208535517,primary,general,98,08,1998,2008,8.807334303934809,365
primary98,08,MO,-0.43243786732385736,0.8230692149291592,primary,general,98,08,1998,2008,1.4761390988537264,365
primary98,08,MT,4.821863894725787,5.708984660544175,primary,general,98,08,1998,2008,0.030681899835179063,365
primary98,08,NV,1.07361758789992,1.345836458775282,primary,general,98,08,1998,2008,0.5520970436872025,365
primary98,10,AR,-2.404647891268113,2.921075337254274,primary,general,98,10,1998,2010,0.11719645739049522,365
primary98,10,FL,-0.8067894969348449,0.5899008994957502,primary,general,98,10,1998,2010,2.873703012267641,365
primary98,10,IL,-0.580190651356996,0.24728152856935243,primary,general,98,10,1998,2010,16.353723350716862,365
primary98,10,MO,-0.7768569332758681,0.5520560654567178,primary,general,98,10,1998,2010,3.2812069918056608,365
primary98,10,MT,2.8901354133175965,4.740983845448423,primary,general,98,10,1998,2010,0.04449006589706164,365
primary98,10,NV,0.15659088331708376,1.0434360889721854,primary,general,98,10,1998,2010,0.9184770162879962,365
primary98,12,AR,-4.387558439162404,4.504157642776728,primary,general,98,12,1998,2012,0.049291590938405676,365
primary98,12,FL,-0.9920058379215678,1.0216638069149964,primary,general,98,12,1998,2012,0.9580407520674553,365
primary98,12,IL,-0.8226295212725455,0.35925767366975103,primary,general,98,12,1998,2012,7.747969337024112,365
primary98,12,MO,-0.5919041793444023,0.8386676512149085,primary,general,98,12,1998,2012,1.421740111147734,365
primary98,12,MT,1.1089667412127202,5.389502222714925,primary,general,98,12,1998,2012,0.03442727822056617,365
primary98,12,NV,-0.3889686059441138,1.5712819037785601,primary,general,98,12,1998,2012,0.4050342810636487,365
primary98,98,AR,7.428933589609481,1.3024687600785707,primary,general,98,98,1998,1998,0.5894749700421188,365
primary98,98,CO,2.7694299167236847,0.3852091079988131,primary,general,98,98,1998,1998,6.739177662584428,365
primary98,98,FL,1.7527146691761128,0.21848141038344754,primary,general,98,98,1998,1998,20.949372482249636,365
primary98,98,IL,-0.2068362337378137,0.1273834145267461,primary,general,98,98,1998,1998,61.62745425042106,365
primary98,98,MI,1.9702067783192565,0.2832400983482843,primary,general,98,98,1998,1998,12.464949603730226,365
primary98,98,MO,0.12567401916686305,0.2030965923491694,primary,general,98,98,1998,1998,24.243466961963776,365
primary98,presprimary00,AR,-0.8397109762854912,1.0228220693384662,primary,primary,98,00,1998,1999.5,0.9558721748820347,365
primary98,presprimary00,CO,-0.02680658229213409,0.0930281027832727,primary,primary,98,00,1998,1999.5,115.55045819148742,365
primary98,presprimary00,FL,-0.14586775214511732,0.10155660163880184,primary,primary,98,00,1998,1999.5,96.95800713486513,365
primary98,presprimary00,IL,0.05934282154105583,0.07348299919680534,primary,primary,98,00,1998,1999.5,185.19371881031344,365
primary98,presprimary00,MI,0.216771673295906,0.09569661477060801,primary,primary,98,00,1998,1999.5,109.19603018071273,365
primary98,presprimary00,MO,-0.39750112768945944,0.13966298319402193,primary,primary,98,00,1998,1999.5,51.26693706691926,365
primary98,presprimary00,MT,2.008139952121453,1.7815029958377737,primary,primary,98,00,1998,1999.5,0.31508438870007377,365
primary98,presprimary00,NV,-0.35240163206949154,0.25978299544502065,primary,primary,98,00,1998,1999.5,14.817623638637217,365
primary98,presprimary04,AR,0.5607632554578263,1.2989740480423304,primary,primary,98,04,1998,2003.5,0.5926510402815836,365
primary98,presprimary04,FL,-0.25384153828453515,0.11838157010761023,primary,primary,98,04,1998,2003.5,71.35621550665961,365
primary98,presprimary04,IL,-0.18217182408848,0.09188353304842994,primary,primary,98,04,1998,2003.5,118.44715338266418,365
primary98,presprimary04,MO,-0.018178873875384322,0.1398323155904142,primary,primary,98,04,1998,2003.5,51.14284705274577,365
primary98,presprimary04,MT,1.724168162256174,2.4220921972100298,primary,primary,98,04,1998,2003.5,0.1704584985870568,365
primary98,presprimary04,NV,0.4427008973503408,0.3033771282443912,primary,primary,98,04,1998,2003.5,10.86511501487184,365
primary98,presprimary08,AR,-1.5305263444024468,1.3544806287155577,primary,primary,98,08,1998,2007.5,0.5450726654939347,365
primary98,presprimary08,FL,-0.35811639989443383,0.4380664317382086,primary,primary,98,08,1998,2007.5,5.210987717768773,365
primary98,presprimary08,IL,-0.2924604531096348,0.18541928288748133,primary,primary,98,08,1998,2007.5,29.08641563822314,365
primary98,presprimary08,MI,0.1349983349882727,0.1124165205595587,primary,primary,98,08,1998,2007.5,79.12973688452414,365
primary98,presprimary08,MO,-0.3334998901194111,0.40209438715736,primary,primary,98,08,1998,2007.5,6.185060874020679,365
primary98,presprimary08,MT,3.100935655641962,4.0234484670804855,primary,primary,98,08,1998,2007.5,0.06177362873558375,365
primary98,presprimary08,NV,0.4713900093094085,0.27917746670252525,primary,primary,98,08,1998,2007.5,12.830372811600576,365
primary98,presprimary12,AR,0.27910091111108104,1.6414903061049233,primary,primary,98,12,1998,2011.5,0.37112768733868406,365
primary98,presprimary12,FL,0.24006924435136162,0.2802006836935103,primary,primary,98,12,1998,2011.5,12.736837814665492,365
primary98,presprimary12,IL,-0.27348969220235114,0.12069360145731048,primary,primary,98,12,1998,2011.5,68.6485718380405,365
primary98,presprimary12,MI,0.0389328664103833,0.09073700665911971,primary,primary,98,12,1998,2011.5,121.45939225534626,365
primary98,presprimary12,MO,-0.43887443934511833,0.14434575578882303,primary,primary,98,12,1998,2011.5,47.99455423628655,365
primary98,presprimary12,MT,1.3011943961738854,3.9568011820441353,primary,primary,98,12,1998,2011.5,0.06387215107332464,365
primary98,presprimary12,NV,-0.28708389604987755,0.33326365704114175,primary,primary,98,12,1998,2011.5,9.003763699820148,365
primary98,primary02,AR,1.0719669330602077,1.2106265186864813,primary,primary,98,02,1998,2001.5,0.6823066974039954,365
primary98,primary02,CO,-0.110358984328537,0.10695755031467943,primary,primary,98,02,1998,2001.5,87.41321726671211,365
primary98,primary02,FL,-0.09393239938834938,0.2024361348023314,primary,primary,98,02,1998,2001.5,24.401915949654782,365
primary98,primary02,IL,-0.06688420015702778,0.08330269032608514,primary,primary,98,02,1998,2001.5,144.1059606746342,365
primary98,primary02,MI,0.17636531938093772,0.11737733060511032,primary,primary,98,02,1998,2001.5,72.58243650762832,365
primary98,primary02,MO,-0.6513917338899242,0.19520104386229137,primary,primary,98,02,1998,2001.5,26.244344408620133,365
primary98,primary02,MT,2.044996746183574,1.8027758230128732,primary,primary,98,02,1998,2001.5,0.30769224444595455,365
primary98,primary02,NV,-0.25616980414066953,0.258349206356318,primary,primary,98,02,1998,2001.5,14.982550028133105,365
primary98,primary06,AR,0.16788277319826153,1.462031830727003,primary,primary,98,06,1998,2005.5,0.46782814302308595,365
primary98,primary06,CO,0.03669151113527085,0.12770569647664987,primary,primary,98,06,1998,2005.5,61.31679693072231,365
primary98,primary06,FL,-0.8653652797704516,0.7971147212049541,primary,primary,98,06,1998,2005.5,1.5738318877303752,365
primary98,primary06,IL,0.01739640773484358,0.08962198701789927,primary,primary,98,06,1998,2005.5,124.50043334230324,365
primary98,primary06,MI,0.08880923592346347,0.08741339652149624,primary,primary,98,06,1998,2005.5,130.8711772476569,365
primary98,primary06,MO,-0.30112002661198095,0.19639122398406342,primary,primary,98,06,1998,2005.5,25.927213643655254,365
primary98,primary06,MT,5.35040189067605,3.48654531926218,primary,primary,98,06,1998,2005.5,0.08226391435260685,365
primary98,primary06,NV,-0.6030147009348314,0.35567609744768763,primary,primary,98,06,1998,2005.5,7.90479550952603,365
primary98,primary10,AR,1.8471625828443055,1.778263654311058,primary,primary,98,10,1998,2009.5,0.31623336970860216,365
primary98,primary10,FL,-0.21582760725695724,0.2649462571263009,primary,primary,98,10,1998,2009.5,14.245720612529164,365
primary98,primary10,IL,-0.14041103432666469,0.11354363502619537,primary,primary,98,10,1998,2009.5,77.56653876746915,365
primary98,primary10,MI,0.08477116486086768,0.11258955491242342,primary,primary,98,10,1998,2009.5,78.88670117205515,365
primary98,primary10,MO,-0.847419957091515,0.2976610188800307,primary,primary,98,10,1998,2009.5,11.286416477056324,365
primary98,primary10,MT,3.446452093858886,3.649869616574134,primary,primary,98,10,1998,2009.5,0.07506634991940954,365
primary98,primary10,NV,0.45801233543232595,0.42168228036081057,primary,primary,98,10,1998,2009.5,5.623792606409897,365
