upstream_year,downstream_year,years_window,state,cace,se,up_num,down_num,upYear,downYear,year.x,timedistance,weights,upstream_type,downstream_type,voterfile_year,state_clean,state_upyear,state_downyear,GESTCEN,turnoutrate1819,N1819,turnoutrate1829,N1829,year.y,state.abb.x,Area,marginyear,downstream_margin,state.abb.y,battleground_PM,battleground_P,downstream_margin_b,downstream
00,02,00-02,AR,0.13332512566808832,0.04890823296219309,0,2,2000,2002,-4.352112676056322,2,418.05753511794694,Pres,Mid,2013,AR,AR_2000,AR_2002,71,0.4146341463414634,41,0.4034334763948498,233,2000,AR,Arkansas,margin2002,0.06060000000000002,AR,1,0,0.06060000000000002,2002
00,02,00-02,CO,0.08622885989007703,0.023660136411639356,0,2,2000,2002,-4.352112676056322,2,1786.3457110191368,Pres,Mid,2013,CO,CO_2000,CO_2002,84,0.19444444444444445,36,0.3764705882352941,255,2000,CO,Colorado,margin2002,0.30080000000000007,CO,0,0,0.30080000000000007,2002
00,02,00-02,CT,0.1172666169957798,0.026163708422329852,0,2,2000,2002,-4.352112676056322,2,1460.8357849439321,Pres,Mid,2013,CT,CT_2000,CT_2002,16,0.25,28,0.448,125,2000,CT,Connecticut,margin2002,0.12219999999999999,CT,0,0,0.12219999999999999,2002
00,02,00-02,FL,0.1639053870809754,0.017381844393239077,0,2,2000,2002,-4.352112676056322,2,3309.8497889855103,Pres,Mid,2013,FL,FL_2000,FL_2002,59,0.3235294117647059,136,0.4071207430340557,646,2000,FL,Florida,margin2002,0.12959999999999994,FL,0,0,0.12959999999999994,2002
00,02,00-02,IL,0.12031035956309911,0.014316326899354767,0,2,2000,2002,-4.352112676056322,2,4879.067056319964,Pres,Mid,2013,IL,IL_2000,IL_2002,33,0.37398373983739835,123,0.4562146892655367,708,2000,IL,Illinois,margin2002,0.07319999999999993,IL,1,0,0.07319999999999993,2002
00,02,00-02,MI,0.12881505758002004,0.01217387256514855,0,2,2000,2002,-4.352112676056322,2,6747.493850427656,Pres,Mid,2013,MI,MI_2000,MI_2002,34,0.2803738317757009,107,0.4144981412639405,538,2000,MI,Michigan,margin2002,0.040600000000000025,MI,1,0,0.040600000000000025,2002
00,02,00-02,MO,0.10965068773719173,0.015076272273595984,0,2,2000,2002,-4.352112676056322,2,4399.58847596798,Pres,Mid,2013,MO,MO_2000,MO_2002,43,0.03571428571428571,28,0.37640449438202245,178,2000,MO,Missouri,margin2002,NA,MO,0,0,1,2002
00,02,00-02,MT,0.13783273413175984,0.05342644413554507,0,2,2000,2002,-4.352112676056322,2,350.3381721399484,Pres,Mid,2013,MT,MT_2000,MT_2002,81,0.4318181818181818,44,0.41409691629955947,227,2000,MT,Montana,margin2002,0.32819999999999994,MT,0,0,0.32819999999999994,2002
00,02,00-02,NV,0.23769663938789132,0.05107156377825012,0,2,2000,2002,-4.352112676056322,2,383.3908009601508,Pres,Mid,2013,NV,NV_2000,NV_2002,88,0.2222222222222222,27,0.3193717277486911,191,2000,NV,Nevada,margin2002,0.5124000000000001,NV,0,0,0.5124000000000001,2002
00,02,00-02,OK,0.1564681359567782,0.035891519895481325,0,2,2000,2002,-4.352112676056322,2,776.276252252744,Pres,Mid,2013,OK,OK_2000,OK_2002,73,0.2777777777777778,36,0.38114754098360654,244,2000,OK,Oklahoma,margin2002,0.007800000000000012,OK,1,0,0.007800000000000012,2002
00,04,00-04,AR,0.2385045722710544,0.08949275678551537,0,4,2000,2004,-2.352112676056322,4,124.86025769389967,Pres,Pres,2013,AR,AR_2000,AR_2004,71,0.4146341463414634,41,0.4034334763948498,233,2000,AR,Arkansas,margin2004,0.09879999999999996,AR,1,1,0.09879999999999996,2004
00,04,00-04,CO,0.14314394938011935,0.05031410888075653,0,4,2000,2004,-2.352112676056322,4,395.02122321696214,Pres,Pres,2013,CO,CO_2000,CO_2004,84,0.19444444444444445,36,0.3764705882352941,255,2000,CO,Colorado,margin2004,0.04739999999999995,CO,1,1,0.04739999999999995,2004
00,04,00-04,CT,0.28900468720022776,0.07413098763546312,0,4,2000,2004,-2.352112676056322,4,181.9702650285112,Pres,Pres,2013,CT,CT_2000,CT_2004,16,0.25,28,0.448,125,2000,CT,Connecticut,margin2004,0.10540000000000006,CT,0,0,0.10540000000000006,2004
00,04,00-04,FL,0.25002699878727996,0.03759294408679629,0,4,2000,2004,-2.352112676056322,4,707.5991824668265,Pres,Pres,2013,FL,FL_2000,FL_2004,59,0.3235294117647059,136,0.4071207430340557,646,2000,FL,Florida,margin2004,0.05040000000000006,FL,1,1,0.05040000000000006,2004
00,04,00-04,IL,0.1254094726424131,0.02986556946299783,0,4,2000,2004,-2.352112676056322,4,1121.1362625533552,Pres,Pres,2013,IL,IL_2000,IL_2004,33,0.37398373983739835,123,0.4562146892655367,708,2000,IL,Illinois,margin2004,0.10420000000000001,IL,0,0,0.10420000000000001,2004
00,04,00-04,MO,0.16819309991897527,0.03141880175968735,0,4,2000,2004,-2.352112676056322,4,1013.026401122567,Pres,Pres,2013,MO,MO_2000,MO_2004,43,0.03571428571428571,28,0.37640449438202245,178,2000,MO,Missouri,margin2004,0.07239999999999995,MO,1,1,0.07239999999999995,2004
00,04,00-04,MT,0.24086884142763212,0.08385926921436401,0,4,2000,2004,-2.352112676056322,4,142.19942919494304,Pres,Pres,2013,MT,MT_2000,MT_2004,81,0.4318181818181818,44,0.41409691629955947,227,2000,MT,Montana,margin2004,0.21,MT,0,0,0.21,2004
00,04,00-04,NV,0.4071384641206982,0.0928856585955822,0,4,2000,2004,-2.352112676056322,4,115.90513322044951,Pres,Pres,2013,NV,NV_2000,NV_2004,88,0.2222222222222222,27,0.3193717277486911,191,2000,NV,Nevada,margin2004,0.026400000000000007,NV,1,1,0.026400000000000007,2004
00,04,00-04,OK,0.07484766002656114,0.07557465937822362,0,4,2000,2004,-2.352112676056322,4,175.08446082732357,Pres,Pres,2013,OK,OK_2000,OK_2004,73,0.2777777777777778,36,0.38114754098360654,244,2000,OK,Oklahoma,margin2004,0.31139999999999995,OK,0,0,0.31139999999999995,2004
00,06,00-06,AR,0.059942157414110964,0.06688505583120685,0,6,2000,2006,-0.352112676056322,6,223.53308513036373,Pres,Mid,2013,AR,AR_2000,AR_2006,71,0.4146341463414634,41,0.4034334763948498,233,2000,AR,Arkansas,margin2006,0.15519999999999995,AR,0,0,0.15519999999999995,2006
00,06,00-06,CO,0.08301689242447285,0.03623159564980344,0,6,2000,2006,-0.352112676056322,6,761.7721274636793,Pres,Mid,2013,CO,CO_2000,CO_2006,84,0.19444444444444445,36,0.3764705882352941,255,2000,CO,Colorado,margin2006,0.17319999999999994,CO,0,0,0.17319999999999994,2006
00,06,00-06,CT,0.09810731184430159,0.048361358903553774,0,6,2000,2006,-0.352112676056322,6,427.56584836372906,Pres,Mid,2013,CT,CT_2000,CT_2006,16,0.25,28,0.448,125,2000,CT,Connecticut,margin2006,0.28139999999999993,CT,0,0,0.28139999999999993,2006
00,06,00-06,FL,0.20527429057024807,0.04145887741083857,0,6,2000,2006,-0.352112676056322,6,581.7882195414312,Pres,Mid,2013,FL,FL_2000,FL_2006,59,0.3235294117647059,136,0.4071207430340557,646,2000,FL,Florida,margin2006,0.07280000000000002,FL,1,0,0.07280000000000002,2006
00,06,00-06,IL,0.07350328617686254,0.019840999209472045,0,6,2000,2006,-0.352112676056322,6,2540.2292961829835,Pres,Mid,2013,IL,IL_2000,IL_2006,33,0.37398373983739835,123,0.4562146892655367,708,2000,IL,Illinois,margin2006,0.11819999999999993,IL,0,0,0.11819999999999993,2006
00,06,00-06,MO,0.10803215873865976,0.025132254941759885,0,6,2000,2006,-0.352112676056322,6,1583.2047598637973,Pres,Mid,2013,MO,MO_2000,MO_2006,43,0.03571428571428571,28,0.37640449438202245,178,2000,MO,Missouri,margin2006,0.023400000000000035,MO,1,0,0.023400000000000035,2006
00,06,00-06,MT,0.31548190947610416,0.08548597706538515,0,6,2000,2006,-0.352112676056322,6,136.83910982233758,Pres,Mid,2013,MT,MT_2000,MT_2006,81,0.4318181818181818,44,0.41409691629955947,227,2000,MT,Montana,margin2006,0.009000000000000057,MT,1,0,0.009000000000000057,2006
00,06,00-06,NV,0.19587749136669536,0.06740876316725616,0,6,2000,2006,-0.352112676056322,6,220.0732629652541,Pres,Mid,2013,NV,NV_2000,NV_2006,88,0.2222222222222222,27,0.3193717277486911,191,2000,NV,Nevada,margin2006,0.04359999999999999,NV,1,0,0.04359999999999999,2006
00,06,00-06,OK,0.04019136615143465,0.05393822285857275,0,6,2000,2006,-0.352112676056322,6,343.7215276494709,Pres,Mid,2013,OK,OK_2000,OK_2006,73,0.2777777777777778,36,0.38114754098360654,244,2000,OK,Oklahoma,margin2006,0.33,OK,0,0,0.33,2006
00,08,00-08,AR,0.1942700947349482,0.11108574215262397,0,8,2000,2008,1.647887323943678,8,81.03700061299669,Pres,Pres,2013,AR,AR_2000,AR_2008,71,0.4146341463414634,41,0.4034334763948498,233,2000,AR,Arkansas,margin2008,0.20340000000000003,AR,0,0,0.20340000000000003,2008
00,08,00-08,CO,0.19648812242797797,0.0688159949614526,0,8,2000,2008,1.647887323943678,8,211.16464818140216,Pres,Pres,2013,CO,CO_2000,CO_2008,84,0.19444444444444445,36,0.3764705882352941,255,2000,CO,Colorado,margin2008,0.09099999999999994,CO,1,1,0.09099999999999994,2008
00,08,00-08,CT,0.25300751557927376,0.10026439589187097,0,8,2000,2008,1.647887323943678,8,99.47329800318582,Pres,Pres,2013,CT,CT_2000,CT_2008,16,0.25,28,0.448,125,2000,CT,Connecticut,margin2008,0.22640000000000002,CT,0,0,0.22640000000000002,2008
00,08,00-08,FL,0.24707346938216848,0.05381300789776441,0,8,2000,2008,1.647887323943678,8,345.3229676024161,Pres,Pres,2013,FL,FL_2000,FL_2008,59,0.3235294117647059,136,0.4071207430340557,646,2000,FL,Florida,margin2008,0.028400000000000033,FL,1,1,0.028400000000000033,2008
00,08,00-08,IL,0.2581293885459535,0.04245294257227324,0,8,2000,2008,1.647887323943678,8,554.8612598051669,Pres,Pres,2013,IL,IL_2000,IL_2008,33,0.37398373983739835,123,0.4562146892655367,708,2000,IL,Illinois,margin2008,0.25459999999999994,IL,0,0,0.25459999999999994,2008
00,08,00-08,MO,0.10611000826577287,0.036207542638063354,0,8,2000,2008,1.647887323943678,8,762.7845684432044,Pres,Pres,2013,MO,MO_2000,MO_2008,43,0.03571428571428571,28,0.37640449438202245,178,2000,MO,Missouri,margin2008,0.0014000000000000056,MO,1,1,0.0014000000000000056,2008
00,08,00-08,MT,0.36650307702452917,0.12059538896965477,0,8,2000,2008,1.647887323943678,8,68.760431710346,Pres,Pres,2013,MT,MT_2000,MT_2008,81,0.4318181818181818,44,0.41409691629955947,227,2000,MT,Montana,margin2008,0.023400000000000035,MT,1,1,0.023400000000000035,2008
00,08,00-08,NV,0.419299350831064,0.12930578212969754,0,8,2000,2008,1.647887323943678,8,59.808665051166884,Pres,Pres,2013,NV,NV_2000,NV_2008,88,0.2222222222222222,27,0.3193717277486911,191,2000,NV,Nevada,margin2008,0.12780000000000002,NV,0,0,0.12780000000000002,2008
00,08,00-08,OK,0.2349916375125439,0.1063332903281938,0,8,2000,2008,1.647887323943678,8,88.44259863672032,Pres,Pres,2013,OK,OK_2000,OK_2008,73,0.2777777777777778,36,0.38114754098360654,244,2000,OK,Oklahoma,margin2008,0.31300000000000006,OK,0,0,0.31300000000000006,2008
00,10,00-10,AR,0.09078402729676621,0.07693497128720592,0,10,2000,2010,3.647887323943678,10,168.94774828359786,Pres,Mid,2013,AR,AR_2000,AR_2010,71,0.4146341463414634,41,0.4034334763948498,233,2000,AR,Arkansas,margin2010,0.31400000000000006,AR,0,0,0.31400000000000006,2010
00,10,00-10,CT,0.09668529877189742,0.06143922118150162,0,10,2000,2010,3.647887323943678,10,264.916248492855,Pres,Mid,2013,CT,CT_2000,CT_2010,16,0.25,28,0.448,125,2000,CT,Connecticut,margin2010,0.0056000000000000225,CT,1,0,0.0056000000000000225,2010
00,10,00-10,FL,0.09865383421963426,0.031970525620596074,0,10,2000,2010,3.647887323943678,10,978.3639618905613,Pres,Mid,2013,FL,FL_2000,FL_2010,59,0.3235294117647059,136,0.4071207430340557,646,2000,FL,Florida,margin2010,0.011800000000000067,FL,1,0,0.011800000000000067,2010
00,10,00-10,IL,0.04788591989854846,0.02834308568536675,0,10,2000,2010,3.647887323943678,10,1244.8176588862402,Pres,Mid,2013,IL,IL_2000,IL_2010,33,0.37398373983739835,123,0.4562146892655367,708,2000,IL,Illinois,margin2010,0.009200000000000017,IL,1,0,0.009200000000000017,2010
00,10,00-10,MO,0.07591962082221566,0.026193462898982653,0,10,2000,2010,3.647887323943678,10,1457.518795771258,Pres,Mid,2013,MO,MO_2000,MO_2010,43,0.03571428571428571,28,0.37640449438202245,178,2000,MO,Missouri,margin2010,0.17340000000000003,MO,0,0,0.17340000000000003,2010
00,10,00-10,MT,0.17594609998108093,0.086187193024977,0,10,2000,2010,3.647887323943678,10,134.62153140687883,Pres,Mid,2013,MT,MT_2000,MT_2010,81,0.4318181818181818,44,0.41409691629955947,227,2000,MT,Montana,margin2010,NA,MT,0,0,1,2010
00,10,00-10,NV,0.3151035242779877,0.0886016547493571,0,10,2000,2010,3.647887323943678,10,127.38442588087048,Pres,Mid,2013,NV,NV_2000,NV_2010,88,0.2222222222222222,27,0.3193717277486911,191,2000,NV,Nevada,margin2010,0.12359999999999999,NV,0,0,0.12359999999999999,2010
00,10,00-10,OK,0.15482295332389726,0.07773463360465495,0,10,2000,2010,3.647887323943678,10,165.48966933998187,Pres,Mid,2013,OK,OK_2000,OK_2010,73,0.2777777777777778,36,0.38114754098360654,244,2000,OK,Oklahoma,margin2010,0.20900000000000005,OK,0,0,0.20900000000000005,2010
00,12,00-12,AR,0.21384247733837944,0.12231016359025729,0,12,2000,2012,5.647887323943678,12,66.84592016265766,Pres,Pres,2013,AR,AR_2000,AR_2012,71,0.4146341463414634,41,0.4034334763948498,233,2000,AR,Arkansas,margin2012,0.24299999999999997,AR,0,0,0.24299999999999997,2012
00,12,00-12,CT,0.10566590376049645,0.09537691417928379,0,12,2000,2012,5.647887323943678,12,109.92930079283707,Pres,Pres,2013,CT,CT_2000,CT_2012,16,0.25,28,0.448,125,2000,CT,Connecticut,margin2012,0.17540000000000006,CT,0,0,0.17540000000000006,2012
00,12,00-12,FL,0.17581444669736102,0.060623011709611936,0,12,2000,2012,5.647887323943678,12,272.09777091705666,Pres,Pres,2013,FL,FL_2000,FL_2012,59,0.3235294117647059,136,0.4071207430340557,646,2000,FL,Florida,margin2012,0.008799999999999954,FL,1,1,0.008799999999999954,2012
00,12,00-12,IL,0.25421157776923836,0.04661282390258006,0,12,2000,2012,5.647887323943678,12,460.24509800420725,Pres,Pres,2013,IL,IL_2000,IL_2012,33,0.37398373983739835,123,0.4562146892655367,708,2000,IL,Illinois,margin2012,0.17159999999999997,IL,0,0,0.17159999999999997,2012
00,12,00-12,MO,0.11686120090762486,0.039018175955534,0,12,2000,2012,5.647887323943678,12,656.8498033660327,Pres,Pres,2013,MO,MO_2000,MO_2012,43,0.03571428571428571,28,0.37640449438202245,178,2000,MO,Missouri,margin2012,0.09560000000000002,MO,1,1,0.09560000000000002,2012
00,12,00-12,MT,0.34340491270020823,0.12261345297355314,0,12,2000,2012,5.647887323943678,12,66.51563692618508,Pres,Pres,2013,MT,MT_2000,MT_2012,81,0.4318181818181818,44,0.41409691629955947,227,2000,MT,Montana,margin2012,0.14060000000000003,MT,0,0,0.14060000000000003,2012
00,12,00-12,NV,0.4574833376023469,0.14328096054412115,0,12,2000,2012,5.647887323943678,12,48.71054978096938,Pres,Pres,2013,NV,NV_2000,NV_2012,88,0.2222222222222222,27,0.3193717277486911,191,2000,NV,Nevada,margin2012,0.06819999999999993,NV,1,1,0.06819999999999993,2012
00,12,00-12,OK,0.19486986700746126,0.10916344049262355,0,12,2000,2012,5.647887323943678,12,83.9161538175131,Pres,Pres,2013,OK,OK_2000,OK_2012,73,0.2777777777777778,36,0.38114754098360654,244,2000,OK,Oklahoma,margin2012,0.3354,OK,0,0,0.3354,2012
02,04,02-04,AR,0.3258218961755506,0.1503280190406542,2,4,2002,2004,-2.352112676056322,2,44.25069854553578,Mid,Pres,2013,AR,AR_2002,AR_2004,71,0.08823529411764706,34,0.22058823529411764,204,2002,AR,Arkansas,margin2004,0.09879999999999996,AR,1,1,0.09879999999999996,2004
02,04,02-04,CO,0.14292217758464631,0.09676873317325363,2,4,2002,2004,-2.352112676056322,2,106.7898284299517,Mid,Pres,2013,CO,CO_2002,CO_2004,84,0.19672131147540983,61,0.29411764705882354,374,2002,CO,Colorado,margin2004,0.04739999999999995,CO,1,1,0.04739999999999995,2004
02,04,02-04,CT,0.08982246252470535,0.15579909432991867,2,4,2002,2004,-2.352112676056322,2,41.197431706224066,Mid,Pres,2013,CT,CT_2002,CT_2004,16,0.1568627450980392,51,0.23228346456692914,254,2002,CT,Connecticut,margin2004,0.10540000000000006,CT,0,0,0.10540000000000006,2004
02,04,02-04,FL,0.06418826748760428,0.06617913411451408,2,4,2002,2004,-2.352112676056322,2,228.32729882392044,Mid,Pres,2013,FL,FL_2002,FL_2004,59,0.21428571428571427,126,0.23259493670886075,632,2002,FL,Florida,margin2004,0.05040000000000006,FL,1,1,0.05040000000000006,2004
02,04,02-04,IL,0.1853145156866113,0.07106558529928728,2,4,2002,2004,-2.352112676056322,2,198.0073563775819,Mid,Pres,2013,IL,IL_2002,IL_2004,33,0.1391304347826087,115,0.23873873873873874,666,2002,IL,Illinois,margin2004,0.10420000000000001,IL,0,0,0.10420000000000001,2004
02,04,02-04,MO,0.2417698415760116,0.07493203244890725,2,4,2002,2004,-2.352112676056322,2,178.10043285151977,Mid,Pres,2013,MO,MO_2002,MO_2004,43,0.1746031746031746,63,0.2542955326460481,291,2002,MO,Missouri,margin2004,0.07239999999999995,MO,1,1,0.07239999999999995,2004
02,04,02-04,MT,0.42548120468109907,0.09933432677420669,2,4,2002,2004,-2.352112676056322,2,101.34475905604963,Mid,Pres,2013,MT,MT_2002,MT_2004,81,0.2,40,0.2620320855614973,187,2002,MT,Montana,margin2004,0.21,MT,0,0,0.21,2004
02,04,02-04,NV,0.382635668873208,0.12151022261855107,2,4,2002,2004,-2.352112676056322,2,67.72895376234747,Mid,Pres,2013,NV,NV_2002,NV_2004,88,0.1509433962264151,53,0.22096317280453256,353,2002,NV,Nevada,margin2004,0.026400000000000007,NV,1,1,0.026400000000000007,2004
02,04,02-04,NY,0.12961354656111926,0.07876267708474352,2,4,2002,2004,-2.352112676056322,2,161.19778201350368,Mid,Pres,2013,NY,NY_2002,NY_2004,21,0.12422360248447205,161,0.20693512304250558,894,2002,NY,New York,margin2004,0.1858,NY,0,0,0.1858,2004
02,04,02-04,OK,0.3952476423737383,0.15841522804237,2,4,2002,2004,-2.352112676056322,2,39.84796491034694,Mid,Pres,2013,OK,OK_2002,OK_2004,73,0.20930232558139536,43,0.2518796992481203,266,2002,OK,Oklahoma,margin2004,0.31139999999999995,OK,0,0,0.31139999999999995,2004
02,06,02-06,AR,0.1474271861415505,0.10011556201931196,2,6,2002,2006,-0.352112676056322,4,99.76927598236288,Mid,Mid,2013,AR,AR_2002,AR_2006,71,0.08823529411764706,34,0.22058823529411764,204,2002,AR,Arkansas,margin2006,0.15519999999999995,AR,0,0,0.15519999999999995,2006
02,06,02-06,CO,0.20195616119718213,0.0662494682977201,2,6,2002,2006,-0.352112676056322,4,227.84274582164625,Mid,Mid,2013,CO,CO_2002,CO_2006,84,0.19672131147540983,61,0.29411764705882354,374,2002,CO,Colorado,margin2006,0.17319999999999994,CO,0,0,0.17319999999999994,2006
02,06,02-06,CT,0.23478322475984215,0.10092634152931,2,6,2002,2006,-0.352112676056322,4,98.17274588084693,Mid,Mid,2013,CT,CT_2002,CT_2006,16,0.1568627450980392,51,0.23228346456692914,254,2002,CT,Connecticut,margin2006,0.28139999999999993,CT,0,0,0.28139999999999993,2006
02,06,02-06,FL,0.2439458819678959,0.07023103950794847,2,6,2002,2006,-0.352112676056322,4,202.7411039075082,Mid,Mid,2013,FL,FL_2002,FL_2006,59,0.21428571428571427,126,0.23259493670886075,632,2002,FL,Florida,margin2006,0.07280000000000002,FL,1,0,0.07280000000000002,2006
02,06,02-06,IL,0.1776337359984735,0.0398109639980201,2,6,2002,2006,-0.352112676056322,4,630.9495169978791,Mid,Mid,2013,IL,IL_2002,IL_2006,33,0.1391304347826087,115,0.23873873873873874,666,2002,IL,Illinois,margin2006,0.11819999999999993,IL,0,0,0.11819999999999993,2006
02,06,02-06,MO,0.2863125567041516,0.05391935327846824,2,6,2002,2006,-0.352112676056322,4,343.9621468484198,Mid,Mid,2013,MO,MO_2002,MO_2006,43,0.1746031746031746,63,0.2542955326460481,291,2002,MO,Missouri,margin2006,0.023400000000000035,MO,1,0,0.023400000000000035,2006
02,06,02-06,MT,0.2723972642523591,0.10424674876396044,2,6,2002,2006,-0.352112676056322,4,92.01846021320598,Mid,Mid,2013,MT,MT_2002,MT_2006,81,0.2,40,0.2620320855614973,187,2002,MT,Montana,margin2006,0.009000000000000057,MT,1,0,0.009000000000000057,2006
02,06,02-06,NV,0.23796737107284066,0.0749873512726637,2,6,2002,2006,-0.352112676056322,4,177.83775728764226,Mid,Mid,2013,NV,NV_2002,NV_2006,88,0.1509433962264151,53,0.22096317280453256,353,2002,NV,Nevada,margin2006,0.04359999999999999,NV,1,0,0.04359999999999999,2006
02,06,02-06,NY,0.28797530449586833,0.03643823087929893,2,6,2002,2006,-0.352112676056322,4,753.156855294626,Mid,Mid,2013,NY,NY_2002,NY_2006,21,0.12422360248447205,161,0.20693512304250558,894,2002,NY,New York,margin2006,0.4156,NY,0,0,0.4156,2006
02,06,02-06,OK,0.07848357244792545,0.09314156246909591,2,6,2002,2006,-0.352112676056322,4,115.26911583006863,Mid,Mid,2013,OK,OK_2002,OK_2006,73,0.20930232558139536,43,0.2518796992481203,266,2002,OK,Oklahoma,margin2006,0.33,OK,0,0,0.33,2006
02,08,02-08,AR,0.5037820115269682,0.18211755401184784,2,8,2002,2008,1.647887323943678,6,30.150629397414644,Mid,Pres,2013,AR,AR_2002,AR_2008,71,0.08823529411764706,34,0.22058823529411764,204,2002,AR,Arkansas,margin2008,0.20340000000000003,AR,0,0,0.20340000000000003,2008
02,08,02-08,CO,0.36877185367455645,0.12177790727335386,2,8,2002,2008,1.647887323943678,6,67.43152583161535,Mid,Pres,2013,CO,CO_2002,CO_2008,84,0.19672131147540983,61,0.29411764705882354,374,2002,CO,Colorado,margin2008,0.09099999999999994,CO,1,1,0.09099999999999994,2008
02,08,02-08,CT,0.4680121365403154,0.20705857759111457,2,8,2002,2008,1.647887323943678,6,23.32456470593284,Mid,Pres,2013,CT,CT_2002,CT_2008,16,0.1568627450980392,51,0.23228346456692914,254,2002,CT,Connecticut,margin2008,0.22640000000000002,CT,0,0,0.22640000000000002,2008
02,08,02-08,FL,0.07711168366719819,0.08535397947327558,2,8,2002,2008,1.647887323943678,6,137.2626729565592,Mid,Pres,2013,FL,FL_2002,FL_2008,59,0.21428571428571427,126,0.23259493670886075,632,2002,FL,Florida,margin2008,0.028400000000000033,FL,1,1,0.028400000000000033,2008
02,08,02-08,IL,0.2375183809633163,0.08878065655559728,2,8,2002,2008,1.647887323943678,6,126.8712723139575,Mid,Pres,2013,IL,IL_2002,IL_2008,33,0.1391304347826087,115,0.23873873873873874,666,2002,IL,Illinois,margin2008,0.25459999999999994,IL,0,0,0.25459999999999994,2008
02,08,02-08,MO,0.18737800657416867,0.0911386974731745,2,8,2002,2008,1.647887323943678,6,120.39109513736932,Mid,Pres,2013,MO,MO_2002,MO_2008,43,0.1746031746031746,63,0.2542955326460481,291,2002,MO,Missouri,margin2008,0.0014000000000000056,MO,1,1,0.0014000000000000056,2008
02,08,02-08,MT,0.5109069668827053,0.1503743835194758,2,8,2002,2008,1.647887323943678,6,44.22341538418352,Mid,Pres,2013,MT,MT_2002,MT_2008,81,0.2,40,0.2620320855614973,187,2002,MT,Montana,margin2008,0.023400000000000035,MT,1,1,0.023400000000000035,2008
02,08,02-08,NV,0.37344015857379514,0.16054123548571314,2,8,2002,2008,1.647887323943678,6,38.79955979177112,Mid,Pres,2013,NV,NV_2002,NV_2008,88,0.1509433962264151,53,0.22096317280453256,353,2002,NV,Nevada,margin2008,0.12780000000000002,NV,0,0,0.12780000000000002,2008
02,08,02-08,NY,0.2039802254717685,0.0775873233405827,2,8,2002,2008,1.647887323943678,6,166.11867595224018,Mid,Pres,2013,NY,NY_2002,NY_2008,21,0.12422360248447205,161,0.20693512304250558,894,2002,NY,New York,margin2008,0.27159999999999995,NY,0,0,0.27159999999999995,2008
02,08,02-08,OK,0.3638495994529356,0.21058116014460493,2,8,2002,2008,1.647887323943678,6,22.55074904732731,Mid,Pres,2013,OK,OK_2002,OK_2008,73,0.20930232558139536,43,0.2518796992481203,266,2002,OK,Oklahoma,margin2008,0.31300000000000006,OK,0,0,0.31300000000000006,2008
02,10,02-10,AR,0.21304368056270248,0.10707712189658898,2,10,2002,2010,3.647887323943678,8,87.21809994186937,Mid,Mid,2013,AR,AR_2002,AR_2010,71,0.08823529411764706,34,0.22058823529411764,204,2002,AR,Arkansas,margin2010,0.31400000000000006,AR,0,0,0.31400000000000006,2010
02,10,02-10,CT,0.27186111523520967,0.12686747197029435,2,10,2002,2010,3.647887323943678,8,62.129724532706035,Mid,Mid,2013,CT,CT_2002,CT_2010,16,0.1568627450980392,51,0.23228346456692914,254,2002,CT,Connecticut,margin2010,0.0056000000000000225,CT,1,0,0.0056000000000000225,2010
02,10,02-10,FL,0.04931528656405113,0.04835314844121523,2,10,2002,2010,3.647887323943678,8,427.7110637821473,Mid,Mid,2013,FL,FL_2002,FL_2010,59,0.21428571428571427,126,0.23259493670886075,632,2002,FL,Florida,margin2010,0.011800000000000067,FL,1,0,0.011800000000000067,2010
02,10,02-10,IL,0.25057883325152747,0.056916385312376416,2,10,2002,2010,3.647887323943678,8,308.6920027514128,Mid,Mid,2013,IL,IL_2002,IL_2010,33,0.1391304347826087,115,0.23873873873873874,666,2002,IL,Illinois,margin2010,0.009200000000000017,IL,1,0,0.009200000000000017,2010
02,10,02-10,MO,0.15547051947629015,0.053872781018129576,2,10,2002,2010,3.647887323943678,8,344.5571047654843,Mid,Mid,2013,MO,MO_2002,MO_2010,43,0.1746031746031746,63,0.2542955326460481,291,2002,MO,Missouri,margin2010,0.17340000000000003,MO,0,0,0.17340000000000003,2010
02,10,02-10,MT,0.3049424960288856,0.09941583299687905,2,10,2002,2010,3.647887323943678,8,101.1786518642892,Mid,Mid,2013,MT,MT_2002,MT_2010,81,0.2,40,0.2620320855614973,187,2002,MT,Montana,margin2010,NA,MT,0,0,1,2010
02,10,02-10,NV,0.3014906652211902,0.1091829852763007,2,10,2002,2010,3.647887323943678,8,83.88611294126329,Mid,Mid,2013,NV,NV_2002,NV_2010,88,0.1509433962264151,53,0.22096317280453256,353,2002,NV,Nevada,margin2010,0.12359999999999999,NV,0,0,0.12359999999999999,2010
02,10,02-10,NY,0.10316431709269559,0.030193193766294753,2,10,2002,2010,3.647887323943678,8,1096.937520697969,Mid,Mid,2013,NY,NY_2002,NY_2010,21,0.12422360248447205,161,0.20693512304250558,894,2002,NY,New York,margin2010,0.30580000000000007,NY,0,0,0.30580000000000007,2010
02,10,02-10,OK,0.1726166392200433,0.14195081697539216,2,10,2002,2010,3.647887323943678,8,49.627706740581075,Mid,Mid,2013,OK,OK_2002,OK_2010,73,0.20930232558139536,43,0.2518796992481203,266,2002,OK,Oklahoma,margin2010,0.20900000000000005,OK,0,0,0.20900000000000005,2010
02,12,02-12,AR,0.4796220628390418,0.19459555802712314,2,12,2002,2012,5.647887323943678,10,26.40791752194008,Mid,Pres,2013,AR,AR_2002,AR_2012,71,0.08823529411764706,34,0.22058823529411764,204,2002,AR,Arkansas,margin2012,0.24299999999999997,AR,0,0,0.24299999999999997,2012
02,12,02-12,CT,0.6082103846626057,0.19168960336515853,2,12,2002,2012,5.647887323943678,10,27.21465809130708,Mid,Pres,2013,CT,CT_2002,CT_2012,16,0.1568627450980392,51,0.23228346456692914,254,2002,CT,Connecticut,margin2012,0.17540000000000006,CT,0,0,0.17540000000000006,2012
02,12,02-12,FL,0.04590383317001223,0.09574678207042032,2,12,2002,2012,5.647887323943678,10,109.08163187454603,Mid,Pres,2013,FL,FL_2002,FL_2012,59,0.21428571428571427,126,0.23259493670886075,632,2002,FL,Florida,margin2012,0.008799999999999954,FL,1,1,0.008799999999999954,2012
02,12,02-12,IL,0.3253491953881335,0.10017276858009704,2,12,2002,2012,5.647887323943678,10,99.65535625093307,Mid,Pres,2013,IL,IL_2002,IL_2012,33,0.1391304347826087,115,0.23873873873873874,666,2002,IL,Illinois,margin2012,0.17159999999999997,IL,0,0,0.17159999999999997,2012
02,12,02-12,MO,0.23769141184080333,0.09516281620040275,2,12,2002,2012,5.647887323943678,10,110.42449665581148,Mid,Pres,2013,MO,MO_2002,MO_2012,43,0.1746031746031746,63,0.2542955326460481,291,2002,MO,Missouri,margin2012,0.09560000000000002,MO,1,1,0.09560000000000002,2012
02,12,02-12,MT,0.513752833318072,0.15312735363487961,2,12,2002,2012,5.647887323943678,10,42.64758523864033,Mid,Pres,2013,MT,MT_2002,MT_2012,81,0.2,40,0.2620320855614973,187,2002,MT,Montana,margin2012,0.14060000000000003,MT,0,0,0.14060000000000003,2012
02,12,02-12,NV,0.6142785669739711,0.1880911111864652,2,12,2002,2012,5.647887323943678,10,28.26594149541955,Mid,Pres,2013,NV,NV_2002,NV_2012,88,0.1509433962264151,53,0.22096317280453256,353,2002,NV,Nevada,margin2012,0.06819999999999993,NV,1,1,0.06819999999999993,2012
02,12,02-12,NY,0.2078651287562102,0.07302096213275013,2,12,2002,2012,5.647887323943678,10,187.54474428000592,Mid,Pres,2013,NY,NY_2002,NY_2012,21,0.12422360248447205,161,0.20693512304250558,894,2002,NY,New York,margin2012,0.2859999999999999,NY,0,0,0.2859999999999999,2012
02,12,02-12,OK,0.2816773935078302,0.20982552540687263,2,12,2002,2012,5.647887323943678,10,22.713463399785187,Mid,Pres,2013,OK,OK_2002,OK_2012,73,0.20930232558139536,43,0.2518796992481203,266,2002,OK,Oklahoma,margin2012,0.3354,OK,0,0,0.3354,2012
04,06,04-06,AR,0.15725704485905725,0.018609613522236185,4,6,2004,2006,-0.352112676056322,2,2887.5219354842693,Pres,Mid,2013,AR,AR_2004,AR_2006,71,0.2631578947368421,38,0.39814814814814814,216,2004,AR,Arkansas,margin2006,0.15519999999999995,AR,0,0,0.15519999999999995,2006
04,06,04-06,CO,0.14787808764338184,0.011443584231769544,4,6,2004,2006,-0.352112676056322,2,7636.174754993237,Pres,Mid,2013,CO,CO_2004,CO_2006,84,0.4461538461538462,65,0.5,400,2004,CO,Colorado,margin2006,0.17319999999999994,CO,0,0,0.17319999999999994,2006
04,06,04-06,CT,0.11256072308620324,0.011858657021303275,4,6,2004,2006,-0.352112676056322,2,7110.972236723064,Pres,Mid,2013,CT,CT_2004,CT_2006,16,0.36231884057971014,69,0.4416961130742049,283,2004,CT,Connecticut,margin2006,0.28139999999999993,CT,0,0,0.28139999999999993,2006
04,06,04-06,FL,0.22335391776472552,0.013069863946753035,4,6,2004,2006,-0.352112676056322,2,5854.069397907725,Pres,Mid,2013,FL,FL_2004,FL_2006,59,0.3761467889908257,109,0.4852459016393443,610,2004,FL,Florida,margin2006,0.07280000000000002,FL,1,0,0.07280000000000002,2006
04,06,04-06,IA,0.1424734694588841,0.04849834301035741,4,6,2004,2006,-0.352112676056322,2,425.1539304800274,Pres,Mid,2013,IA,IA_2004,IA_2006,42,0.6666666666666666,57,0.5994897959183674,392,2004,IA,Iowa,margin2006,0.09799999999999998,IA,1,0,0.09799999999999998,2006
04,06,04-06,IL,0.09708883776061283,0.0077747399726774856,4,6,2004,2006,-0.352112676056322,2,16543.532699833908,Pres,Mid,2013,IL,IL_2004,IL_2006,33,0.4166666666666667,96,0.4845528455284553,615,2004,IL,Illinois,margin2006,0.11819999999999993,IL,0,0,0.11819999999999993,2006
04,06,04-06,MO,0.09452674809785785,0.012397419290734785,4,6,2004,2006,-0.352112676056322,2,6506.349983154827,Pres,Mid,2013,MO,MO_2004,MO_2006,43,0.5614035087719298,57,0.49664429530201343,298,2004,MO,Missouri,margin2006,0.023400000000000035,MO,1,0,0.023400000000000035,2006
04,06,04-06,MT,0.2047503089404474,0.03781713665038297,4,6,2004,2006,-0.352112676056322,2,699.2342845449307,Pres,Mid,2013,MT,MT_2004,MT_2006,81,0.38461538461538464,39,0.48936170212765956,188,2004,MT,Montana,margin2006,0.009000000000000057,MT,1,0,0.009000000000000057,2006
04,06,04-06,NJ,0.08138409613256484,0.0074468694093171835,4,6,2004,2006,-0.352112676056322,2,18032.358129167107,Pres,Mid,2013,NJ,NJ_2004,NJ_2006,22,0.48148148148148145,54,0.5195195195195195,333,2004,NJ,New Jersey,margin2006,0.09239999999999995,NJ,1,0,0.09239999999999995,2006
04,06,04-06,NV,0.14962997885177948,0.018807096162405033,4,6,2004,2006,-0.352112676056322,2,2827.1998537479753,Pres,Mid,2013,NV,NV_2004,NV_2006,88,0.4393939393939394,66,0.41935483870967744,279,2004,NV,Nevada,margin2006,0.04359999999999999,NV,1,0,0.04359999999999999,2006
04,06,04-06,NY,0.07496509286703792,0.005747670169659566,4,6,2004,2006,-0.352112676056322,2,30270.27201719405,Pres,Mid,2013,NY,NY_2004,NY_2006,21,0.5073529411764706,136,0.48951911220715166,811,2004,NY,New York,margin2006,0.4156,NY,0,0,0.4156,2006
04,06,04-06,OK,0.11248728223555497,0.01707807890539194,4,6,2004,2006,-0.352112676056322,2,3428.6406389296308,Pres,Mid,2013,OK,OK_2004,OK_2006,73,0.37209302325581395,43,0.45228215767634855,241,2004,OK,Oklahoma,margin2006,0.33,OK,0,0,0.33,2006
04,06,04-06,PA,0.2534910230272881,0.01647162010379233,4,6,2004,2006,-0.352112676056322,2,3685.7626554696535,Pres,Mid,2013,PA,PA_2004,PA_2006,23,0.46788990825688076,109,0.4956521739130435,575,2004,PA,Pennsylvania,margin2006,0.2072,PA,0,0,0.2072,2006
04,08,04-08,AR,0.2211372436295652,0.04328823713563166,4,8,2004,2008,1.647887323943678,4,533.6545295177509,Pres,Pres,2013,AR,AR_2004,AR_2008,71,0.2631578947368421,38,0.39814814814814814,216,2004,AR,Arkansas,margin2008,0.20340000000000003,AR,0,0,0.20340000000000003,2008
04,08,04-08,CO,0.09084277463560585,0.02472872455528678,4,8,2004,2008,1.647887323943678,4,1635.2967202652146,Pres,Pres,2013,CO,CO_2004,CO_2008,84,0.4461538461538462,65,0.5,400,2004,CO,Colorado,margin2008,0.09099999999999994,CO,1,1,0.09099999999999994,2008
04,08,04-08,CT,0.16054558750634018,0.029440149362069425,4,8,2004,2008,1.647887323943678,4,1153.7719648076395,Pres,Pres,2013,CT,CT_2004,CT_2008,16,0.36231884057971014,69,0.4416961130742049,283,2004,CT,Connecticut,margin2008,0.22640000000000002,CT,0,0,0.22640000000000002,2008
04,08,04-08,FL,0.08122525960607659,0.020075407340607095,4,8,2004,2008,1.647887323943678,4,2481.254248886647,Pres,Pres,2013,FL,FL_2004,FL_2008,59,0.3761467889908257,109,0.4852459016393443,610,2004,FL,Florida,margin2008,0.028400000000000033,FL,1,1,0.028400000000000033,2008
04,08,04-08,IA,-0.023963790593660036,0.09507386564711581,4,8,2004,2008,1.647887323943678,4,110.6312183423595,Pres,Pres,2013,IA,IA_2004,IA_2008,42,0.6666666666666666,57,0.5994897959183674,392,2004,IA,Iowa,margin2008,0.09700000000000003,IA,1,1,0.09700000000000003,2008
04,08,04-08,IL,0.08112983068883678,0.019986287757485115,4,8,2004,2008,1.647887323943678,4,2503.4315893342036,Pres,Pres,2013,IL,IL_2004,IL_2008,33,0.4166666666666667,96,0.4845528455284553,615,2004,IL,Illinois,margin2008,0.25459999999999994,IL,0,0,0.25459999999999994,2008
04,08,04-08,MO,0.07890282765665416,0.02224908925363123,4,8,2004,2008,1.647887323943678,4,2020.1123491858104,Pres,Pres,2013,MO,MO_2004,MO_2008,43,0.5614035087719298,57,0.49664429530201343,298,2004,MO,Missouri,margin2008,0.0014000000000000056,MO,1,1,0.0014000000000000056,2008
04,08,04-08,MT,0.22246058141721473,0.061954981601661824,4,8,2004,2008,1.647887323943678,4,260.523878670199,Pres,Pres,2013,MT,MT_2004,MT_2008,81,0.38461538461538464,39,0.48936170212765956,188,2004,MT,Montana,margin2008,0.023400000000000035,MT,1,1,0.023400000000000035,2008
04,08,04-08,NJ,0.12419244440372013,0.020583163829557004,4,8,2004,2008,1.647887323943678,4,2360.346370366092,Pres,Pres,2013,NJ,NJ_2004,NJ_2008,22,0.48148148148148145,54,0.5195195195195195,333,2004,NJ,New Jersey,margin2008,0.15719999999999998,NJ,0,0,0.15719999999999998,2008
04,08,04-08,NV,0.11649504840450337,0.03697703007335946,4,8,2004,2008,1.647887323943678,4,731.3679874542293,Pres,Pres,2013,NV,NV_2004,NV_2008,88,0.4393939393939394,66,0.41935483870967744,279,2004,NV,Nevada,margin2008,0.12780000000000002,NV,0,0,0.12780000000000002,2008
04,08,04-08,NY,0.13153842058272766,0.012808234101910627,4,8,2004,2008,1.647887323943678,4,6095.670544284202,Pres,Pres,2013,NY,NY_2004,NY_2008,21,0.5073529411764706,136,0.48951911220715166,811,2004,NY,New York,margin2008,0.27159999999999995,NY,0,0,0.27159999999999995,2008
04,08,04-08,OK,0.16368587359976083,0.03847459377557876,4,8,2004,2008,1.647887323943678,4,675.5413131577955,Pres,Pres,2013,OK,OK_2004,OK_2008,73,0.37209302325581395,43,0.45228215767634855,241,2004,OK,Oklahoma,margin2008,0.31300000000000006,OK,0,0,0.31300000000000006,2008
04,08,04-08,PA,0.20323572455469704,0.05039481270505361,4,8,2004,2008,1.647887323943678,4,393.75703767520605,Pres,Pres,2013,PA,PA_2004,PA_2008,23,0.46788990825688076,109,0.4956521739130435,575,2004,PA,Pennsylvania,margin2008,0.10459999999999994,PA,0,0,0.10459999999999994,2008
04,10,04-10,AR,0.05903994834850787,0.02476558206151174,4,10,2004,2010,3.647887323943678,6,1630.432864602549,Pres,Mid,2013,AR,AR_2004,AR_2010,71,0.2631578947368421,38,0.39814814814814814,216,2004,AR,Arkansas,margin2010,0.31400000000000006,AR,0,0,0.31400000000000006,2010
04,10,04-10,CT,0.07267016986159909,0.01652300874470678,4,10,2004,2010,3.647887323943678,6,3662.871934084951,Pres,Mid,2013,CT,CT_2004,CT_2010,16,0.36231884057971014,69,0.4416961130742049,283,2004,CT,Connecticut,margin2010,0.0056000000000000225,CT,1,0,0.0056000000000000225,2010
04,10,04-10,FL,0.02249898360312257,0.010369036135312796,4,10,2004,2010,3.647887323943678,6,9300.862501612508,Pres,Mid,2013,FL,FL_2004,FL_2010,59,0.3761467889908257,109,0.4852459016393443,610,2004,FL,Florida,margin2010,0.011800000000000067,FL,1,0,0.011800000000000067,2010
04,10,04-10,IA,0.16777169987690918,0.06382853601498685,4,10,2004,2010,3.647887323943678,6,245.45406734339332,Pres,Mid,2013,IA,IA_2004,IA_2010,42,0.6666666666666666,57,0.5994897959183674,392,2004,IA,Iowa,margin2010,0.1,IA,1,0,0.1,2010
04,10,04-10,IL,0.050150641987973935,0.012107735312239703,4,10,2004,2010,3.647887323943678,6,6821.410156366781,Pres,Mid,2013,IL,IL_2004,IL_2010,33,0.4166666666666667,96,0.4845528455284553,615,2004,IL,Illinois,margin2010,0.009200000000000017,IL,1,0,0.009200000000000017,2010
04,10,04-10,MO,0.020901713624143378,0.011976232920423165,4,10,2004,2010,3.647887323943678,6,6972.034578428829,Pres,Mid,2013,MO,MO_2004,MO_2010,43,0.5614035087719298,57,0.49664429530201343,298,2004,MO,Missouri,margin2010,0.17340000000000003,MO,0,0,0.17340000000000003,2010
04,10,04-10,MT,0.0768533667670861,0.038571024443306866,4,10,2004,2010,3.647887323943678,6,672.1677201772369,Pres,Mid,2013,MT,MT_2004,MT_2010,81,0.38461538461538464,39,0.48936170212765956,188,2004,MT,Montana,margin2010,NA,MT,0,0,1,2010
04,10,04-10,NJ,0.03415133238464946,0.009843084640022476,4,10,2004,2010,3.647887323943678,6,10321.37508397767,Pres,Mid,2013,NJ,NJ_2004,NJ_2010,22,0.48148148148148145,54,0.5195195195195195,333,2004,NJ,New Jersey,margin2010,NA,NJ,0,0,1,2010
04,10,04-10,NV,0.055056578903170235,0.027759231330840684,4,10,2004,2010,3.647887323943678,6,1297.7323408168863,Pres,Mid,2013,NV,NV_2004,NV_2010,88,0.4393939393939394,66,0.41935483870967744,279,2004,NV,Nevada,margin2010,0.12359999999999999,NV,0,0,0.12359999999999999,2010
04,10,04-10,NY,0.01981542512086848,0.005550298108226766,4,10,2004,2010,3.647887323943678,6,32461.41002407851,Pres,Mid,2013,NY,NY_2004,NY_2010,21,0.5073529411764706,136,0.48951911220715166,811,2004,NY,New York,margin2010,0.30580000000000007,NY,0,0,0.30580000000000007,2010
04,10,04-10,OK,0.0794353987096097,0.024214243305666044,4,10,2004,2010,3.647887323943678,6,1705.5254178615346,Pres,Mid,2013,OK,OK_2004,OK_2010,73,0.37209302325581395,43,0.45228215767634855,241,2004,OK,Oklahoma,margin2010,0.20900000000000005,OK,0,0,0.20900000000000005,2010
04,10,04-10,PA,0.12018051302667389,0.022175747153650983,4,10,2004,2010,3.647887323943678,6,2033.496726748688,Pres,Mid,2013,PA,PA_2004,PA_2010,23,0.46788990825688076,109,0.4956521739130435,575,2004,PA,Pennsylvania,margin2010,0.08980000000000005,PA,1,0,0.08980000000000005,2010
04,12,04-12,AR,0.14682175382096996,0.045363673401416504,4,12,2004,2012,5.647887323943678,8,485.9410300196862,Pres,Pres,2013,AR,AR_2004,AR_2012,71,0.2631578947368421,38,0.39814814814814814,216,2004,AR,Arkansas,margin2012,0.24299999999999997,AR,0,0,0.24299999999999997,2012
04,12,04-12,CT,0.10040818052859987,0.0266698626032109,4,12,2004,2012,5.647887323943678,8,1405.9129891537325,Pres,Pres,2013,CT,CT_2004,CT_2012,16,0.36231884057971014,69,0.4416961130742049,283,2004,CT,Connecticut,margin2012,0.17540000000000006,CT,0,0,0.17540000000000006,2012
04,12,04-12,FL,0.05980567565910124,0.022803802144856385,4,12,2004,2012,5.647887323943678,8,1923.0273967571873,Pres,Pres,2013,FL,FL_2004,FL_2012,59,0.3761467889908257,109,0.4852459016393443,610,2004,FL,Florida,margin2012,0.008799999999999954,FL,1,1,0.008799999999999954,2012
04,12,04-12,IA,-0.027663751390613098,0.11509191284048585,4,12,2004,2012,5.647887323943678,8,75.4936431108697,Pres,Pres,2013,IA,IA_2004,IA_2012,42,0.6666666666666666,57,0.5994897959183674,392,2004,IA,Iowa,margin2012,0.059200000000000016,IA,1,1,0.059200000000000016,2012
04,12,04-12,IL,0.15037386401379169,0.02152067695841242,4,12,2004,2012,5.647887323943678,8,2159.1764914325836,Pres,Pres,2013,IL,IL_2004,IL_2012,33,0.4166666666666667,96,0.4845528455284553,615,2004,IL,Illinois,margin2012,0.17159999999999997,IL,0,0,0.17159999999999997,2012
04,12,04-12,MO,0.04820490384969798,0.022868543014208615,4,12,2004,2012,5.647887323943678,8,1912.1546238189571,Pres,Pres,2013,MO,MO_2004,MO_2012,43,0.5614035087719298,57,0.49664429530201343,298,2004,MO,Missouri,margin2012,0.09560000000000002,MO,1,1,0.09560000000000002,2012
04,12,04-12,MT,0.19621079606161568,0.05998699871240349,4,12,2004,2012,5.647887323943678,8,277.89819920976606,Pres,Pres,2013,MT,MT_2004,MT_2012,81,0.38461538461538464,39,0.48936170212765956,188,2004,MT,Montana,margin2012,0.14060000000000003,MT,0,0,0.14060000000000003,2012
04,12,04-12,NJ,0.06286181364072344,0.020679831091339824,4,12,2004,2012,5.647887323943678,8,2338.3312062517134,Pres,Pres,2013,NJ,NJ_2004,NJ_2012,22,0.48148148148148145,54,0.5195195195195195,333,2004,NJ,New Jersey,margin2012,0.17980000000000004,NJ,0,0,0.17980000000000004,2012
04,12,04-12,NV,0.1318322139907241,0.04181846922599481,4,12,2004,2012,5.647887323943678,8,571.8257882827432,Pres,Pres,2013,NV,NV_2004,NV_2012,88,0.4393939393939394,66,0.41935483870967744,279,2004,NV,Nevada,margin2012,0.06819999999999993,NV,1,1,0.06819999999999993,2012
04,12,04-12,NY,0.07055552702362394,0.01257829810683815,4,12,2004,2012,5.647887323943678,8,6320.569823188215,Pres,Pres,2013,NY,NY_2004,NY_2012,21,0.5073529411764706,136,0.48951911220715166,811,2004,NY,New York,margin2012,0.2859999999999999,NY,0,0,0.2859999999999999,2012
04,12,04-12,OK,0.14700490495529067,0.04167670536781298,4,12,2004,2012,5.647887323943678,8,575.7225502631921,Pres,Pres,2013,OK,OK_2004,OK_2012,73,0.37209302325581395,43,0.45228215767634855,241,2004,OK,Oklahoma,margin2012,0.3354,OK,0,0,0.3354,2012
04,12,04-12,PA,0.24332449857776647,0.05386667694478469,4,12,2004,2012,5.647887323943678,8,344.6351983522352,Pres,Pres,2013,PA,PA_2004,PA_2012,23,0.46788990825688076,109,0.4956521739130435,575,2004,PA,Pennsylvania,margin2012,0.05459999999999994,PA,1,1,0.05459999999999994,2012
06,08,06-08,AR,0.32996276120874785,0.11656447358056797,6,8,2006,2008,1.647887323943678,2,73.59826672533994,Mid,Pres,2013,AR,AR_2006,AR_2008,71,0.05,40,0.2028301886792453,212,2006,AR,Arkansas,margin2008,0.20340000000000003,AR,0,0,0.20340000000000003,2008
06,08,06-08,CO,0.08801329657866064,0.07875776777228918,6,8,2006,2008,1.647887323943678,2,161.2178789503774,Mid,Pres,2013,CO,CO_2006,CO_2008,84,0.14545454545454545,55,0.308252427184466,412,2006,CO,Colorado,margin2008,0.09099999999999994,CO,1,1,0.09099999999999994,2008
06,08,06-08,CT,0.23078981270777982,0.09169883110603337,6,8,2006,2008,1.647887323943678,2,118.92479201869128,Mid,Pres,2013,CT,CT_2006,CT_2008,16,0.18181818181818182,77,0.22023809523809523,336,2006,CT,Connecticut,margin2008,0.22640000000000002,CT,0,0,0.22640000000000002,2008
06,08,06-08,FL,0.023653669104773747,0.0383721428338053,6,8,2006,2008,1.647887323943678,2,679.1534250361925,Mid,Pres,2013,FL,FL_2006,FL_2008,59,0.1111111111111111,108,0.18126888217522658,662,2006,FL,Florida,margin2008,0.028400000000000033,FL,1,1,0.028400000000000033,2008
06,08,06-08,IA,0.22766311601119446,0.06713838794706321,6,8,2006,2008,1.647887323943678,2,221.84936068548924,Mid,Pres,2013,IA,IA_2006,IA_2008,42,0.16923076923076924,65,0.2638522427440633,379,2006,IA,Iowa,margin2008,0.09700000000000003,IA,1,1,0.09700000000000003,2008
06,08,06-08,IL,0.23799227978521936,0.06679462739835026,6,8,2006,2008,1.647887323943678,2,224.13874550561388,Mid,Pres,2013,IL,IL_2006,IL_2008,33,0.22093023255813954,86,0.23279352226720648,494,2006,IL,Illinois,margin2008,0.25459999999999994,IL,0,0,0.25459999999999994,2008
06,08,06-08,MO,0.1292207235002774,0.045362635331595944,6,8,2006,2008,1.647887323943678,2,485.9632706362602,Mid,Pres,2013,MO,MO_2006,MO_2008,43,0.15873015873015872,63,0.3171428571428571,350,2006,MO,Missouri,margin2008,0.0014000000000000056,MO,1,1,0.0014000000000000056,2008
06,08,06-08,MT,0.1880579858028007,0.059325448868800756,6,8,2006,2008,1.647887323943678,2,284.1305514790723,Mid,Pres,2013,MT,MT_2006,MT_2008,81,0.20588235294117646,34,0.40454545454545454,220,2006,MT,Montana,margin2008,0.023400000000000035,MT,1,1,0.023400000000000035,2008
06,08,06-08,NJ,0.2813754644339819,0.0917818049825633,6,8,2006,2008,1.647887323943678,2,118.70986509140006,Mid,Pres,2013,NJ,NJ_2006,NJ_2008,22,0.1111111111111111,54,0.2140468227424749,299,2006,NJ,New Jersey,margin2008,0.15719999999999998,NJ,0,0,0.15719999999999998,2008
06,08,06-08,NV,0.5669414780582982,0.12880721206075205,6,8,2006,2008,1.647887323943678,2,60.27256018794938,Mid,Pres,2013,NV,NV_2006,NV_2008,88,0.15217391304347827,46,0.20238095238095238,252,2006,NV,Nevada,margin2008,0.12780000000000002,NV,0,0,0.12780000000000002,2008
06,08,06-08,NY,0.1562873555993814,0.06474223608749914,6,8,2006,2008,1.647887323943678,2,238.57482270291038,Mid,Pres,2013,NY,NY_2006,NY_2008,21,0.1,140,0.189873417721519,711,2006,NY,New York,margin2008,0.27159999999999995,NY,0,0,0.27159999999999995,2008
06,08,06-08,OK,0.22879424899912237,0.11554902833585481,6,8,2006,2008,1.647887323943678,2,74.89751427080729,Mid,Pres,2013,OK,OK_2006,OK_2008,73,0.1568627450980392,51,0.25,264,2006,OK,Oklahoma,margin2008,0.31300000000000006,OK,0,0,0.31300000000000006,2008
06,08,06-08,OR,0.25793318388356057,0.0595119403127819,6,8,2006,2008,1.647887323943678,2,282.35259253741896,Mid,Pres,2013,OR,OR_2006,OR_2008,92,0.2926829268292683,41,0.32489451476793246,237,2006,OR,Oregon,margin2008,0.16819999999999993,OR,0,0,0.16819999999999993,2008
06,08,06-08,PA,0.22635484054690594,0.10154310514543202,6,8,2006,2008,1.647887323943678,2,96.98378298766576,Mid,Pres,2013,PA,PA_2006,PA_2008,23,0.1566265060240964,83,0.2490272373540856,514,2006,PA,Pennsylvania,margin2008,0.10459999999999994,PA,0,0,0.10459999999999994,2008
06,10,06-10,AR,0.21176893475776037,0.0649917631003541,6,10,2006,2010,3.647887323943678,4,236.7463884613514,Mid,Mid,2013,AR,AR_2006,AR_2010,71,0.05,40,0.2028301886792453,212,2006,AR,Arkansas,margin2010,0.31400000000000006,AR,0,0,0.31400000000000006,2010
06,10,06-10,CT,0.20905598346418774,0.04570478443090625,6,10,2006,2010,3.647887323943678,4,478.7145969537834,Mid,Mid,2013,CT,CT_2006,CT_2010,16,0.18181818181818182,77,0.22023809523809523,336,2006,CT,Connecticut,margin2010,0.0056000000000000225,CT,1,0,0.0056000000000000225,2010
06,10,06-10,FL,0.05087692418613495,0.018575073477545768,6,10,2006,2010,3.647887323943678,4,2898.270519035542,Mid,Mid,2013,FL,FL_2006,FL_2010,59,0.1111111111111111,108,0.18126888217522658,662,2006,FL,Florida,margin2010,0.011800000000000067,FL,1,0,0.011800000000000067,2010
06,10,06-10,IA,0.09650392437966974,0.04467155976423971,6,10,2006,2010,3.647887323943678,4,501.11541984164273,Mid,Mid,2013,IA,IA_2006,IA_2010,42,0.16923076923076924,65,0.2638522427440633,379,2006,IA,Iowa,margin2010,0.1,IA,1,0,0.1,2010
06,10,06-10,IL,0.18301675525222413,0.03572108917848062,6,10,2006,2010,3.647887323943678,4,783.7013860382906,Mid,Mid,2013,IL,IL_2006,IL_2010,33,0.22093023255813954,86,0.23279352226720648,494,2006,IL,Illinois,margin2010,0.009200000000000017,IL,1,0,0.009200000000000017,2010
06,10,06-10,MO,0.059650542785435655,0.022559032438747625,6,10,2006,2010,3.647887323943678,4,1964.9841993952275,Mid,Mid,2013,MO,MO_2006,MO_2010,43,0.15873015873015872,63,0.3171428571428571,350,2006,MO,Missouri,margin2010,0.17340000000000003,MO,0,0,0.17340000000000003,2010
06,10,06-10,MT,0.086294968707869,0.039288665134125954,6,10,2006,2010,3.647887323943678,4,647.8365593888551,Mid,Mid,2013,MT,MT_2006,MT_2010,81,0.20588235294117646,34,0.40454545454545454,220,2006,MT,Montana,margin2010,NA,MT,0,0,1,2010
06,10,06-10,NJ,0.2589046147885197,0.03760309925266443,6,10,2006,2010,3.647887323943678,4,707.2170428610432,Mid,Mid,2013,NJ,NJ_2006,NJ_2010,22,0.1111111111111111,54,0.2140468227424749,299,2006,NJ,New Jersey,margin2010,NA,NJ,0,0,1,2010
06,10,06-10,NV,0.16790470171421323,0.07804501406725034,6,10,2006,2010,3.647887323943678,4,164.17600123672943,Mid,Mid,2013,NV,NV_2006,NV_2010,88,0.15217391304347827,46,0.20238095238095238,252,2006,NV,Nevada,margin2010,0.12359999999999999,NV,0,0,0.12359999999999999,2010
06,10,06-10,NY,0.1828808754417744,0.024661879075400035,6,10,2006,2010,3.647887323943678,4,1644.1736057479034,Mid,Mid,2013,NY,NY_2006,NY_2010,21,0.1,140,0.189873417721519,711,2006,NY,New York,margin2010,0.30580000000000007,NY,0,0,0.30580000000000007,2010
06,10,06-10,OK,0.10689551531592921,0.06704090353594465,6,10,2006,2010,3.647887323943678,4,222.49501362224856,Mid,Mid,2013,OK,OK_2006,OK_2010,73,0.1568627450980392,51,0.25,264,2006,OK,Oklahoma,margin2010,0.20900000000000005,OK,0,0,0.20900000000000005,2010
06,10,06-10,OR,0.20304593208115224,0.0399107914279292,6,10,2006,2010,3.647887323943678,4,627.7971216663258,Mid,Mid,2013,OR,OR_2006,OR_2010,92,0.2926829268292683,41,0.32489451476793246,237,2006,OR,Oregon,margin2010,0.015799999999999984,OR,1,0,0.015799999999999984,2010
06,10,06-10,PA,0.07251160422711782,0.0405028079624967,6,10,2006,2010,3.647887323943678,4,609.5786310653639,Mid,Mid,2013,PA,PA_2006,PA_2010,23,0.1566265060240964,83,0.2490272373540856,514,2006,PA,Pennsylvania,margin2010,0.08980000000000005,PA,1,0,0.08980000000000005,2010
06,12,06-12,AR,0.1977502131904236,0.12697043096662583,6,12,2006,2012,5.647887323943678,6,62.0290046961788,Mid,Pres,2013,AR,AR_2006,AR_2012,71,0.05,40,0.2028301886792453,212,2006,AR,Arkansas,margin2012,0.24299999999999997,AR,0,0,0.24299999999999997,2012
06,12,06-12,CT,0.17575740916724,0.08023782983723995,6,12,2006,2012,5.647887323943678,6,155.32510363788697,Mid,Pres,2013,CT,CT_2006,CT_2012,16,0.18181818181818182,77,0.22023809523809523,336,2006,CT,Connecticut,margin2012,0.17540000000000006,CT,0,0,0.17540000000000006,2012
06,12,06-12,FL,0.06045824053374265,0.04253900841177605,6,12,2006,2012,5.647887323943678,6,552.6183165469542,Mid,Pres,2013,FL,FL_2006,FL_2012,59,0.1111111111111111,108,0.18126888217522658,662,2006,FL,Florida,margin2012,0.008799999999999954,FL,1,1,0.008799999999999954,2012
06,12,06-12,IA,0.25770403181848645,0.07754768581846778,6,12,2006,2012,5.647887323943678,6,166.28853828720705,Mid,Pres,2013,IA,IA_2006,IA_2012,42,0.16923076923076924,65,0.2638522427440633,379,2006,IA,Iowa,margin2012,0.059200000000000016,IA,1,1,0.059200000000000016,2012
06,12,06-12,IL,0.30850118674329235,0.07518552146138996,6,12,2006,2012,5.647887323943678,6,176.90152125405368,Mid,Pres,2013,IL,IL_2006,IL_2012,33,0.22093023255813954,86,0.23279352226720648,494,2006,IL,Illinois,margin2012,0.17159999999999997,IL,0,0,0.17159999999999997,2012
06,12,06-12,MO,0.13186146361242898,0.04411795685668571,6,12,2006,2012,5.647887323943678,6,513.7705622714537,Mid,Pres,2013,MO,MO_2006,MO_2012,43,0.15873015873015872,63,0.3171428571428571,350,2006,MO,Missouri,margin2012,0.09560000000000002,MO,1,1,0.09560000000000002,2012
06,12,06-12,MT,0.16591425885054137,0.05987794648972424,6,12,2006,2012,5.647887323943678,6,278.9113606432157,Mid,Pres,2013,MT,MT_2006,MT_2012,81,0.20588235294117646,34,0.40454545454545454,220,2006,MT,Montana,margin2012,0.14060000000000003,MT,0,0,0.14060000000000003,2012
06,12,06-12,NJ,0.26835979611365884,0.08950880374322916,6,12,2006,2012,5.647887323943678,6,124.81549231689908,Mid,Pres,2013,NJ,NJ_2006,NJ_2012,22,0.1111111111111111,54,0.2140468227424749,299,2006,NJ,New Jersey,margin2012,0.17980000000000004,NJ,0,0,0.17980000000000004,2012
06,12,06-12,NV,0.5430825455149699,0.13144520146465138,6,12,2006,2012,5.647887323943678,6,57.877601761107734,Mid,Pres,2013,NV,NV_2006,NV_2012,88,0.15217391304347827,46,0.20238095238095238,252,2006,NV,Nevada,margin2012,0.06819999999999993,NV,1,1,0.06819999999999993,2012
06,12,06-12,NY,0.12729878191909832,0.0613363078755741,6,12,2006,2012,5.647887323943678,6,265.80597530770405,Mid,Pres,2013,NY,NY_2006,NY_2012,21,0.1,140,0.189873417721519,711,2006,NY,New York,margin2012,0.2859999999999999,NY,0,0,0.2859999999999999,2012
06,12,06-12,OK,0.2410110978092685,0.12022535863764483,6,12,2006,2012,5.647887323943678,6,69.1843456110122,Mid,Pres,2013,OK,OK_2006,OK_2012,73,0.1568627450980392,51,0.25,264,2006,OK,Oklahoma,margin2012,0.3354,OK,0,0,0.3354,2012
06,12,06-12,OR,0.27536980030190744,0.0711641789340857,6,12,2006,2012,5.647887323943678,6,197.45908218065154,Mid,Pres,2013,OR,OR_2006,OR_2012,92,0.2926829268292683,41,0.32489451476793246,237,2006,OR,Oregon,margin2012,0.12540000000000007,OR,0,0,0.12540000000000007,2012
06,12,06-12,PA,0.25330314931592257,0.10476463427012163,6,12,2006,2012,5.647887323943678,6,91.11095473558844,Mid,Pres,2013,PA,PA_2006,PA_2012,23,0.1566265060240964,83,0.2490272373540856,514,2006,PA,Pennsylvania,margin2012,0.05459999999999994,PA,1,1,0.05459999999999994,2012
08,10,08-10,AR,0.106201313590641,0.015211620102811765,8,10,2008,2010,3.647887323943678,2,4321.644696196961,Pres,Mid,2013,AR,AR_2008,AR_2010,71,0.24390243902439024,41,0.35,240,2008,AR,Arkansas,margin2010,0.31400000000000006,AR,0,0,0.31400000000000006,2010
08,10,08-10,CT,0.0832384142504068,0.008982907228782385,8,10,2008,2010,3.647887323943678,2,12392.706690318657,Pres,Mid,2013,CT,CT_2008,CT_2010,16,0.4864864864864865,74,0.5213414634146342,328,2008,CT,Connecticut,margin2010,0.0056000000000000225,CT,1,0,0.0056000000000000225,2010
08,10,08-10,FL,0.08165206271337846,0.005357167282340895,8,10,2008,2010,3.647887323943678,2,34844.12670916719,Pres,Mid,2013,FL,FL_2008,FL_2010,59,0.4745762711864407,118,0.5300171526586621,583,2008,FL,Florida,margin2010,0.011800000000000067,FL,1,0,0.011800000000000067,2010
08,10,08-10,IA,0.037922887869956075,0.01896942617100572,8,10,2008,2010,3.647887323943678,2,2779.0196193064203,Pres,Mid,2013,IA,IA_2008,IA_2010,42,0.625,48,0.6358543417366946,357,2008,IA,Iowa,margin2010,0.1,IA,1,0,0.1,2010
08,10,08-10,IL,0.09567092948204713,0.006002056585659923,8,10,2008,2010,3.647887323943678,2,27758.745104103546,Pres,Mid,2013,IL,IL_2008,IL_2010,33,0.45918367346938777,98,0.49523809523809526,525,2008,IL,Illinois,margin2010,0.009200000000000017,IL,1,0,0.009200000000000017,2010
08,10,08-10,KY,0.11673536280223076,0.011788089642372976,8,10,2008,2010,3.647887323943678,2,7196.364300326558,Pres,Mid,2013,KY,KY_2008,KY_2010,61,0.41025641025641024,39,0.5,246,2008,KY,Kentucky,margin2010,0.11480000000000004,KY,0,0,0.11480000000000004,2010
08,10,08-10,MO,0.09035277215719384,0.008736562048879433,8,10,2008,2010,3.647887323943678,2,13101.435061964024,Pres,Mid,2013,MO,MO_2008,MO_2010,43,0.4583333333333333,48,0.5370370370370371,324,2008,MO,Missouri,margin2010,0.17340000000000003,MO,0,0,0.17340000000000003,2010
08,10,08-10,MT,0.12159293906524943,0.01730211666020272,8,10,2008,2010,3.647887323943678,2,3340.4234832436514,Pres,Mid,2013,MT,MT_2008,MT_2010,81,0.46153846153846156,39,0.45664739884393063,173,2008,MT,Montana,margin2010,NA,MT,0,0,1,2010
08,10,08-10,NJ,0.08549061009050175,0.005090479717242174,8,10,2008,2010,3.647887323943678,2,38590.692973987316,Pres,Mid,2013,NJ,NJ_2008,NJ_2010,22,0.4864864864864865,74,0.5229885057471264,348,2008,NJ,New Jersey,margin2010,NA,NJ,0,0,1,2010
08,10,08-10,NV,0.16937449212143021,0.015071944085025948,8,10,2008,2010,3.647887323943678,2,4402.115685810946,Pres,Mid,2013,NV,NV_2008,NV_2010,88,0.42105263157894735,38,0.4763779527559055,254,2008,NV,Nevada,margin2010,0.12359999999999999,NV,0,0,0.12359999999999999,2010
08,10,08-10,NY,0.06046873452336239,0.004886673602016212,8,10,2008,2010,3.647887323943678,2,41876.78536944909,Pres,Mid,2013,NY,NY_2008,NY_2010,21,0.3333333333333333,129,0.4754521963824289,774,2008,NY,New York,margin2010,0.30580000000000007,NY,0,0,0.30580000000000007,2010
08,10,08-10,OK,0.11396008833248125,0.012219577054353817,8,10,2008,2010,3.647887323943678,2,6697.113378749582,Pres,Mid,2013,OK,OK_2008,OK_2010,73,0.35135135135135137,37,0.47619047619047616,231,2008,OK,Oklahoma,margin2010,0.20900000000000005,OK,0,0,0.20900000000000005,2010
08,10,08-10,OR,0.10228613441612439,0.015892686546530147,8,10,2008,2010,3.647887323943678,2,3959.1810701660706,Pres,Mid,2013,OR,OR_2008,OR_2010,92,0.5714285714285714,28,0.6,220,2008,OR,Oregon,margin2010,0.015799999999999984,OR,1,0,0.015799999999999984,2010
08,10,08-10,PA,0.13246085180102185,0.006421045701135609,8,10,2008,2010,3.647887323943678,2,24254.28508992803,Pres,Mid,2013,PA,PA_2008,PA_2010,23,0.44761904761904764,105,0.5217391304347826,575,2008,PA,Pennsylvania,margin2010,0.08980000000000005,PA,1,0,0.08980000000000005,2010
08,10,08-10,RI,0.06640654749779748,0.016628156103151732,8,10,2008,2010,3.647887323943678,2,3616.6944031081157,Pres,Mid,2013,RI,RI_2008,RI_2010,15,0.391304347826087,69,0.521311475409836,305,2008,RI,Rhode Island,margin2010,0.1858,RI,0,0,0.1858,2010
08,12,08-12,AR,0.19959367974915534,0.027216190627520686,8,12,2008,2012,5.647887323943678,4,1350.035919637158,Pres,Pres,2013,AR,AR_2008,AR_2012,71,0.24390243902439024,41,0.35,240,2008,AR,Arkansas,margin2012,0.24299999999999997,AR,0,0,0.24299999999999997,2012
08,12,08-12,CT,0.1608811769859294,0.015445162176742102,8,12,2008,2012,5.647887323943678,4,4191.93996588924,Pres,Pres,2013,CT,CT_2008,CT_2012,16,0.4864864864864865,74,0.5213414634146342,328,2008,CT,Connecticut,margin2012,0.17540000000000006,CT,0,0,0.17540000000000006,2012
08,12,08-12,FL,0.10454678608472313,0.012436625313678383,8,12,2008,2012,5.647887323943678,4,6465.392565501358,Pres,Pres,2013,FL,FL_2008,FL_2012,59,0.4745762711864407,118,0.5300171526586621,583,2008,FL,Florida,margin2012,0.008799999999999954,FL,1,1,0.008799999999999954,2012
08,12,08-12,IA,0.08131341839990366,0.03533212594536388,8,12,2008,2012,5.647887323943678,4,801.0515411148193,Pres,Pres,2013,IA,IA_2008,IA_2012,42,0.625,48,0.6358543417366946,357,2008,IA,Iowa,margin2012,0.059200000000000016,IA,1,1,0.059200000000000016,2012
08,12,08-12,IL,0.07969366442319761,0.0131487048781345,8,12,2008,2012,5.647887323943678,4,5784.076715368282,Pres,Pres,2013,IL,IL_2008,IL_2012,33,0.45918367346938777,98,0.49523809523809526,525,2008,IL,Illinois,margin2012,0.17159999999999997,IL,0,0,0.17159999999999997,2012
08,12,08-12,KY,0.0753162803339445,0.021495763769502924,8,12,2008,2012,5.647887323943678,4,2164.184282208729,Pres,Pres,2013,KY,KY_2008,KY_2012,61,0.41025641025641024,39,0.5,246,2008,KY,Kentucky,margin2012,0.23079999999999998,KY,0,0,0.23079999999999998,2012
08,12,08-12,MO,0.15530639563802126,0.01709406656921526,8,12,2008,2012,5.647887323943678,4,3422.230190055864,Pres,Pres,2013,MO,MO_2008,MO_2012,43,0.4583333333333333,48,0.5370370370370371,324,2008,MO,Missouri,margin2012,0.09560000000000002,MO,1,1,0.09560000000000002,2012
08,12,08-12,MT,0.111354532933981,0.029124947557456485,8,12,2008,2012,5.647887323943678,4,1178.8802607843875,Pres,Pres,2013,MT,MT_2008,MT_2012,81,0.46153846153846156,39,0.45664739884393063,173,2008,MT,Montana,margin2012,0.14060000000000003,MT,0,0,0.14060000000000003,2012
08,12,08-12,NJ,0.15478506132150377,0.013747216716300673,8,12,2008,2012,5.647887323943678,4,5291.398157862499,Pres,Pres,2013,NJ,NJ_2008,NJ_2012,22,0.4864864864864865,74,0.5229885057471264,348,2008,NJ,New Jersey,margin2012,0.17980000000000004,NJ,0,0,0.17980000000000004,2012
08,12,08-12,NV,0.17409599254912736,0.026611130462203966,8,12,2008,2012,5.647887323943678,4,1412.1256827997756,Pres,Pres,2013,NV,NV_2008,NV_2012,88,0.42105263157894735,38,0.4763779527559055,254,2008,NV,Nevada,margin2012,0.06819999999999993,NV,1,1,0.06819999999999993,2012
08,12,08-12,NY,0.06800796712317526,0.012710814206264956,8,12,2008,2012,5.647887323943678,4,6189.467097426684,Pres,Pres,2013,NY,NY_2008,NY_2012,21,0.3333333333333333,129,0.4754521963824289,774,2008,NY,New York,margin2012,0.2859999999999999,NY,0,0,0.2859999999999999,2012
08,12,08-12,OK,0.1375490916064369,0.02317414186023541,8,12,2008,2012,5.647887323943678,4,1862.0557415987328,Pres,Pres,2013,OK,OK_2008,OK_2012,73,0.35135135135135137,37,0.47619047619047616,231,2008,OK,Oklahoma,margin2012,0.3354,OK,0,0,0.3354,2012
08,12,08-12,OR,0.10769600602535492,0.024842234003184385,8,12,2008,2012,5.647887323943678,4,1620.3868248423964,Pres,Pres,2013,OR,OR_2008,OR_2012,92,0.5714285714285714,28,0.6,220,2008,OR,Oregon,margin2012,0.12540000000000007,OR,0,0,0.12540000000000007,2012
08,12,08-12,PA,0.12067562659577194,0.019288527472483198,8,12,2008,2012,5.647887323943678,4,2687.8303413306257,Pres,Pres,2013,PA,PA_2008,PA_2012,23,0.44761904761904764,105,0.5217391304347826,575,2008,PA,Pennsylvania,margin2012,0.05459999999999994,PA,1,1,0.05459999999999994,2012
08,12,08-12,RI,0.11308180895261549,0.030049309146931387,8,12,2008,2012,5.647887323943678,4,1107.4675671697444,Pres,Pres,2013,RI,RI_2008,RI_2012,15,0.391304347826087,69,0.521311475409836,305,2008,RI,Rhode Island,margin2012,0.2804,RI,0,0,0.2804,2012
10,12,10-12,AR,0.19965565446150924,0.12313103566879205,10,12,2010,2012,5.647887323943678,2,65.95761376674479,Mid,Pres,2013,AR,AR_2010,AR_2012,71,0.1,40,0.18309859154929578,213,2010,AR,Arkansas,margin2012,0.24299999999999997,AR,0,0,0.24299999999999997,2012
10,12,10-12,CT,0.09739084416609088,0.06257385526578628,10,12,2010,2012,5.647887323943678,2,255.39604839354442,Mid,Pres,2013,CT,CT_2010,CT_2012,16,0.1875,80,0.21727748691099477,382,2010,CT,Connecticut,margin2012,0.17540000000000006,CT,0,0,0.17540000000000006,2012
10,12,10-12,FL,0.013564165474103154,0.06170069635262179,10,12,2010,2012,5.647887323943678,2,262.6756822955118,Mid,Pres,2013,FL,FL_2010,FL_2012,59,0.20909090909090908,110,0.2313915857605178,618,2010,FL,Florida,margin2012,0.008799999999999954,FL,1,1,0.008799999999999954,2012
10,12,10-12,IA,0.08577306314148068,0.0664001306034623,10,12,2010,2012,5.647887323943678,2,226.8099656545717,Mid,Pres,2013,IA,IA_2010,IA_2012,42,0.19480519480519481,77,0.28398058252427183,412,2010,IA,Iowa,margin2012,0.059200000000000016,IA,1,1,0.059200000000000016,2012
10,12,10-12,IL,0.041314001741898275,0.05865421169106672,10,12,2010,2012,5.647887323943678,2,290.6709268545267,Mid,Pres,2013,IL,IL_2010,IL_2012,33,0.1348314606741573,89,0.23978685612788633,563,2010,IL,Illinois,margin2012,0.17159999999999997,IL,0,0,0.17159999999999997,2012
10,12,10-12,KY,0.23520015990583093,0.05164369006533398,10,12,2010,2012,5.647887323943678,2,374.94318810698775,Mid,Pres,2013,KY,KY_2010,KY_2012,61,0.175,40,0.23809523809523808,294,2010,KY,Kentucky,margin2012,0.23079999999999998,KY,0,0,0.23079999999999998,2012
10,12,10-12,MO,0.025480449848870376,0.06866584891171125,10,12,2010,2012,5.647887323943678,2,212.08913108631418,Mid,Pres,2013,MO,MO_2010,MO_2012,43,0.23214285714285715,56,0.23579545454545456,352,2010,MO,Missouri,margin2012,0.09560000000000002,MO,1,1,0.09560000000000002,2012
10,12,10-12,MT,0.1652506655587923,0.0910049447604262,10,12,2010,2012,5.647887323943678,2,120.74524004394381,Mid,Pres,2013,MT,MT_2010,MT_2012,81,0.10714285714285714,28,0.2561576354679803,203,2010,MT,Montana,margin2012,0.14060000000000003,MT,0,0,0.14060000000000003,2012
10,12,10-12,NJ,-0.13823890451436174,0.11824959829304264,10,12,2010,2012,5.647887323943678,2,71.51557780941272,Mid,Pres,2013,NJ,NJ_2010,NJ_2012,22,0.1111111111111111,54,0.17088607594936708,316,2010,NJ,New Jersey,margin2012,0.17980000000000004,NJ,0,0,0.17980000000000004,2012
10,12,10-12,NV,0.2874693515458781,0.08800188418999591,10,12,2010,2012,5.647887323943678,2,129.12670181758506,Mid,Pres,2013,NV,NV_2010,NV_2012,88,0.13953488372093023,43,0.23651452282157676,241,2010,NV,Nevada,margin2012,0.06819999999999993,NV,1,1,0.06819999999999993,2012
10,12,10-12,NY,0.03642787150898149,0.09634339910536278,10,12,2010,2012,5.647887323943678,2,107.73481511295886,Mid,Pres,2013,NY,NY_2010,NY_2012,21,0.125,136,0.2389937106918239,795,2010,NY,New York,margin2012,0.2859999999999999,NY,0,0,0.2859999999999999,2012
10,12,10-12,OK,0.14910656544003165,0.08961008175960118,10,12,2010,2012,5.647887323943678,2,124.53351685809668,Mid,Pres,2013,OK,OK_2010,OK_2012,73,0.09375,32,0.17592592592592593,216,2010,OK,Oklahoma,margin2012,0.3354,OK,0,0,0.3354,2012
10,12,10-12,OR,0.11771234874588027,0.05348598275360226,10,12,2010,2012,5.647887323943678,2,349.5586392601404,Mid,Pres,2013,OR,OR_2010,OR_2012,92,0.09090909090909091,44,0.3562231759656652,233,2010,OR,Oregon,margin2012,0.12540000000000007,OR,0,0,0.12540000000000007,2012
10,12,10-12,PA,0.10447847104556189,0.12838122756727197,10,12,2010,2012,5.647887323943678,2,60.67320712340467,Mid,Pres,2013,PA,PA_2010,PA_2012,23,0.10112359550561797,89,0.2265193370165746,543,2010,PA,Pennsylvania,margin2012,0.05459999999999994,PA,1,1,0.05459999999999994,2012
10,12,10-12,RI,0.23871256242985892,0.11727640780730675,10,12,2010,2012,5.647887323943678,2,72.70741261457393,Mid,Pres,2013,RI,RI_2010,RI_2012,15,0.14102564102564102,78,0.22012578616352202,318,2010,RI,Rhode Island,margin2012,0.2804,RI,0,0,0.2804,2012
92,00,92-00,CO,0.5944171144210272,0.1080961781590853,92,0,1992,2000,-6.352112676056322,8,85.58138711716042,Pres,Pres,2013,CO,CO_1992,CO_2000,84,0.45714285714285713,35,0.5551470588235294,272,1992,CO,Colorado,margin2000,0.08980000000000005,CO,1,1,0.08980000000000005,2000
92,00,92-00,FL,0.31047634131017066,0.07370264278529726,92,0,1992,2000,-6.352112676056322,8,184.09156017401187,Pres,Pres,2013,FL,FL_1992,FL_2000,59,0.3958333333333333,96,0.4348327566320646,867,1992,FL,Florida,margin2000,0,FL,1,1,0,2000
92,00,92-00,IL,0.38862879197853856,0.05667616065736605,92,0,1992,2000,-6.352112676056322,8,311.3143605362743,Pres,Pres,2013,IL,IL_1992,IL_2000,33,0.4206896551724138,145,0.5408602150537635,930,1992,IL,Illinois,margin2000,0.12359999999999999,IL,0,0,0.12359999999999999,2000
92,00,92-00,MO,0.49352441991971335,0.11154246163638078,92,0,1992,2000,-6.352112676056322,8,80.37473435244137,Pres,Pres,2013,MO,MO_1992,MO_2000,43,0.3958333333333333,48,0.5197368421052632,304,1992,MO,Missouri,margin2000,0.034200000000000015,MO,1,1,0.034200000000000015,2000
92,02,92-02,CO,0.43948629084693014,0.10528127559068348,92,2,1992,2002,-4.352112676056322,10,90.21894069990763,Pres,Mid,2013,CO,CO_1992,CO_2002,84,0.45714285714285713,35,0.5551470588235294,272,1992,CO,Colorado,margin2002,0.30080000000000007,CO,0,0,0.30080000000000007,2002
92,02,92-02,FL,0.26572185285659344,0.07100487071045072,92,2,1992,2002,-4.352112676056322,10,198.3461239845152,Pres,Mid,2013,FL,FL_1992,FL_2002,59,0.3958333333333333,96,0.4348327566320646,867,1992,FL,Florida,margin2002,0.12959999999999994,FL,0,0,0.12959999999999994,2002
92,02,92-02,IL,0.19950982960364916,0.046714072375664016,92,2,1992,2002,-4.352112676056322,10,458.25218189156635,Pres,Mid,2013,IL,IL_1992,IL_2002,33,0.4206896551724138,145,0.5408602150537635,930,1992,IL,Illinois,margin2002,0.07319999999999993,IL,1,0,0.07319999999999993,2002
92,02,92-02,MO,0.400626345561748,0.09336720377288023,92,2,1992,2002,-4.352112676056322,10,114.71264538057824,Pres,Mid,2013,MO,MO_1992,MO_2002,43,0.3958333333333333,48,0.5197368421052632,304,1992,MO,Missouri,margin2002,NA,MO,0,0,1,2002
92,04,92-04,CO,0.7493303724975584,0.2065918109747875,92,4,1992,2004,-2.352112676056322,12,23.43008125182063,Pres,Pres,2013,CO,CO_1992,CO_2004,84,0.45714285714285713,35,0.5551470588235294,272,1992,CO,Colorado,margin2004,0.04739999999999995,CO,1,1,0.04739999999999995,2004
92,04,92-04,FL,0.40603068314023727,0.11064338570958014,92,4,1992,2004,-2.352112676056322,12,81.68627392337977,Pres,Pres,2013,FL,FL_1992,FL_2004,59,0.3958333333333333,96,0.4348327566320646,867,1992,FL,Florida,margin2004,0.05040000000000006,FL,1,1,0.05040000000000006,2004
92,04,92-04,IL,0.5329929479106278,0.08329296943359593,92,4,1992,2004,-2.352112676056322,12,144.1395990550233,Pres,Pres,2013,IL,IL_1992,IL_2004,33,0.4206896551724138,145,0.5408602150537635,930,1992,IL,Illinois,margin2004,0.10420000000000001,IL,0,0,0.10420000000000001,2004
92,04,92-04,MO,0.7076927537083811,0.16320588437117395,92,4,1992,2004,-2.352112676056322,12,37.54294815651292,Pres,Pres,2013,MO,MO_1992,MO_2004,43,0.3958333333333333,48,0.5197368421052632,304,1992,MO,Missouri,margin2004,0.07239999999999995,MO,1,1,0.07239999999999995,2004
92,06,92-06,CO,0.5917419718372043,0.15618230549005782,92,6,1992,2006,-0.352112676056322,14,40.99551449727197,Pres,Mid,2013,CO,CO_1992,CO_2006,84,0.45714285714285713,35,0.5551470588235294,272,1992,CO,Colorado,margin2006,0.17319999999999994,CO,0,0,0.17319999999999994,2006
92,06,92-06,FL,0.4751701673072647,0.11251540532878483,92,6,1992,2006,-0.352112676056322,14,78.99071081344118,Pres,Mid,2013,FL,FL_1992,FL_2006,59,0.3958333333333333,96,0.4348327566320646,867,1992,FL,Florida,margin2006,0.07280000000000002,FL,1,0,0.07280000000000002,2006
92,06,92-06,IL,0.2464014181165138,0.060701723155065765,92,6,1992,2006,-0.352112676056322,14,271.3925743599143,Pres,Mid,2013,IL,IL_1992,IL_2006,33,0.4206896551724138,145,0.5408602150537635,930,1992,IL,Illinois,margin2006,0.11819999999999993,IL,0,0,0.11819999999999993,2006
92,06,92-06,MO,0.4881572007922552,0.1336205231661013,92,6,1992,2006,-0.352112676056322,14,56.008464232881536,Pres,Mid,2013,MO,MO_1992,MO_2006,43,0.3958333333333333,48,0.5197368421052632,304,1992,MO,Missouri,margin2006,0.023400000000000035,MO,1,0,0.023400000000000035,2006
92,08,92-08,CO,0.9929197567204637,0.2345663651537324,92,8,1992,2008,1.647887323943678,16,18.174753271425605,Pres,Pres,2013,CO,CO_1992,CO_2008,84,0.45714285714285713,35,0.5551470588235294,272,1992,CO,Colorado,margin2008,0.09099999999999994,CO,1,1,0.09099999999999994,2008
92,08,92-08,FL,0.6327427218725006,0.14714716369881575,92,8,1992,2008,1.647887323943678,16,46.18449606562871,Pres,Pres,2013,FL,FL_1992,FL_2008,59,0.3958333333333333,96,0.4348327566320646,867,1992,FL,Florida,margin2008,0.028400000000000033,FL,1,1,0.028400000000000033,2008
92,08,92-08,IL,0.536070041776324,0.10430584925050823,92,8,1992,2008,1.647887323943678,16,91.91421303804053,Pres,Pres,2013,IL,IL_1992,IL_2008,33,0.4206896551724138,145,0.5408602150537635,930,1992,IL,Illinois,margin2008,0.25459999999999994,IL,0,0,0.25459999999999994,2008
92,08,92-08,MO,0.8397433569034833,0.18817037294461067,92,8,1992,2008,1.647887323943678,16,28.242133960499313,Pres,Pres,2013,MO,MO_1992,MO_2008,43,0.3958333333333333,48,0.5197368421052632,304,1992,MO,Missouri,margin2008,0.0014000000000000056,MO,1,1,0.0014000000000000056,2008
92,10,92-10,FL,0.36696808936937375,0.09411301181876544,92,10,1992,2010,3.647887323943678,18,112.90174541838222,Pres,Mid,2013,FL,FL_1992,FL_2010,59,0.3958333333333333,96,0.4348327566320646,867,1992,FL,Florida,margin2010,0.011800000000000067,FL,1,0,0.011800000000000067,2010
92,10,92-10,IL,0.2863572981700696,0.07517868512404681,92,10,1992,2010,3.647887323943678,18,176.9336956252874,Pres,Mid,2013,IL,IL_1992,IL_2010,33,0.4206896551724138,145,0.5408602150537635,930,1992,IL,Illinois,margin2010,0.009200000000000017,IL,1,0,0.009200000000000017,2010
92,10,92-10,MO,0.5873744652458641,0.12885164590597367,92,10,1992,2010,3.647887323943678,18,60.23099797398137,Pres,Mid,2013,MO,MO_1992,MO_2010,43,0.3958333333333333,48,0.5197368421052632,304,1992,MO,Missouri,margin2010,0.17340000000000003,MO,0,0,0.17340000000000003,2010
92,12,92-12,FL,0.6883910757923135,0.16451859855046838,92,12,1992,2012,5.647887323943678,20,36.94621875808651,Pres,Pres,2013,FL,FL_1992,FL_2012,59,0.3958333333333333,96,0.4348327566320646,867,1992,FL,Florida,margin2012,0.008799999999999954,FL,1,1,0.008799999999999954,2012
92,12,92-12,IL,0.5357810404932052,0.1070124288640881,92,12,1992,2012,5.647887323943678,20,87.3235850515243,Pres,Pres,2013,IL,IL_1992,IL_2012,33,0.4206896551724138,145,0.5408602150537635,930,1992,IL,Illinois,margin2012,0.17159999999999997,IL,0,0,0.17159999999999997,2012
92,12,92-12,MO,0.8570798971219834,0.17666922511623936,92,12,1992,2012,5.647887323943678,20,32.03894387127724,Pres,Pres,2013,MO,MO_1992,MO_2012,43,0.3958333333333333,48,0.5197368421052632,304,1992,MO,Missouri,margin2012,0.09560000000000002,MO,1,1,0.09560000000000002,2012
92,94,92-94,CO,0.1561362031405123,0.030649085489749425,92,94,1992,1994,-12.352112676056322,2,1064.547290569991,Pres,Mid,2013,CO,CO_1992,CO_1994,84,0.45714285714285713,35,0.5551470588235294,272,1992,CO,Colorado,margin1994,0.17799999999999996,CO,0,0,0.17799999999999996,1994
92,94,92-94,FL,0.18358357617158755,0.023608104329147696,92,94,1992,1994,-12.352112676056322,2,1794.2285730782423,Pres,Mid,2013,FL,FL_1992,FL_1994,59,0.3958333333333333,96,0.4348327566320646,867,1992,FL,Florida,margin1994,0.01519999999999996,FL,1,0,0.01519999999999996,1994
92,94,92-94,IL,0.10014945037266822,0.019433382102341336,92,94,1992,1994,-12.352112676056322,2,2647.9100024390536,Pres,Mid,2013,IL,IL_1992,IL_1994,33,0.4206896551724138,145,0.5408602150537635,930,1992,IL,Illinois,margin1994,0.2994,IL,0,0,0.2994,1994
92,94,92-94,MO,0.21512104971976181,0.03726774996979975,92,94,1992,1994,-12.352112676056322,2,720.0019186436264,Pres,Mid,2013,MO,MO_1992,MO_1994,43,0.3958333333333333,48,0.5197368421052632,304,1992,MO,Missouri,margin1994,0.2518000000000001,MO,0,0,0.2518000000000001,1994
92,96,92-96,CO,0.09059042420600331,0.06283022012304465,92,96,1992,1996,-10.352112676056322,4,253.31612589485277,Pres,Pres,2013,CO,CO_1992,CO_1996,84,0.45714285714285713,35,0.5551470588235294,272,1992,CO,Colorado,margin1996,0.01519999999999996,CO,1,1,0.01519999999999996,1996
92,96,92-96,FL,0.24020904167902563,0.044787097246016636,92,96,1992,1996,-10.352112676056322,4,498.53329517302916,Pres,Pres,2013,FL,FL_1992,FL_1996,59,0.3958333333333333,96,0.4348327566320646,867,1992,FL,Florida,margin1996,0.06299999999999997,FL,1,1,0.06299999999999997,1996
92,96,92-96,IL,0.18680884208240237,0.034647985464609954,92,96,1992,1996,-10.352112676056322,4,832.9981232572272,Pres,Pres,2013,IL,IL_1992,IL_1996,33,0.4206896551724138,145,0.5408602150537635,930,1992,IL,Illinois,margin1996,0.19219999999999998,IL,0,0,0.19219999999999998,1996
92,96,92-96,MO,0.3244415885032559,0.05767196690438786,92,96,1992,1996,-10.352112676056322,4,300.6564141334213,Pres,Pres,2013,MO,MO_1992,MO_1996,43,0.3958333333333333,48,0.5197368421052632,304,1992,MO,Missouri,margin1996,0.07099999999999994,MO,1,1,0.07099999999999994,1996
92,98,92-98,CO,0.15725213444825217,0.06658192848995577,92,98,1992,1998,-8.352112676056322,6,225.57307509129564,Pres,Mid,2013,CO,CO_1992,CO_1998,84,0.45714285714285713,35,0.5551470588235294,272,1992,CO,Colorado,margin1998,0.007999999999999972,CO,1,0,0.007999999999999972,1998
92,98,92-98,FL,0.08720321166460401,0.03777719807775185,92,98,1992,1998,-8.352112676056322,6,700.7135462571914,Pres,Mid,2013,FL,FL_1992,FL_1998,59,0.3958333333333333,96,0.4348327566320646,867,1992,FL,Florida,margin1998,0.10540000000000006,FL,0,0,0.10540000000000006,1998
92,98,92-98,IL,0.15248932439316493,0.03222663517086524,92,98,1992,1998,-8.352112676056322,6,962.8753635816311,Pres,Mid,2013,IL,IL_1992,IL_1998,33,0.4206896551724138,145,0.5408602150537635,930,1992,IL,Illinois,margin1998,0.036200000000000045,IL,1,0,0.036200000000000045,1998
92,98,92-98,MO,0.148928024458468,0.04131716084338923,92,98,1992,1998,-8.352112676056322,6,585.7860948341264,Pres,Mid,2013,MO,MO_1992,MO_1998,43,0.3958333333333333,48,0.5197368421052632,304,1992,MO,Missouri,margin1998,0.09239999999999995,MO,1,0,0.09239999999999995,1998
94,00,94-00,CO,0.17741736299024105,0.16686545861475566,94,0,1994,2000,-6.352112676056322,6,35.91427528135097,Mid,Pres,2013,CO,CO_1994,CO_2000,84,0.175,40,0.23741007194244604,278,1994,CO,Colorado,margin2000,0.08980000000000005,CO,1,1,0.08980000000000005,2000
94,00,94-00,FL,0.059285834333481495,0.1445523242885489,94,0,1994,2000,-6.352112676056322,6,47.85748166644522,Mid,Pres,2013,FL,FL_1994,FL_2000,59,0.13043478260869565,115,0.2297650130548303,766,1994,FL,Florida,margin2000,0,FL,1,1,0,2000
94,00,94-00,IL,0.21597924156713158,0.12298729947469218,94,0,1994,2000,-6.352112676056322,6,66.11187418842142,Mid,Pres,2013,IL,IL_1994,IL_2000,33,0.16666666666666666,126,0.2327790973871734,842,1994,IL,Illinois,margin2000,0.12359999999999999,IL,0,0,0.12359999999999999,2000
94,00,94-00,MO,0.27943362539990413,0.14894127722598494,94,0,1994,2000,-6.352112676056322,6,45.07854111858555,Mid,Pres,2013,MO,MO_1994,MO_2000,43,0.16,25,0.3838383838383838,198,1994,MO,Missouri,margin2000,0.034200000000000015,MO,1,1,0.034200000000000015,2000
94,02,94-02,CO,0.5004530218283346,0.15543537902995075,94,2,1994,2002,-4.352112676056322,8,41.390459414534455,Mid,Mid,2013,CO,CO_1994,CO_2002,84,0.175,40,0.23741007194244604,278,1994,CO,Colorado,margin2002,0.30080000000000007,CO,0,0,0.30080000000000007,2002
94,02,94-02,FL,0.22570554237852472,0.13604016734510352,94,2,1994,2002,-4.352112676056322,8,54.03382165533133,Mid,Mid,2013,FL,FL_1994,FL_2002,59,0.13043478260869565,115,0.2297650130548303,766,1994,FL,Florida,margin2002,0.12959999999999994,FL,0,0,0.12959999999999994,2002
94,02,94-02,IL,0.382406630268601,0.11140858982515107,94,2,1994,2002,-4.352112676056322,8,80.56801165706179,Mid,Mid,2013,IL,IL_1994,IL_2002,33,0.16666666666666666,126,0.2327790973871734,842,1994,IL,Illinois,margin2002,0.07319999999999993,IL,1,0,0.07319999999999993,2002
94,02,94-02,MO,0.11160920792924874,0.11352136605662286,94,2,1994,2002,-4.352112676056322,8,77.59697350187365,Mid,Mid,2013,MO,MO_1994,MO_2002,43,0.16,25,0.3838383838383838,198,1994,MO,Missouri,margin2002,NA,MO,0,0,1,2002
94,04,94-04,CO,0.2092736541018534,0.29223673972023834,94,4,1994,2004,-2.352112676056322,10,11.709284866954533,Mid,Pres,2013,CO,CO_1994,CO_2004,84,0.175,40,0.23741007194244604,278,1994,CO,Colorado,margin2004,0.04739999999999995,CO,1,1,0.04739999999999995,2004
94,04,94-04,FL,-0.11163174408475202,0.260017400475879,94,4,1994,2004,-2.352112676056322,10,14.790919580194924,Mid,Pres,2013,FL,FL_1994,FL_2004,59,0.13043478260869565,115,0.2297650130548303,766,1994,FL,Florida,margin2004,0.05040000000000006,FL,1,1,0.05040000000000006,2004
94,04,94-04,IL,0.34410748827675264,0.17762973330885515,94,4,1994,2004,-2.352112676056322,10,31.693388368553023,Mid,Pres,2013,IL,IL_1994,IL_2004,33,0.16666666666666666,126,0.2327790973871734,842,1994,IL,Illinois,margin2004,0.10420000000000001,IL,0,0,0.10420000000000001,2004
94,04,94-04,MO,0.38260245292754436,0.20206157936994107,94,4,1994,2004,-2.352112676056322,10,24.4924659825559,Mid,Pres,2013,MO,MO_1994,MO_2004,43,0.16,25,0.3838383838383838,198,1994,MO,Missouri,margin2004,0.07239999999999995,MO,1,1,0.07239999999999995,2004
94,06,94-06,CO,0.03775740075702415,0.24123059975324504,94,6,1994,2006,-0.352112676056322,12,17.18443298602566,Mid,Mid,2013,CO,CO_1994,CO_2006,84,0.175,40,0.23741007194244604,278,1994,CO,Colorado,margin2006,0.17319999999999994,CO,0,0,0.17319999999999994,2006
94,06,94-06,FL,-0.46334011252563345,0.2827086707779178,94,6,1994,2006,-0.352112676056322,12,12.511856151526269,Mid,Mid,2013,FL,FL_1994,FL_2006,59,0.13043478260869565,115,0.2297650130548303,766,1994,FL,Florida,margin2006,0.07280000000000002,FL,1,0,0.07280000000000002,2006
94,06,94-06,IL,0.5495827470839763,0.13416391763811053,94,6,1994,2006,-0.352112676056322,12,55.55568890153702,Mid,Mid,2013,IL,IL_1994,IL_2006,33,0.16666666666666666,126,0.2327790973871734,842,1994,IL,Illinois,margin2006,0.11819999999999993,IL,0,0,0.11819999999999993,2006
94,06,94-06,MO,0.29784814931187487,0.17120108790447222,94,6,1994,2006,-0.352112676056322,12,34.118266707134154,Mid,Mid,2013,MO,MO_1994,MO_2006,43,0.16,25,0.3838383838383838,198,1994,MO,Missouri,margin2006,0.023400000000000035,MO,1,0,0.023400000000000035,2006
94,08,94-08,CO,0.05714038278980796,0.3676013129915226,94,8,1994,2008,1.647887323943678,14,7.400241489735575,Mid,Pres,2013,CO,CO_1994,CO_2008,84,0.175,40,0.23741007194244604,278,1994,CO,Colorado,margin2008,0.09099999999999994,CO,1,1,0.09099999999999994,2008
94,08,94-08,FL,-0.15283039525667289,0.34618148272277693,94,8,1994,2008,1.647887323943678,14,8.344346550973382,Mid,Pres,2013,FL,FL_1994,FL_2008,59,0.13043478260869565,115,0.2297650130548303,766,1994,FL,Florida,margin2008,0.028400000000000033,FL,1,1,0.028400000000000033,2008
94,08,94-08,IL,0.5327021100917665,0.23656291222523698,94,8,1994,2008,1.647887323943678,14,17.869264779081185,Mid,Pres,2013,IL,IL_1994,IL_2008,33,0.16666666666666666,126,0.2327790973871734,842,1994,IL,Illinois,margin2008,0.25459999999999994,IL,0,0,0.25459999999999994,2008
94,08,94-08,MO,0.578600391425255,0.24797015490144733,94,8,1994,2008,1.647887323943678,14,16.26301914888522,Mid,Pres,2013,MO,MO_1994,MO_2008,43,0.16,25,0.3838383838383838,198,1994,MO,Missouri,margin2008,0.0014000000000000056,MO,1,1,0.0014000000000000056,2008
94,10,94-10,FL,0.11971727571268037,0.21671687353035332,94,10,1994,2010,3.647887323943678,16,21.29190631382703,Mid,Mid,2013,FL,FL_1994,FL_2010,59,0.13043478260869565,115,0.2297650130548303,766,1994,FL,Florida,margin2010,0.011800000000000067,FL,1,0,0.011800000000000067,2010
94,10,94-10,IL,0.449140663547235,0.17049544507451095,94,10,1994,2010,3.647887323943678,16,34.401267011882666,Mid,Mid,2013,IL,IL_1994,IL_2010,33,0.16666666666666666,126,0.2327790973871734,842,1994,IL,Illinois,margin2010,0.009200000000000017,IL,1,0,0.009200000000000017,2010
94,10,94-10,MO,0.448372426987066,0.17156152463237784,94,10,1994,2010,3.647887323943678,16,33.97505792597992,Mid,Mid,2013,MO,MO_1994,MO_2010,43,0.16,25,0.3838383838383838,198,1994,MO,Missouri,margin2010,0.17340000000000003,MO,0,0,0.17340000000000003,2010
94,12,94-12,FL,-0.29254362568587017,0.3758435105767311,94,12,1994,2012,5.647887323943678,18,7.079227807360115,Mid,Pres,2013,FL,FL_1994,FL_2012,59,0.13043478260869565,115,0.2297650130548303,766,1994,FL,Florida,margin2012,0.008799999999999954,FL,1,1,0.008799999999999954,2012
94,12,94-12,IL,0.49391945079829824,0.251901786659769,94,12,1994,2012,5.647887323943678,18,15.759321095873485,Mid,Pres,2013,IL,IL_1994,IL_2012,33,0.16666666666666666,126,0.2327790973871734,842,1994,IL,Illinois,margin2012,0.17159999999999997,IL,0,0,0.17159999999999997,2012
94,12,94-12,MO,0.28374802432053187,0.25435163279389605,94,12,1994,2012,5.647887323943678,18,15.457204054526889,Mid,Pres,2013,MO,MO_1994,MO_2012,43,0.16,25,0.3838383838383838,198,1994,MO,Missouri,margin2012,0.09560000000000002,MO,1,1,0.09560000000000002,2012
94,96,94-96,CO,-0.010891422528734923,0.10665164903852745,94,96,1994,1996,-10.352112676056322,2,87.91537851601791,Mid,Pres,2013,CO,CO_1994,CO_1996,84,0.175,40,0.23741007194244604,278,1994,CO,Colorado,margin1996,0.01519999999999996,CO,1,1,0.01519999999999996,1996
94,96,94-96,FL,-0.046522221258663995,0.10407756553185947,94,96,1994,1996,-10.352112676056322,2,92.31786448334786,Mid,Pres,2013,FL,FL_1994,FL_1996,59,0.13043478260869565,115,0.2297650130548303,766,1994,FL,Florida,margin1996,0.06299999999999997,FL,1,1,0.06299999999999997,1996
94,96,94-96,IL,0.09856716285775939,0.0822127559249016,94,96,1994,1996,-10.352112676056322,2,147.9522541739512,Mid,Pres,2013,IL,IL_1994,IL_1996,33,0.16666666666666666,126,0.2327790973871734,842,1994,IL,Illinois,margin1996,0.19219999999999998,IL,0,0,0.19219999999999998,1996
94,96,94-96,MO,0.16218221512088205,0.0852434525794341,94,96,1994,1996,-10.352112676056322,2,137.6188540342503,Mid,Pres,2013,MO,MO_1994,MO_1996,43,0.16,25,0.3838383838383838,198,1994,MO,Missouri,margin1996,0.07099999999999994,MO,1,1,0.07099999999999994,1996
94,98,94-98,CO,-0.029331322689979993,0.10206279233173052,94,98,1994,1998,-8.352112676056322,4,95.99864607917874,Mid,Mid,2013,CO,CO_1994,CO_1998,84,0.175,40,0.23741007194244604,278,1994,CO,Colorado,margin1998,0.007999999999999972,CO,1,0,0.007999999999999972,1998
94,98,94-98,FL,0.06638722257364912,0.07316258244071254,94,98,1994,1998,-8.352112676056322,4,186.81938884798163,Mid,Mid,2013,FL,FL_1994,FL_1998,59,0.13043478260869565,115,0.2297650130548303,766,1994,FL,Florida,margin1998,0.10540000000000006,FL,0,0,0.10540000000000006,1998
94,98,94-98,IL,0.16820648864998247,0.07250663853801544,94,98,1994,1998,-8.352112676056322,4,190.2148666952228,Mid,Mid,2013,IL,IL_1994,IL_1998,33,0.16666666666666666,126,0.2327790973871734,842,1994,IL,Illinois,margin1998,0.036200000000000045,IL,1,0,0.036200000000000045,1998
94,98,94-98,MO,0.05168689316890565,0.06083493685251324,94,98,1994,1998,-8.352112676056322,4,270.2053083973742,Mid,Mid,2013,MO,MO_1994,MO_1998,43,0.16,25,0.3838383838383838,198,1994,MO,Missouri,margin1998,0.09239999999999995,MO,1,0,0.09239999999999995,1998
96,00,96-00,AR,0.24610220525228757,0.09618705913199584,96,0,1996,2000,-6.352112676056322,4,108.08531852946764,Pres,Pres,2013,AR,AR_1996,AR_2000,71,0.20754716981132076,53,0.3466135458167331,251,1996,AR,Arkansas,margin2000,0.055999999999999946,AR,1,1,0.055999999999999946,2000
96,00,96-00,CO,0.15807526578262518,0.057261290789727165,96,0,1996,2000,-6.352112676056322,4,304.9844750744785,Pres,Pres,2013,CO,CO_1996,CO_2000,84,0.35,40,0.3888888888888889,270,1996,CO,Colorado,margin2000,0.08980000000000005,CO,1,1,0.08980000000000005,2000
96,00,96-00,FL,0.1888433479641632,0.03906288682187949,96,0,1996,2000,-6.352112676056322,4,655.3470206043443,Pres,Pres,2013,FL,FL_1996,FL_2000,59,0.23423423423423423,111,0.31378299120234604,682,1996,FL,Florida,margin2000,0,FL,1,1,0,2000
96,00,96-00,IL,0.1436407847278752,0.04281745949749321,96,0,1996,2000,-6.352112676056322,4,545.4540978392023,Pres,Pres,2013,IL,IL_1996,IL_2000,33,0.3488372093023256,129,0.4005305039787798,754,1996,IL,Illinois,margin2000,0.12359999999999999,IL,0,0,0.12359999999999999,2000
96,00,96-00,MI,0.31608629598451005,0.07320035359332955,96,0,1996,2000,-6.352112676056322,4,186.6266421530331,Pres,Pres,2013,MI,MI_1996,MI_2000,34,0.30708661417322836,127,0.41025641025641024,702,1996,MI,Michigan,margin2000,0.05260000000000005,MI,1,1,0.05260000000000005,2000
96,00,96-00,MO,0.20863852809681296,0.06275752108220065,96,0,1996,2000,-6.352112676056322,4,253.9033545051029,Pres,Pres,2013,MO,MO_1996,MO_2000,43,0.21951219512195122,41,0.4297520661157025,242,1996,MO,Missouri,margin2000,0.034200000000000015,MO,1,1,0.034200000000000015,2000
96,02,96-02,AR,0.20248907667104574,0.09253290986496474,96,2,1996,2002,-4.352112676056322,6,116.79051160441067,Pres,Mid,2013,AR,AR_1996,AR_2002,71,0.20754716981132076,53,0.3466135458167331,251,1996,AR,Arkansas,margin2002,0.06060000000000002,AR,1,0,0.06060000000000002,2002
96,02,96-02,CO,0.09987593450422448,0.05228163421427629,96,2,1996,2002,-4.352112676056322,6,365.84884769802557,Pres,Mid,2013,CO,CO_1996,CO_2002,84,0.35,40,0.3888888888888889,270,1996,CO,Colorado,margin2002,0.30080000000000007,CO,0,0,0.30080000000000007,2002
96,02,96-02,FL,0.05576685647903009,0.032022693944511404,96,2,1996,2002,-4.352112676056322,6,975.1788436288367,Pres,Mid,2013,FL,FL_1996,FL_2002,59,0.23423423423423423,111,0.31378299120234604,682,1996,FL,Florida,margin2002,0.12959999999999994,FL,0,0,0.12959999999999994,2002
96,02,96-02,IL,0.10819417765028852,0.03268568961745889,96,2,1996,2002,-4.352112676056322,6,936.0190665215059,Pres,Mid,2013,IL,IL_1996,IL_2002,33,0.3488372093023256,129,0.4005305039787798,754,1996,IL,Illinois,margin2002,0.07319999999999993,IL,1,0,0.07319999999999993,2002
96,02,96-02,MI,0.1912568761014484,0.04551059010725017,96,2,1996,2002,-4.352112676056322,6,482.8086768491416,Pres,Mid,2013,MI,MI_1996,MI_2002,34,0.30708661417322836,127,0.41025641025641024,702,1996,MI,Michigan,margin2002,0.040600000000000025,MI,1,0,0.040600000000000025,2002
96,02,96-02,MO,0.15057068489937162,0.049337869875923236,96,2,1996,2002,-4.352112676056322,6,410.80830000397833,Pres,Mid,2013,MO,MO_1996,MO_2002,43,0.21951219512195122,41,0.4297520661157025,242,1996,MO,Missouri,margin2002,NA,MO,0,0,1,2002
96,04,96-04,AR,0.07143539094444704,0.15254384053610293,96,4,1996,2004,-2.352112676056322,8,42.97448169790347,Pres,Pres,2013,AR,AR_1996,AR_2004,71,0.20754716981132076,53,0.3466135458167331,251,1996,AR,Arkansas,margin2004,0.09879999999999996,AR,1,1,0.09879999999999996,2004
96,04,96-04,CO,0.257402881210611,0.10985142330970399,96,4,1996,2004,-2.352112676056322,8,82.8683369744707,Pres,Pres,2013,CO,CO_1996,CO_2004,84,0.35,40,0.3888888888888889,270,1996,CO,Colorado,margin2004,0.04739999999999995,CO,1,1,0.04739999999999995,2004
96,04,96-04,FL,0.08376230788329173,0.06403416155205847,96,4,1996,2004,-2.352112676056322,8,243.88020157107178,Pres,Pres,2013,FL,FL_1996,FL_2004,59,0.23423423423423423,111,0.31378299120234604,682,1996,FL,Florida,margin2004,0.05040000000000006,FL,1,1,0.05040000000000006,2004
96,04,96-04,IL,0.2680995147111371,0.06459781396069872,96,4,1996,2004,-2.352112676056322,8,239.6427845255988,Pres,Pres,2013,IL,IL_1996,IL_2004,33,0.3488372093023256,129,0.4005305039787798,754,1996,IL,Illinois,margin2004,0.10420000000000001,IL,0,0,0.10420000000000001,2004
96,04,96-04,MO,0.21021041881354854,0.09800783618797945,96,4,1996,2004,-2.352112676056322,8,104.10663233815352,Pres,Pres,2013,MO,MO_1996,MO_2004,43,0.21951219512195122,41,0.4297520661157025,242,1996,MO,Missouri,margin2004,0.07239999999999995,MO,1,1,0.07239999999999995,2004
96,06,96-06,AR,0.16161234423375406,0.1160906361316962,96,6,1996,2006,-0.352112676056322,10,74.20029263321602,Pres,Mid,2013,AR,AR_1996,AR_2006,71,0.20754716981132076,53,0.3466135458167331,251,1996,AR,Arkansas,margin2006,0.15519999999999995,AR,0,0,0.15519999999999995,2006
96,06,96-06,CO,0.18872501847755735,0.08721393009556085,96,6,1996,2006,-0.352112676056322,10,131.47049108583678,Pres,Mid,2013,CO,CO_1996,CO_2006,84,0.35,40,0.3888888888888889,270,1996,CO,Colorado,margin2006,0.17319999999999994,CO,0,0,0.17319999999999994,2006
96,06,96-06,FL,0.1889263725020408,0.06554800412100263,96,6,1996,2006,-0.352112676056322,10,232.74537267322603,Pres,Mid,2013,FL,FL_1996,FL_2006,59,0.23423423423423423,111,0.31378299120234604,682,1996,FL,Florida,margin2006,0.07280000000000002,FL,1,0,0.07280000000000002,2006
96,06,96-06,IL,0.1522893215090871,0.042341780966505746,96,6,1996,2006,-0.352112676056322,10,557.7784839633881,Pres,Mid,2013,IL,IL_1996,IL_2006,33,0.3488372093023256,129,0.4005305039787798,754,1996,IL,Illinois,margin2006,0.11819999999999993,IL,0,0,0.11819999999999993,2006
96,06,96-06,MO,0.23438790181481484,0.08247820330876698,96,6,1996,2006,-0.352112676056322,10,147.00144927358517,Pres,Mid,2013,MO,MO_1996,MO_2006,43,0.21951219512195122,41,0.4297520661157025,242,1996,MO,Missouri,margin2006,0.023400000000000035,MO,1,0,0.023400000000000035,2006
96,08,96-08,AR,-0.08761463746319927,0.1877832741298616,96,8,1996,2008,1.647887323943678,12,28.35869135706321,Pres,Pres,2013,AR,AR_1996,AR_2008,71,0.20754716981132076,53,0.3466135458167331,251,1996,AR,Arkansas,margin2008,0.20340000000000003,AR,0,0,0.20340000000000003,2008
96,08,96-08,CO,0.10456328752567823,0.14553487166348186,96,8,1996,2008,1.647887323943678,12,47.213464020802405,Pres,Pres,2013,CO,CO_1996,CO_2008,84,0.35,40,0.3888888888888889,270,1996,CO,Colorado,margin2008,0.09099999999999994,CO,1,1,0.09099999999999994,2008
96,08,96-08,FL,0.049801743037733666,0.08637683508898396,96,8,1996,2008,1.647887323943678,12,134.0310518103147,Pres,Pres,2013,FL,FL_1996,FL_2008,59,0.23423423423423423,111,0.31378299120234604,682,1996,FL,Florida,margin2008,0.028400000000000033,FL,1,1,0.028400000000000033,2008
96,08,96-08,IL,0.41924356857946354,0.08847437048319723,96,8,1996,2008,1.647887323943678,12,127.75121450667052,Pres,Pres,2013,IL,IL_1996,IL_2008,33,0.3488372093023256,129,0.4005305039787798,754,1996,IL,Illinois,margin2008,0.25459999999999994,IL,0,0,0.25459999999999994,2008
96,08,96-08,MO,0.3287708150504525,0.12024700046171381,96,8,1996,2008,1.647887323943678,12,69.15944452089079,Pres,Pres,2013,MO,MO_1996,MO_2008,43,0.21951219512195122,41,0.4297520661157025,242,1996,MO,Missouri,margin2008,0.0014000000000000056,MO,1,1,0.0014000000000000056,2008
96,10,96-10,AR,0.08470823016984143,0.13244871255586482,96,10,1996,2010,3.647887323943678,14,57.00389318980571,Pres,Mid,2013,AR,AR_1996,AR_2010,71,0.20754716981132076,53,0.3466135458167331,251,1996,AR,Arkansas,margin2010,0.31400000000000006,AR,0,0,0.31400000000000006,2010
96,10,96-10,FL,0.11878282283739362,0.05340970569849719,96,10,1996,2010,3.647887323943678,14,350.55779635471106,Pres,Mid,2013,FL,FL_1996,FL_2010,59,0.23423423423423423,111,0.31378299120234604,682,1996,FL,Florida,margin2010,0.011800000000000067,FL,1,0,0.011800000000000067,2010
96,10,96-10,IL,0.23384395770193794,0.0575138546852185,96,10,1996,2010,3.647887323943678,14,302.31176469466186,Pres,Mid,2013,IL,IL_1996,IL_2010,33,0.3488372093023256,129,0.4005305039787798,754,1996,IL,Illinois,margin2010,0.009200000000000017,IL,1,0,0.009200000000000017,2010
96,10,96-10,MO,0.31112748223073006,0.08179296701033396,96,10,1996,2010,3.647887323943678,14,149.47483245507263,Pres,Mid,2013,MO,MO_1996,MO_2010,43,0.21951219512195122,41,0.4297520661157025,242,1996,MO,Missouri,margin2010,0.17340000000000003,MO,0,0,0.17340000000000003,2010
96,12,96-12,AR,0.009223393193107587,0.18528031750069365,96,12,1996,2012,5.647887323943678,16,29.130063240537435,Pres,Pres,2013,AR,AR_1996,AR_2012,71,0.20754716981132076,53,0.3466135458167331,251,1996,AR,Arkansas,margin2012,0.24299999999999997,AR,0,0,0.24299999999999997,2012
96,12,96-12,FL,0.17541855687932273,0.09389104095931938,96,12,1996,2012,5.647887323943678,16,113.43620580667796,Pres,Pres,2013,FL,FL_1996,FL_2012,59,0.23423423423423423,111,0.31378299120234604,682,1996,FL,Florida,margin2012,0.008799999999999954,FL,1,1,0.008799999999999954,2012
96,12,96-12,IL,0.41370114099268773,0.08784346537361347,96,12,1996,2012,5.647887323943678,16,129.59286158633813,Pres,Pres,2013,IL,IL_1996,IL_2012,33,0.3488372093023256,129,0.4005305039787798,754,1996,IL,Illinois,margin2012,0.17159999999999997,IL,0,0,0.17159999999999997,2012
96,12,96-12,MO,0.24484748271910547,0.12856805227065235,96,12,1996,2012,5.647887323943678,16,60.49700443562268,Pres,Pres,2013,MO,MO_1996,MO_2012,43,0.21951219512195122,41,0.4297520661157025,242,1996,MO,Missouri,margin2012,0.09560000000000002,MO,1,1,0.09560000000000002,2012
96,98,96-98,AR,0.17850384417975146,0.05767582203742322,96,98,1996,1998,-8.352112676056322,2,300.616222881818,Pres,Mid,2013,AR,AR_1996,AR_1998,71,0.20754716981132076,53,0.3466135458167331,251,1996,AR,Arkansas,margin1998,0.21540000000000006,AR,0,0,0.21540000000000006,1998
96,98,96-98,CO,0.03659636460542223,0.03924180587721535,96,98,1996,1998,-8.352112676056322,2,649.384666773938,Pres,Mid,2013,CO,CO_1996,CO_1998,84,0.35,40,0.3888888888888889,270,1996,CO,Colorado,margin1998,0.007999999999999972,CO,1,0,0.007999999999999972,1998
96,98,96-98,FL,0.10168118314274655,0.018642923278257142,96,98,1996,1998,-8.352112676056322,2,2877.2127448254346,Pres,Mid,2013,FL,FL_1996,FL_1998,59,0.23423423423423423,111,0.31378299120234604,682,1996,FL,Florida,margin1998,0.10540000000000006,FL,0,0,0.10540000000000006,1998
96,98,96-98,IL,0.15861768036080148,0.022710602758683477,96,98,1996,1998,-8.352112676056322,2,1938.8431569182853,Pres,Mid,2013,IL,IL_1996,IL_1998,33,0.3488372093023256,129,0.4005305039787798,754,1996,IL,Illinois,margin1998,0.036200000000000045,IL,1,0,0.036200000000000045,1998
96,98,96-98,MI,0.4652047397625974,0.043157353943379925,96,98,1996,1998,-8.352112676056322,2,536.896263011556,Pres,Mid,2013,MI,MI_1996,MI_1998,34,0.30708661417322836,127,0.41025641025641024,702,1996,MI,Michigan,margin1998,0.24439999999999998,MI,0,0,0.24439999999999998,1998
96,98,96-98,MO,0.09800761988250715,0.026801604514601948,96,98,1996,1998,-8.352112676056322,2,1392.1255720326158,Pres,Mid,2013,MO,MO_1996,MO_1998,43,0.21951219512195122,41,0.4297520661157025,242,1996,MO,Missouri,margin1998,0.09239999999999995,MO,1,0,0.09239999999999995,1998
98,00,98-00,AR,1.1218462323584322,0.21120487941842384,98,0,1998,2000,-6.352112676056322,2,22.41775431398899,Mid,Pres,2013,AR,AR_1998,AR_2000,71,0.15151515151515152,33,0.17272727272727273,220,1998,AR,Arkansas,margin2000,0.055999999999999946,AR,1,1,0.055999999999999946,2000
98,00,98-00,CO,0.07437904502462932,0.0662169962366285,98,0,1998,2000,-6.352112676056322,2,228.0662635907404,Mid,Pres,2013,CO,CO_1998,CO_2000,84,0.21052631578947367,38,0.29213483146067415,267,1998,CO,Colorado,margin2000,0.08980000000000005,CO,1,1,0.08980000000000005,2000
98,00,98-00,FL,0.22000805038978116,0.11943489709099432,98,0,1998,2000,-6.352112676056322,2,70.10314801804466,Mid,Pres,2013,FL,FL_1998,FL_2000,59,0.06722689075630252,119,0.1643835616438356,657,1998,FL,Florida,margin2000,0,FL,1,1,0,2000
98,00,98-00,IL,0.33709766463976343,0.09153172866646651,98,0,1998,2000,-6.352112676056322,2,119.35941208150284,Mid,Pres,2013,IL,IL_1998,IL_2000,33,0.10416666666666667,96,0.24279210925644917,659,1998,IL,Illinois,margin2000,0.12359999999999999,IL,0,0,0.12359999999999999,2000
98,00,98-00,MI,0.22700414357710338,0.05759630017651334,98,0,1998,2000,-6.352112676056322,2,301.4469034746334,Mid,Pres,2013,MI,MI_1998,MI_2000,34,0.13953488372093023,129,0.3014354066985646,627,1998,MI,Michigan,margin2000,0.05260000000000005,MI,1,1,0.05260000000000005,2000
98,00,98-00,MO,0.2598110715403251,0.17665597197548585,98,0,1998,2000,-6.352112676056322,2,32.0437513233643,Mid,Pres,2013,MO,MO_1998,MO_2000,43,0.20512820512820512,39,0.23076923076923078,208,1998,MO,Missouri,margin2000,0.034200000000000015,MO,1,1,0.034200000000000015,2000
98,02,98-02,AR,0.46630279995352447,0.19709189784642006,98,2,1998,2002,-4.352112676056322,4,25.743195634083193,Mid,Mid,2013,AR,AR_1998,AR_2002,71,0.15151515151515152,33,0.17272727272727273,220,1998,AR,Arkansas,margin2002,0.06060000000000002,AR,1,0,0.06060000000000002,2002
98,02,98-02,CO,0.10643668911633512,0.05324239139982341,98,2,1998,2002,-4.352112676056322,4,352.7645150760519,Mid,Mid,2013,CO,CO_1998,CO_2002,84,0.21052631578947367,38,0.29213483146067415,267,1998,CO,Colorado,margin2002,0.30080000000000007,CO,0,0,0.30080000000000007,2002
98,02,98-02,FL,0.33474500534365986,0.09752068454790279,98,2,1998,2002,-4.352112676056322,4,105.14933192006936,Mid,Mid,2013,FL,FL_1998,FL_2002,59,0.06722689075630252,119,0.1643835616438356,657,1998,FL,Florida,margin2002,0.12959999999999994,FL,0,0,0.12959999999999994,2002
98,02,98-02,IL,0.3270814527634402,0.06627275611514839,98,2,1998,2002,-4.352112676056322,4,227.68264902356546,Mid,Mid,2013,IL,IL_1998,IL_2002,33,0.10416666666666667,96,0.24279210925644917,659,1998,IL,Illinois,margin2002,0.07319999999999993,IL,1,0,0.07319999999999993,2002
98,02,98-02,MI,0.18498932309916982,0.0384946367437284,98,2,1998,2002,-4.352112676056322,4,674.8380293096112,Mid,Mid,2013,MI,MI_1998,MI_2002,34,0.13953488372093023,129,0.3014354066985646,627,1998,MI,Michigan,margin2002,0.040600000000000025,MI,1,0,0.040600000000000025,2002
98,02,98-02,MO,0.38723178507824374,0.12287535622416856,98,2,1998,2002,-4.352112676056322,4,66.23238898473652,Mid,Mid,2013,MO,MO_1998,MO_2002,43,0.20512820512820512,39,0.23076923076923078,208,1998,MO,Missouri,margin2002,NA,MO,0,0,1,2002
98,04,98-04,AR,1.0508823057109782,0.33332237836387785,98,4,1998,2004,-2.352112676056322,6,9.000591597514633,Mid,Pres,2013,AR,AR_1998,AR_2004,71,0.15151515151515152,33,0.17272727272727273,220,1998,AR,Arkansas,margin2004,0.09879999999999996,AR,1,1,0.09879999999999996,2004
98,04,98-04,CO,0.39623961412779135,0.1203003787640655,98,4,1998,2004,-2.352112676056322,6,69.09808486803176,Mid,Pres,2013,CO,CO_1998,CO_2004,84,0.21052631578947367,38,0.29213483146067415,267,1998,CO,Colorado,margin2004,0.04739999999999995,CO,1,1,0.04739999999999995,2004
98,04,98-04,FL,0.44878204407077793,0.2008075537089363,98,4,1998,2004,-2.352112676056322,6,24.799327790936882,Mid,Pres,2013,FL,FL_1998,FL_2004,59,0.06722689075630252,119,0.1643835616438356,657,1998,FL,Florida,margin2004,0.05040000000000006,FL,1,1,0.05040000000000006,2004
98,04,98-04,IL,0.6219786209928162,0.13571634826540918,98,4,1998,2004,-2.352112676056322,6,54.291978565019754,Mid,Pres,2013,IL,IL_1998,IL_2004,33,0.10416666666666667,96,0.24279210925644917,659,1998,IL,Illinois,margin2004,0.10420000000000001,IL,0,0,0.10420000000000001,2004
98,04,98-04,MO,0.6325826036332666,0.24012337044659177,98,4,1998,2004,-2.352112676056322,6,17.343276130630848,Mid,Pres,2013,MO,MO_1998,MO_2004,43,0.20512820512820512,39,0.23076923076923078,208,1998,MO,Missouri,margin2004,0.07239999999999995,MO,1,1,0.07239999999999995,2004
98,06,98-06,AR,0.8471017105593563,0.2480085773689385,98,6,1998,2006,-0.352112676056322,8,16.257980477014403,Mid,Mid,2013,AR,AR_1998,AR_2006,71,0.15151515151515152,33,0.17272727272727273,220,1998,AR,Arkansas,margin2006,0.15519999999999995,AR,0,0,0.15519999999999995,2006
98,06,98-06,CO,0.32682296368453945,0.08349297934107179,98,6,1998,2006,-0.352112676056322,8,143.4498448428952,Mid,Mid,2013,CO,CO_1998,CO_2006,84,0.21052631578947367,38,0.29213483146067415,267,1998,CO,Colorado,margin2006,0.17319999999999994,CO,0,0,0.17319999999999994,2006
98,06,98-06,FL,0.40480632015645085,0.2315252582173767,98,6,1998,2006,-0.352112676056322,8,18.65534330367947,Mid,Mid,2013,FL,FL_1998,FL_2006,59,0.06722689075630252,119,0.1643835616438356,657,1998,FL,Florida,margin2006,0.07280000000000002,FL,1,0,0.07280000000000002,2006
98,06,98-06,IL,0.6089226829614818,0.09055001784577052,98,6,1998,2006,-0.352112676056322,8,121.96154561149778,Mid,Mid,2013,IL,IL_1998,IL_2006,33,0.10416666666666667,96,0.24279210925644917,659,1998,IL,Illinois,margin2006,0.11819999999999993,IL,0,0,0.11819999999999993,2006
98,06,98-06,MO,0.3706259101736435,0.20374301201191158,98,6,1998,2006,-0.352112676056322,8,24.089875503682524,Mid,Mid,2013,MO,MO_1998,MO_2006,43,0.20512820512820512,39,0.23076923076923078,208,1998,MO,Missouri,margin2006,0.023400000000000035,MO,1,0,0.023400000000000035,2006
98,08,98-08,AR,1.1846008904424155,0.4372620677861813,98,8,1998,2008,1.647887323943678,10,5.2301770609188925,Mid,Pres,2013,AR,AR_1998,AR_2008,71,0.15151515151515152,33,0.17272727272727273,220,1998,AR,Arkansas,margin2008,0.20340000000000003,AR,0,0,0.20340000000000003,2008
98,08,98-08,CO,0.5111198695004516,0.15502206198005208,98,8,1998,2008,1.647887323943678,10,41.61146264541844,Mid,Pres,2013,CO,CO_1998,CO_2008,84,0.21052631578947367,38,0.29213483146067415,267,1998,CO,Colorado,margin2008,0.09099999999999994,CO,1,1,0.09099999999999994,2008
98,08,98-08,FL,0.9121378144017894,0.27654247081477157,98,8,1998,2008,1.647887323943678,10,13.076042467888302,Mid,Pres,2013,FL,FL_1998,FL_2008,59,0.06722689075630252,119,0.1643835616438356,657,1998,FL,Florida,margin2008,0.028400000000000033,FL,1,1,0.028400000000000033,2008
98,08,98-08,IL,0.8588712729188818,0.18125212531961413,98,8,1998,2008,1.647887323943678,10,30.439238578373406,Mid,Pres,2013,IL,IL_1998,IL_2008,33,0.10416666666666667,96,0.24279210925644917,659,1998,IL,Illinois,margin2008,0.25459999999999994,IL,0,0,0.25459999999999994,2008
98,08,98-08,MO,0.8150143697298052,0.2942928606599959,98,8,1998,2008,1.647887323943678,10,11.546239107047189,Mid,Pres,2013,MO,MO_1998,MO_2008,43,0.20512820512820512,39,0.23076923076923078,208,1998,MO,Missouri,margin2008,0.0014000000000000056,MO,1,1,0.0014000000000000056,2008
98,10,98-10,AR,0.5641935088367418,0.29687534591576037,98,10,1998,2010,3.647887323943678,12,11.346233946761162,Mid,Mid,2013,AR,AR_1998,AR_2010,71,0.15151515151515152,33,0.17272727272727273,220,1998,AR,Arkansas,margin2010,0.31400000000000006,AR,0,0,0.31400000000000006,2010
98,10,98-10,FL,0.48255244250559776,0.17172537370353763,98,10,1998,2010,3.647887323943678,12,33.91025531894441,Mid,Mid,2013,FL,FL_1998,FL_2010,59,0.06722689075630252,119,0.1643835616438356,657,1998,FL,Florida,margin2010,0.011800000000000067,FL,1,0,0.011800000000000067,2010
98,10,98-10,IL,0.8668639669849412,0.1263670534790783,98,10,1998,2010,3.647887323943678,12,62.62277114052844,Mid,Mid,2013,IL,IL_1998,IL_2010,33,0.10416666666666667,96,0.24279210925644917,659,1998,IL,Illinois,margin2010,0.009200000000000017,IL,1,0,0.009200000000000017,2010
98,10,98-10,MO,0.6102332123671461,0.1992019186720961,98,10,1998,2010,3.647887323943678,12,25.200720968770938,Mid,Mid,2013,MO,MO_1998,MO_2010,43,0.20512820512820512,39,0.23076923076923078,208,1998,MO,Missouri,margin2010,0.17340000000000003,MO,0,0,0.17340000000000003,2010
98,12,98-12,AR,1.204308168163863,0.4510362397538328,98,12,1998,2012,5.647887323943678,14,4.915606663318322,Mid,Pres,2013,AR,AR_1998,AR_2012,71,0.15151515151515152,33,0.17272727272727273,220,1998,AR,Arkansas,margin2012,0.24299999999999997,AR,0,0,0.24299999999999997,2012
98,12,98-12,FL,1.0877535520665413,0.3111074660834882,98,12,1998,2012,5.647887323943678,14,10.331874751442832,Mid,Pres,2013,FL,FL_1998,FL_2012,59,0.06722689075630252,119,0.1643835616438356,657,1998,FL,Florida,margin2012,0.008799999999999954,FL,1,1,0.008799999999999954,2012
98,12,98-12,IL,0.967978214353092,0.20352238951729534,98,12,1998,2012,5.647887323943678,14,24.1421316618465,Mid,Pres,2013,IL,IL_1998,IL_2012,33,0.10416666666666667,96,0.24279210925644917,659,1998,IL,Illinois,margin2012,0.17159999999999997,IL,0,0,0.17159999999999997,2012
98,12,98-12,MO,0.8299396090206942,0.30211530137978776,98,12,1998,2012,5.647887323943678,14,10.956063898269466,Mid,Pres,2013,MO,MO_1998,MO_2012,43,0.20512820512820512,39,0.23076923076923078,208,1998,MO,Missouri,margin2012,0.09560000000000002,MO,1,1,0.09560000000000002,2012
