paper_id,claim_id,table_figure,claim,value_script,value_paper,digits,match,value_rewrite,match_rewrite,holds,defect_locus,notes
coppock_green_2016,table_1_main_civic_duty_aug_2006_est,Table 1,"Civic Duty, Aug. 2006, est",0.018,0.018,3,1,0.01843667167,1,NA,NA,
coppock_green_2016,table_1_main_civic_duty_nov_2006_est,Table 1,"Civic Duty, Nov. 2006, est",0.041,0.041,3,1,0.04146326847,1,NA,NA,
coppock_green_2016,table_1_main_civic_duty_jan_2008_est,Table 1,"Civic Duty, Jan. 2008, est",0.278,0.278,3,1,0.27848065496,1,NA,NA,
coppock_green_2016,table_1_main_civic_duty_aug_2008_est,Table 1,"Civic Duty, Aug. 2008, est",-0.105,-0.105,3,1,-0.10539848163,1,NA,NA,
coppock_green_2016,table_1_main_civic_duty_nov_2008_est,Table 1,"Civic Duty, Nov. 2008, est",-0.078,-0.078,3,1,-0.07795462021,1,NA,NA,
coppock_green_2016,table_1_main_civic_duty_aug_2010_est,Table 1,"Civic Duty, Aug. 2010, est",0.067,0.067,3,1,0.06664319284,1,NA,NA,
coppock_green_2016,table_1_main_civic_duty_nov_2010_est,Table 1,"Civic Duty, Nov. 2010, est",-0.035,-0.035,3,1,-0.03478931175,1,NA,NA,
coppock_green_2016,table_1_main_civic_duty_feb_2012_est,Table 1,"Civic Duty, Feb. 2012, est",-0.023,-0.023,3,1,-0.02309057325,1,NA,NA,
coppock_green_2016,table_1_main_civic_duty_aug_2012_est,Table 1,"Civic Duty, Aug. 2012, est",-0.105,-0.105,3,1,-0.10486966400,1,NA,NA,
coppock_green_2016,table_1_main_civic_duty_nov_2012_est,Table 1,"Civic Duty, Nov. 2012, est",-0.173,-0.173,3,1,-0.17348234867,1,NA,NA,
coppock_green_2016,table_1_main_civic_duty_aug_2006_se,Table 1,"Civic Duty, Aug. 2006, se",0.003,0.003,3,1,0.00333057573,1,NA,NA,
coppock_green_2016,table_1_main_civic_duty_nov_2006_se,Table 1,"Civic Duty, Nov. 2006, se",0.105,0.105,3,1,0.10462040866,1,NA,NA,
coppock_green_2016,table_1_main_civic_duty_jan_2008_se,Table 1,"Civic Duty, Jan. 2008, se",0.180,0.180,3,1,0.18004626452,1,NA,NA,
coppock_green_2016,table_1_main_civic_duty_aug_2008_se,Table 1,"Civic Duty, Aug. 2008, se",0.186,0.186,3,1,0.18595568030,1,NA,NA,
coppock_green_2016,table_1_main_civic_duty_nov_2008_se,Table 1,"Civic Duty, Nov. 2008, se",0.098,0.098,3,1,0.09782410597,1,NA,NA,
coppock_green_2016,table_1_main_civic_duty_aug_2010_se,Table 1,"Civic Duty, Aug. 2010, se",0.183,0.183,3,1,0.18276584952,1,NA,NA,
coppock_green_2016,table_1_main_civic_duty_nov_2010_se,Table 1,"Civic Duty, Nov. 2010, se",0.151,0.151,3,1,0.15073865365,1,NA,NA,
coppock_green_2016,table_1_main_civic_duty_feb_2012_se,Table 1,"Civic Duty, Feb. 2012, se",0.181,0.181,3,1,0.18117075161,1,NA,NA,
coppock_green_2016,table_1_main_civic_duty_aug_2012_se,Table 1,"Civic Duty, Aug. 2012, se",0.187,0.187,3,1,0.18717490874,1,NA,NA,
coppock_green_2016,table_1_main_civic_duty_nov_2012_se,Table 1,"Civic Duty, Nov. 2012, se",0.136,0.136,3,1,0.13582505277,1,NA,NA,
coppock_green_2016,table_1_main_hawthorne_aug_2006_est,Table 1,"Hawthorne, Aug. 2006, est",0.025,0.025,3,1,0.02539161323,1,NA,NA,
coppock_green_2016,table_1_main_hawthorne_nov_2006_est,Table 1,"Hawthorne, Nov. 2006, est",-0.014,-0.014,3,1,-0.01434501745,1,NA,NA,
coppock_green_2016,table_1_main_hawthorne_jan_2008_est,Table 1,"Hawthorne, Jan. 2008, est",0.117,0.117,3,1,0.11656157501,1,NA,NA,
coppock_green_2016,table_1_main_hawthorne_aug_2008_est,Table 1,"Hawthorne, Aug. 2008, est",0.118,0.118,3,1,0.11809647353,1,NA,NA,
coppock_green_2016,table_1_main_hawthorne_nov_2008_est,Table 1,"Hawthorne, Nov. 2008, est",-0.109,-0.109,3,1,-0.10880755169,1,NA,NA,
coppock_green_2016,table_1_main_hawthorne_aug_2010_est,Table 1,"Hawthorne, Aug. 2010, est",0.166,0.166,3,1,0.16584153659,1,NA,NA,
coppock_green_2016,table_1_main_hawthorne_nov_2010_est,Table 1,"Hawthorne, Nov. 2010, est",-0.176,-0.176,3,1,-0.17571815989,1,NA,NA,
coppock_green_2016,table_1_main_hawthorne_feb_2012_est,Table 1,"Hawthorne, Feb. 2012, est",0.114,0.114,3,1,0.11424911740,1,NA,NA,
coppock_green_2016,table_1_main_hawthorne_aug_2012_est,Table 1,"Hawthorne, Aug. 2012, est",0.060,0.060,3,1,0.06012000952,1,NA,NA,
coppock_green_2016,table_1_main_hawthorne_nov_2012_est,Table 1,"Hawthorne, Nov. 2012, est",-0.001,-0.001,3,1,-0.00148809945,1,NA,NA,
coppock_green_2016,table_1_main_hawthorne_aug_2006_se,Table 1,"Hawthorne, Aug. 2006, se",0.003,0.003,3,1,0.00334100863,1,NA,NA,
coppock_green_2016,table_1_main_hawthorne_nov_2006_se,Table 1,"Hawthorne, Nov. 2006, se",0.077,0.077,3,1,0.07727623361,1,NA,NA,
coppock_green_2016,table_1_main_hawthorne_jan_2008_se,Table 1,"Hawthorne, Jan. 2008, se",0.130,0.130,3,1,0.13035828965,1,NA,NA,
coppock_green_2016,table_1_main_hawthorne_aug_2008_se,Table 1,"Hawthorne, Aug. 2008, se",0.127,0.127,3,1,0.12734206114,1,NA,NA,
coppock_green_2016,table_1_main_hawthorne_nov_2008_se,Table 1,"Hawthorne, Nov. 2008, se",0.073,0.073,3,1,0.07281884178,1,NA,NA,
coppock_green_2016,table_1_main_hawthorne_aug_2010_se,Table 1,"Hawthorne, Aug. 2010, se",0.131,0.131,3,1,0.13069801463,1,NA,NA,
coppock_green_2016,table_1_main_hawthorne_nov_2010_se,Table 1,"Hawthorne, Nov. 2010, se",0.115,0.115,3,1,0.11473440333,1,NA,NA,
coppock_green_2016,table_1_main_hawthorne_feb_2012_se,Table 1,"Hawthorne, Feb. 2012, se",0.130,0.130,3,1,0.12960339468,1,NA,NA,
coppock_green_2016,table_1_main_hawthorne_aug_2012_se,Table 1,"Hawthorne, Aug. 2012, se",0.131,0.131,3,1,0.13093375190,1,NA,NA,
coppock_green_2016,table_1_main_hawthorne_nov_2012_se,Table 1,"Hawthorne, Nov. 2012, se",0.094,0.094,3,1,0.09410497118,1,NA,NA,
coppock_green_2016,table_1_main_self_aug_2006_est,Table 1,"Self, Aug. 2006, est",0.050,0.050,3,1,0.05000537385,1,NA,NA,
coppock_green_2016,table_1_main_self_nov_2006_est,Table 1,"Self, Nov. 2006, est",0.050,0.050,3,1,0.05035071433,1,NA,NA,
coppock_green_2016,table_1_main_self_jan_2008_est,Table 1,"Self, Jan. 2008, est",0.133,0.133,3,1,0.13250432866,1,NA,NA,
coppock_green_2016,table_1_main_self_aug_2008_est,Table 1,"Self, Aug. 2008, est",0.169,0.169,3,1,0.16912350059,1,NA,NA,
coppock_green_2016,table_1_main_self_nov_2008_est,Table 1,"Self, Nov. 2008, est",-0.010,-0.010,3,1,-0.00957434673,1,NA,NA,
coppock_green_2016,table_1_main_self_aug_2010_est,Table 1,"Self, Aug. 2010, est",0.134,0.134,3,1,0.13404915438,1,NA,NA,
coppock_green_2016,table_1_main_self_nov_2010_est,Table 1,"Self, Nov. 2010, est",0.052,0.052,3,1,0.05205303996,1,NA,NA,
coppock_green_2016,table_1_main_self_feb_2012_est,Table 1,"Self, Feb. 2012, est",0.073,0.073,3,1,0.07253079191,1,NA,NA,
coppock_green_2016,table_1_main_self_aug_2012_est,Table 1,"Self, Aug. 2012, est",0.185,0.185,3,1,0.18549456810,1,NA,NA,
coppock_green_2016,table_1_main_self_nov_2012_est,Table 1,"Self, Nov. 2012, est",0.055,0.055,3,1,0.05542632460,1,NA,NA,
coppock_green_2016,table_1_main_self_aug_2006_se,Table 1,"Self, Aug. 2006, se",0.003,0.003,3,1,0.00338442577,1,NA,NA,
coppock_green_2016,table_1_main_self_nov_2006_se,Table 1,"Self, Nov. 2006, se",0.038,0.038,3,1,0.03838481654,1,NA,NA,
coppock_green_2016,table_1_main_self_jan_2008_se,Table 1,"Self, Jan. 2008, se",0.066,0.066,3,1,0.06623539049,1,NA,NA,
coppock_green_2016,table_1_main_self_aug_2008_se,Table 1,"Self, Aug. 2008, se",0.064,0.064,3,1,0.06433554959,1,NA,NA,
coppock_green_2016,table_1_main_self_nov_2008_se,Table 1,"Self, Nov. 2008, se",0.035,0.035,3,1,0.03549736786,1,NA,NA,
coppock_green_2016,table_1_main_self_aug_2010_se,Table 1,"Self, Aug. 2010, se",0.066,0.066,3,1,0.06646354686,1,NA,NA,
coppock_green_2016,table_1_main_self_nov_2010_se,Table 1,"Self, Nov. 2010, se",0.055,0.055,3,1,0.05484912703,1,NA,NA,
coppock_green_2016,table_1_main_self_feb_2012_se,Table 1,"Self, Feb. 2012, se",0.066,0.066,3,1,0.06579409533,1,NA,NA,
coppock_green_2016,table_1_main_self_aug_2012_se,Table 1,"Self, Aug. 2012, se",0.065,0.065,3,1,0.06531193627,1,NA,NA,
coppock_green_2016,table_1_main_self_nov_2012_se,Table 1,"Self, Nov. 2012, se",0.047,0.047,3,1,0.04734809466,1,NA,NA,
coppock_green_2016,table_1_main_neighbors_aug_2006_est,Table 1,"Neighbors, Aug. 2006, est",0.083,0.083,3,1,0.08295561274,1,NA,NA,
coppock_green_2016,table_1_main_neighbors_nov_2006_est,Table 1,"Neighbors, Nov. 2006, est",0.128,0.128,3,1,0.12779080734,1,NA,NA,
coppock_green_2016,table_1_main_neighbors_jan_2008_est,Table 1,"Neighbors, Jan. 2008, est",0.146,0.146,3,1,0.14614946605,1,NA,NA,
coppock_green_2016,table_1_main_neighbors_aug_2008_est,Table 1,"Neighbors, Aug. 2008, est",0.125,0.125,3,1,0.12499906928,1,NA,NA,
coppock_green_2016,table_1_main_neighbors_nov_2008_est,Table 1,"Neighbors, Nov. 2008, est",0.017,0.017,3,1,0.01669650397,1,NA,NA,
coppock_green_2016,table_1_main_neighbors_aug_2010_est,Table 1,"Neighbors, Aug. 2010, est",0.122,0.122,3,1,0.12249777680,1,NA,NA,
coppock_green_2016,table_1_main_neighbors_nov_2010_est,Table 1,"Neighbors, Nov. 2010, est",0.047,0.047,3,1,0.04669932760,1,NA,NA,
coppock_green_2016,table_1_main_neighbors_feb_2012_est,Table 1,"Neighbors, Feb. 2012, est",0.072,0.072,3,1,0.07214988568,1,NA,NA,
coppock_green_2016,table_1_main_neighbors_aug_2012_est,Table 1,"Neighbors, Aug. 2012, est",0.061,0.061,3,1,0.06054378975,1,NA,NA,
coppock_green_2016,table_1_main_neighbors_nov_2012_est,Table 1,"Neighbors, Nov. 2012, est",-0.002,-0.002,3,1,-0.00185025710,1,NA,NA,
coppock_green_2016,table_1_main_neighbors_aug_2006_se,Table 1,"Neighbors, Aug. 2006, se",0.003,0.003,3,1,0.00345138298,1,NA,NA,
coppock_green_2016,table_1_main_neighbors_nov_2006_se,Table 1,"Neighbors, Nov. 2006, se",0.022,0.022,3,1,0.02244101118,1,NA,NA,
coppock_green_2016,table_1_main_neighbors_jan_2008_se,Table 1,"Neighbors, Jan. 2008, se",0.040,0.040,3,1,0.03987566983,1,NA,NA,
coppock_green_2016,table_1_main_neighbors_aug_2008_se,Table 1,"Neighbors, Aug. 2008, se",0.039,0.039,3,1,0.03902438435,1,NA,NA,
coppock_green_2016,table_1_main_neighbors_nov_2008_se,Table 1,"Neighbors, Nov. 2008, se",0.021,0.021,3,1,0.02104348657,1,NA,NA,
coppock_green_2016,table_1_main_neighbors_aug_2010_se,Table 1,"Neighbors, Aug. 2010, se",0.040,0.040,3,1,0.04042693056,1,NA,NA,
coppock_green_2016,table_1_main_neighbors_nov_2010_se,Table 1,"Neighbors, Nov. 2010, se",0.033,0.033,3,1,0.03307428610,1,NA,NA,
coppock_green_2016,table_1_main_neighbors_feb_2012_se,Table 1,"Neighbors, Feb. 2012, se",0.040,0.040,3,1,0.03980537427,1,NA,NA,
coppock_green_2016,table_1_main_neighbors_aug_2012_se,Table 1,"Neighbors, Aug. 2012, se",0.040,0.040,3,1,0.04006604806,1,NA,NA,
coppock_green_2016,table_1_main_neighbors_nov_2012_se,Table 1,"Neighbors, Nov. 2012, se",0.029,0.029,3,1,0.02871448151,1,NA,NA,
coppock_green_2016,table_1_main_all_instruments_nov_2006_est,Table 1,"All Instruments, Nov. 2006, est",0.108,0.108,3,1,0.10795397196,1,NA,NA,
coppock_green_2016,table_1_main_all_instruments_jan_2008_est,Table 1,"All Instruments, Jan. 2008, est",0.142,0.142,3,1,0.14208352815,1,NA,NA,
coppock_green_2016,table_1_main_all_instruments_aug_2008_est,Table 1,"All Instruments, Aug. 2008, est",0.135,0.135,3,1,0.13533426267,1,NA,NA,
coppock_green_2016,table_1_main_all_instruments_nov_2008_est,Table 1,"All Instruments, Nov. 2008, est",0.009,0.009,3,1,0.00853612838,1,NA,NA,
coppock_green_2016,table_1_main_all_instruments_aug_2010_est,Table 1,"All Instruments, Aug. 2010, est",0.126,0.126,3,1,0.12614776949,1,NA,NA,
coppock_green_2016,table_1_main_all_instruments_nov_2010_est,Table 1,"All Instruments, Nov. 2010, est",0.043,0.043,3,1,0.04342063960,1,NA,NA,
coppock_green_2016,table_1_main_all_instruments_feb_2012_est,Table 1,"All Instruments, Feb. 2012, est",0.073,0.073,3,1,0.07343394099,1,NA,NA,
coppock_green_2016,table_1_main_all_instruments_aug_2012_est,Table 1,"All Instruments, Aug. 2012, est",0.089,0.089,3,1,0.08865163541,1,NA,NA,
coppock_green_2016,table_1_main_all_instruments_nov_2012_est,Table 1,"All Instruments, Nov. 2012, est",0.011,0.011,3,1,0.01135390947,1,NA,NA,
coppock_green_2016,table_1_main_all_instruments_nov_2006_se,Table 1,"All Instruments, Nov. 2006, se",0.021,0.021,3,1,0.02064118109,1,NA,NA,
coppock_green_2016,table_1_main_all_instruments_jan_2008_se,Table 1,"All Instruments, Jan. 2008, se",0.036,0.036,3,1,0.03637486448,1,NA,NA,
coppock_green_2016,table_1_main_all_instruments_aug_2008_se,Table 1,"All Instruments, Aug. 2008, se",0.036,0.036,3,1,0.03550603992,1,NA,NA,
coppock_green_2016,table_1_main_all_instruments_nov_2008_se,Table 1,"All Instruments, Nov. 2008, se",0.019,0.019,3,1,0.01926092787,1,NA,NA,
coppock_green_2016,table_1_main_all_instruments_aug_2010_se,Table 1,"All Instruments, Aug. 2010, se",0.037,0.037,3,1,0.03679247222,1,NA,NA,
coppock_green_2016,table_1_main_all_instruments_nov_2010_se,Table 1,"All Instruments, Nov. 2010, se",0.030,0.030,3,1,0.03017682773,1,NA,NA,
coppock_green_2016,table_1_main_all_instruments_feb_2012_se,Table 1,"All Instruments, Feb. 2012, se",0.036,0.036,3,1,0.03627652108,1,NA,NA,
coppock_green_2016,table_1_main_all_instruments_aug_2012_se,Table 1,"All Instruments, Aug. 2012, se",0.036,0.036,3,1,0.03633912360,1,NA,NA,
coppock_green_2016,table_1_main_all_instruments_nov_2012_se,Table 1,"All Instruments, Nov. 2012, se",0.026,0.026,3,1,0.02615241568,1,NA,NA,
coppock_green_2016,table_1_main_control_aug_2006_est,Table 1,"Control, Aug. 2006, est",NA,0.311,3,NA,0.31129261863,1,NA,NA,
coppock_green_2016,table_1_main_control_aug_2006_se,Table 1,"Control, Aug. 2006, se",NA,0.001,3,NA,0.00134844992,1,NA,NA,
coppock_green_2016,table_1_main_civic_duty_n_n,Table 1,"Civic Duty, n, n",NA,36903,0,NA,36903.00000000000,1,NA,NA,
coppock_green_2016,table_1_main_hawthorne_n_n,Table 1,"Hawthorne, n, n",NA,37005,0,NA,37005.00000000000,1,NA,NA,
coppock_green_2016,table_1_main_self_n_n,Table 1,"Self, n, n",NA,37011,0,NA,37011.00000000000,1,NA,NA,
coppock_green_2016,table_1_main_neighbors_n_n,Table 1,"Neighbors, n, n",NA,36893,0,NA,36893.00000000000,1,NA,NA,
coppock_green_2016,table_1_main_control_n_n,Table 1,"Control, n, n",NA,184749,0,NA,184749.00000000000,1,NA,NA,
coppock_green_2016,table_1_main_untreated_compliers_nov_2006_lo,Table 1,"Untreated Compliers, Nov. 2006, lo",0.845,0.845,3,1,0.84468056311,1,NA,NA,
coppock_green_2016,table_1_main_untreated_compliers_nov_2006_hi,Table 1,"Untreated Compliers, Nov. 2006, hi",0.943,0.943,3,1,0.94307395710,1,NA,NA,
coppock_green_2016,table_1_main_untreated_compliers_jan_2008_lo,Table 1,"Untreated Compliers, Jan. 2008, lo",0.194,0.194,3,1,0.19428237334,1,NA,NA,
coppock_green_2016,table_1_main_untreated_compliers_jan_2008_hi,Table 1,"Untreated Compliers, Jan. 2008, hi",0.362,0.362,3,1,0.36217682720,1,NA,NA,
coppock_green_2016,table_1_main_untreated_compliers_aug_2008_lo,Table 1,"Untreated Compliers, Aug. 2008, lo",0.274,0.274,3,1,0.27419763772,1,NA,NA,
coppock_green_2016,table_1_main_untreated_compliers_aug_2008_hi,Table 1,"Untreated Compliers, Aug. 2008, hi",0.398,0.398,3,1,0.39787066716,1,NA,NA,
coppock_green_2016,table_1_main_untreated_compliers_nov_2008_lo,Table 1,"Untreated Compliers, Nov. 2008, lo",0.912,0.912,3,1,0.91193409974,1,NA,NA,
coppock_green_2016,table_1_main_untreated_compliers_nov_2008_hi,Table 1,"Untreated Compliers, Nov. 2008, hi",1.034,1.034,3,1,1.03387895828,1,NA,NA,
coppock_green_2016,table_1_main_untreated_compliers_aug_2010_lo,Table 1,"Untreated Compliers, Aug. 2010, lo",0.419,0.419,3,1,0.41941287729,1,NA,NA,
coppock_green_2016,table_1_main_untreated_compliers_aug_2010_hi,Table 1,"Untreated Compliers, Aug. 2010, hi",0.472,0.472,3,1,0.47206007819,1,NA,NA,
coppock_green_2016,table_1_main_untreated_compliers_nov_2010_lo,Table 1,"Untreated Compliers, Nov. 2010, lo",0.766,0.766,3,1,0.76593004395,1,NA,NA,
coppock_green_2016,table_1_main_untreated_compliers_nov_2010_hi,Table 1,"Untreated Compliers, Nov. 2010, hi",0.986,0.986,3,1,0.98603424848,1,NA,NA,
coppock_green_2016,table_1_main_untreated_compliers_feb_2012_lo,Table 1,"Untreated Compliers, Feb. 2012, lo",0.330,0.330,3,1,0.33011010037,1,NA,NA,
coppock_green_2016,table_1_main_untreated_compliers_feb_2012_hi,Table 1,"Untreated Compliers, Feb. 2012, hi",0.453,0.453,3,1,0.45287319259,1,NA,NA,
coppock_green_2016,table_1_main_untreated_compliers_aug_2012_lo,Table 1,"Untreated Compliers, Aug. 2012, lo",0.286,0.286,3,1,0.28613706261,1,NA,NA,
coppock_green_2016,table_1_main_untreated_compliers_aug_2012_hi,Table 1,"Untreated Compliers, Aug. 2012, hi",0.469,0.469,3,1,0.46867509861,1,NA,NA,
coppock_green_2016,table_1_main_untreated_compliers_nov_2012_lo,Table 1,"Untreated Compliers, Nov. 2012, lo",0.806,0.806,3,1,0.80648709758,1,NA,NA,
coppock_green_2016,table_1_main_untreated_compliers_nov_2012_hi,Table 1,"Untreated Compliers, Nov. 2012, hi",0.950,0.950,3,1,0.95027515247,1,NA,NA,
coppock_green_2016,table_2_main_civic_duty_nov_2007_est,Table 2,"Civic Duty, Nov. 2007, est",0.014,0.014,3,1,0.01358419638,1,NA,NA,
coppock_green_2016,table_2_main_civic_duty_jan_2008_est,Table 2,"Civic Duty, Jan. 2008, est",0.180,0.180,3,1,0.17971715104,1,NA,NA,
coppock_green_2016,table_2_main_civic_duty_aug_2008_est,Table 2,"Civic Duty, Aug. 2008, est",0.642,0.642,3,1,0.64236935886,1,NA,NA,
coppock_green_2016,table_2_main_civic_duty_nov_2008_est,Table 2,"Civic Duty, Nov. 2008, est",-0.016,-0.016,3,1,-0.01643314246,1,NA,NA,
coppock_green_2016,table_2_main_civic_duty_aug_2010_est,Table 2,"Civic Duty, Aug. 2010, est",0.814,0.814,3,1,0.81360714217,1,NA,NA,
coppock_green_2016,table_2_main_civic_duty_nov_2010_est,Table 2,"Civic Duty, Nov. 2010, est",-0.101,-0.101,3,1,-0.10098174938,1,NA,NA,
coppock_green_2016,table_2_main_civic_duty_feb_2012_est,Table 2,"Civic Duty, Feb. 2012, est",0.248,0.248,3,1,0.24844161677,1,NA,NA,
coppock_green_2016,table_2_main_civic_duty_aug_2012_est,Table 2,"Civic Duty, Aug. 2012, est",-0.322,-0.322,3,1,-0.32211869052,1,NA,NA,
coppock_green_2016,table_2_main_civic_duty_nov_2012_est,Table 2,"Civic Duty, Nov. 2012, est",-0.042,-0.042,3,1,-0.04163201548,1,NA,NA,
coppock_green_2016,table_2_main_civic_duty_nov_2007_se,Table 2,"Civic Duty, Nov. 2007, se",0.006,0.006,3,1,0.00647361214,1,NA,NA,
coppock_green_2016,table_2_main_civic_duty_jan_2008_se,Table 2,"Civic Duty, Jan. 2008, se",0.466,0.466,3,1,0.46626928717,1,NA,NA,
coppock_green_2016,table_2_main_civic_duty_aug_2008_se,Table 2,"Civic Duty, Aug. 2008, se",0.468,0.468,3,1,0.46786458782,1,NA,NA,
coppock_green_2016,table_2_main_civic_duty_nov_2008_se,Table 2,"Civic Duty, Nov. 2008, se",0.326,0.326,3,1,0.32647423410,1,NA,NA,
coppock_green_2016,table_2_main_civic_duty_aug_2010_se,Table 2,"Civic Duty, Aug. 2010, se",0.522,0.522,3,1,0.52238563343,1,NA,NA,
coppock_green_2016,table_2_main_civic_duty_nov_2010_se,Table 2,"Civic Duty, Nov. 2010, se",0.493,0.493,3,1,0.49289949498,1,NA,NA,
coppock_green_2016,table_2_main_civic_duty_feb_2012_se,Table 2,"Civic Duty, Feb. 2012, se",0.423,0.423,3,1,0.42289100951,1,NA,NA,
coppock_green_2016,table_2_main_civic_duty_aug_2012_se,Table 2,"Civic Duty, Aug. 2012, se",0.539,0.539,3,1,0.53911859107,1,NA,NA,
coppock_green_2016,table_2_main_civic_duty_nov_2012_se,Table 2,"Civic Duty, Nov. 2012, se",0.433,0.433,3,1,0.43256840031,1,NA,NA,
coppock_green_2016,table_2_main_shown_2005_vote_nov_2007_est,Table 2,"Shown 2005 Vote, Nov. 2007, est",0.050,0.050,3,1,0.05016550937,1,NA,NA,
coppock_green_2016,table_2_main_shown_2005_vote_jan_2008_est,Table 2,"Shown 2005 Vote, Jan. 2008, est",0.373,0.373,3,1,0.37278808627,1,NA,NA,
coppock_green_2016,table_2_main_shown_2005_vote_aug_2008_est,Table 2,"Shown 2005 Vote, Aug. 2008, est",0.218,0.218,3,1,0.21825629813,1,NA,NA,
coppock_green_2016,table_2_main_shown_2005_vote_nov_2008_est,Table 2,"Shown 2005 Vote, Nov. 2008, est",0.066,0.066,3,1,0.06557650323,1,NA,NA,
coppock_green_2016,table_2_main_shown_2005_vote_aug_2010_est,Table 2,"Shown 2005 Vote, Aug. 2010, est",0.121,0.121,3,1,0.12148184810,1,NA,NA,
coppock_green_2016,table_2_main_shown_2005_vote_nov_2010_est,Table 2,"Shown 2005 Vote, Nov. 2010, est",0.077,0.077,3,1,0.07692123081,1,NA,NA,
coppock_green_2016,table_2_main_shown_2005_vote_feb_2012_est,Table 2,"Shown 2005 Vote, Feb. 2012, est",-0.148,-0.148,3,1,-0.14769150848,1,NA,NA,
coppock_green_2016,table_2_main_shown_2005_vote_aug_2012_est,Table 2,"Shown 2005 Vote, Aug. 2012, est",-0.036,-0.036,3,1,-0.03551666040,1,NA,NA,
coppock_green_2016,table_2_main_shown_2005_vote_nov_2012_est,Table 2,"Shown 2005 Vote, Nov. 2012, est",0.140,0.140,3,1,0.13965887357,1,NA,NA,
coppock_green_2016,table_2_main_shown_2005_vote_nov_2007_se,Table 2,"Shown 2005 Vote, Nov. 2007, se",0.005,0.005,3,1,0.00471150821,1,NA,NA,
coppock_green_2016,table_2_main_shown_2005_vote_jan_2008_se,Table 2,"Shown 2005 Vote, Jan. 2008, se",0.091,0.091,3,1,0.09089406095,1,NA,NA,
coppock_green_2016,table_2_main_shown_2005_vote_aug_2008_se,Table 2,"Shown 2005 Vote, Aug. 2008, se",0.086,0.086,3,1,0.08582520853,1,NA,NA,
coppock_green_2016,table_2_main_shown_2005_vote_nov_2008_se,Table 2,"Shown 2005 Vote, Nov. 2008, se",0.062,0.062,3,1,0.06153179193,1,NA,NA,
coppock_green_2016,table_2_main_shown_2005_vote_aug_2010_se,Table 2,"Shown 2005 Vote, Aug. 2010, se",0.091,0.091,3,1,0.09111638642,1,NA,NA,
coppock_green_2016,table_2_main_shown_2005_vote_nov_2010_se,Table 2,"Shown 2005 Vote, Nov. 2010, se",0.089,0.089,3,1,0.08948546796,1,NA,NA,
coppock_green_2016,table_2_main_shown_2005_vote_feb_2012_se,Table 2,"Shown 2005 Vote, Feb. 2012, se",0.086,0.086,3,1,0.08604969261,1,NA,NA,
coppock_green_2016,table_2_main_shown_2005_vote_aug_2012_se,Table 2,"Shown 2005 Vote, Aug. 2012, se",0.091,0.091,3,1,0.09121332303,1,NA,NA,
coppock_green_2016,table_2_main_shown_2005_vote_nov_2012_se,Table 2,"Shown 2005 Vote, Nov. 2012, se",0.081,0.081,3,1,0.08090172656,1,NA,NA,
coppock_green_2016,table_2_main_shown_2006_vote_nov_2007_est,Table 2,"Shown 2006 Vote, Nov. 2007, est",0.045,0.045,3,1,0.04509069921,1,NA,NA,
coppock_green_2016,table_2_main_shown_2006_vote_jan_2008_est,Table 2,"Shown 2006 Vote, Jan. 2008, est",0.298,0.298,3,1,0.29766551072,1,NA,NA,
coppock_green_2016,table_2_main_shown_2006_vote_aug_2008_est,Table 2,"Shown 2006 Vote, Aug. 2008, est",0.120,0.120,3,1,0.11950002963,1,NA,NA,
coppock_green_2016,table_2_main_shown_2006_vote_nov_2008_est,Table 2,"Shown 2006 Vote, Nov. 2008, est",0.128,0.128,3,1,0.12829965990,1,NA,NA,
coppock_green_2016,table_2_main_shown_2006_vote_aug_2010_est,Table 2,"Shown 2006 Vote, Aug. 2010, est",0.032,0.032,3,1,0.03241698767,1,NA,NA,
coppock_green_2016,table_2_main_shown_2006_vote_nov_2010_est,Table 2,"Shown 2006 Vote, Nov. 2010, est",0.181,0.181,3,1,0.18120173629,1,NA,NA,
coppock_green_2016,table_2_main_shown_2006_vote_feb_2012_est,Table 2,"Shown 2006 Vote, Feb. 2012, est",-0.096,-0.096,3,1,-0.09603765790,1,NA,NA,
coppock_green_2016,table_2_main_shown_2006_vote_aug_2012_est,Table 2,"Shown 2006 Vote, Aug. 2012, est",-0.235,-0.235,3,1,-0.23475472136,1,NA,NA,
coppock_green_2016,table_2_main_shown_2006_vote_nov_2012_est,Table 2,"Shown 2006 Vote, Nov. 2012, est",0.066,0.066,3,1,0.06555670448,1,NA,NA,
coppock_green_2016,table_2_main_shown_2006_vote_nov_2007_se,Table 2,"Shown 2006 Vote, Nov. 2007, se",0.005,0.005,3,1,0.00469003739,1,NA,NA,
coppock_green_2016,table_2_main_shown_2006_vote_jan_2008_se,Table 2,"Shown 2006 Vote, Jan. 2008, se",0.101,0.101,3,1,0.10084159543,1,NA,NA,
coppock_green_2016,table_2_main_shown_2006_vote_aug_2008_se,Table 2,"Shown 2006 Vote, Aug. 2008, se",0.097,0.097,3,1,0.09694712077,1,NA,NA,
coppock_green_2016,table_2_main_shown_2006_vote_nov_2008_se,Table 2,"Shown 2006 Vote, Nov. 2008, se",0.068,0.068,3,1,0.06818444625,1,NA,NA,
coppock_green_2016,table_2_main_shown_2006_vote_aug_2010_se,Table 2,"Shown 2006 Vote, Aug. 2010, se",0.103,0.103,3,1,0.10330622365,1,NA,NA,
coppock_green_2016,table_2_main_shown_2006_vote_nov_2010_se,Table 2,"Shown 2006 Vote, Nov. 2010, se",0.099,0.099,3,1,0.09870494017,1,NA,NA,
coppock_green_2016,table_2_main_shown_2006_vote_feb_2012_se,Table 2,"Shown 2006 Vote, Feb. 2012, se",0.094,0.094,3,1,0.09381050578,1,NA,NA,
coppock_green_2016,table_2_main_shown_2006_vote_aug_2012_se,Table 2,"Shown 2006 Vote, Aug. 2012, se",0.109,0.109,3,1,0.10929014779,1,NA,NA,
coppock_green_2016,table_2_main_shown_2006_vote_nov_2012_se,Table 2,"Shown 2006 Vote, Nov. 2012, se",0.091,0.091,3,1,0.09141721066,1,NA,NA,
coppock_green_2016,table_2_main_all_instruments_jan_2008_est,Table 2,"All Instruments, Jan. 2008, est",0.336,0.336,3,1,0.33646807876,1,NA,NA,
coppock_green_2016,table_2_main_all_instruments_aug_2008_est,Table 2,"All Instruments, Aug. 2008, est",0.183,0.183,3,1,0.18277386728,1,NA,NA,
coppock_green_2016,table_2_main_all_instruments_nov_2008_est,Table 2,"All Instruments, Nov. 2008, est",0.092,0.092,3,1,0.09150186333,1,NA,NA,
coppock_green_2016,table_2_main_all_instruments_aug_2010_est,Table 2,"All Instruments, Aug. 2010, est",0.095,0.095,3,1,0.09508284120,1,NA,NA,
coppock_green_2016,table_2_main_all_instruments_nov_2010_est,Table 2,"All Instruments, Nov. 2010, est",0.119,0.119,3,1,0.11927169385,1,NA,NA,
coppock_green_2016,table_2_main_all_instruments_feb_2012_est,Table 2,"All Instruments, Feb. 2012, est",-0.118,-0.118,3,1,-0.11795345897,1,NA,NA,
coppock_green_2016,table_2_main_all_instruments_aug_2012_est,Table 2,"All Instruments, Aug. 2012, est",-0.128,-0.128,3,1,-0.12776502463,1,NA,NA,
coppock_green_2016,table_2_main_all_instruments_nov_2012_est,Table 2,"All Instruments, Nov. 2012, est",0.104,0.104,3,1,0.10399787181,1,NA,NA,
coppock_green_2016,table_2_main_all_instruments_jan_2008_se,Table 2,"All Instruments, Jan. 2008, se",0.067,0.067,3,1,0.06746073955,1,NA,NA,
coppock_green_2016,table_2_main_all_instruments_aug_2008_se,Table 2,"All Instruments, Aug. 2008, se",0.064,0.064,3,1,0.06415287958,1,NA,NA,
coppock_green_2016,table_2_main_all_instruments_nov_2008_se,Table 2,"All Instruments, Nov. 2008, se",0.046,0.046,3,1,0.04568304175,1,NA,NA,
coppock_green_2016,table_2_main_all_instruments_aug_2010_se,Table 2,"All Instruments, Aug. 2010, se",0.068,0.068,3,1,0.06813247952,1,NA,NA,
coppock_green_2016,table_2_main_all_instruments_nov_2010_se,Table 2,"All Instruments, Nov. 2010, se",0.066,0.066,3,1,0.06626257558,1,NA,NA,
coppock_green_2016,table_2_main_all_instruments_feb_2012_se,Table 2,"All Instruments, Feb. 2012, se",0.063,0.063,3,1,0.06330944491,1,NA,NA,
coppock_green_2016,table_2_main_all_instruments_aug_2012_se,Table 2,"All Instruments, Aug. 2012, se",0.070,0.070,3,1,0.06999356619,1,NA,NA,
coppock_green_2016,table_2_main_all_instruments_nov_2012_se,Table 2,"All Instruments, Nov. 2012, se",0.061,0.061,3,1,0.06064348824,1,NA,NA,
coppock_green_2016,table_2_main_control_nov_2007_est,Table 2,"Control, Nov. 2007, est",NA,0.282,3,NA,0.28150017632,1,NA,NA,
coppock_green_2016,table_2_main_control_nov_2007_se,Table 2,"Control, Nov. 2007, se",NA,0.001,3,NA,0.00060077392,1,NA,NA,
coppock_green_2016,table_2_main_civic_duty_n_n,Table 2,"Civic Duty, n, n",NA,6815,0,NA,6815.00000000000,1,NA,NA,
coppock_green_2016,table_2_main_shown_2005_vote_n_n,Table 2,"Shown 2005 Vote, n, n",NA,13592,0,NA,13592.00000000000,1,NA,NA,
coppock_green_2016,table_2_main_shown_2006_vote_n_n,Table 2,"Shown 2006 Vote, n, n",NA,13546,0,NA,13546.00000000000,1,NA,NA,
coppock_green_2016,table_2_main_control_n_n,Table 2,"Control, n, n",NA,759964,0,NA,759964.00000000000,1,NA,NA,
coppock_green_2016,table_2_main_untreated_compliers_jan_2008_lo,Table 2,"Untreated Compliers, Jan. 2008, lo",0.191,0.191,3,1,0.19123074550,1,NA,NA,
coppock_green_2016,table_2_main_untreated_compliers_jan_2008_hi,Table 2,"Untreated Compliers, Jan. 2008, hi",0.525,0.525,3,1,0.52531633515,1,NA,NA,
coppock_green_2016,table_2_main_untreated_compliers_aug_2008_lo,Table 2,"Untreated Compliers, Aug. 2008, lo",-0.157,-0.157,3,1,-0.15694691640,1,NA,NA,
coppock_green_2016,table_2_main_untreated_compliers_aug_2008_hi,Table 2,"Untreated Compliers, Aug. 2008, hi",0.247,0.247,3,1,0.24745973779,1,NA,NA,
coppock_green_2016,table_2_main_untreated_compliers_nov_2008_lo,Table 2,"Untreated Compliers, Nov. 2008, lo",0.838,0.838,3,1,0.83755469232,1,NA,NA,
coppock_green_2016,table_2_main_untreated_compliers_nov_2008_hi,Table 2,"Untreated Compliers, Nov. 2008, hi",1.024,1.024,3,1,1.02438232444,1,NA,NA,
coppock_green_2016,table_2_main_untreated_compliers_aug_2010_lo,Table 2,"Untreated Compliers, Aug. 2010, lo",0.017,0.017,3,1,0.01670317361,1,NA,NA,
coppock_green_2016,table_2_main_untreated_compliers_aug_2010_hi,Table 2,"Untreated Compliers, Aug. 2010, hi",0.425,0.425,3,1,0.42470225166,1,NA,NA,
coppock_green_2016,table_2_main_untreated_compliers_nov_2010_lo,Table 2,"Untreated Compliers, Nov. 2010, lo",0.591,0.591,3,1,0.59061963654,1,NA,NA,
coppock_green_2016,table_2_main_untreated_compliers_nov_2010_hi,Table 2,"Untreated Compliers, Nov. 2010, hi",0.994,0.994,3,1,0.99412566225,1,NA,NA,
coppock_green_2016,table_2_main_untreated_compliers_feb_2012_lo,Table 2,"Untreated Compliers, Feb. 2012, lo",-0.001,-0.001,3,1,-0.00083110351,1,NA,NA,
coppock_green_2016,table_2_main_untreated_compliers_feb_2012_hi,Table 2,"Untreated Compliers, Feb. 2012, hi",0.310,0.310,3,1,0.31011635097,1,NA,NA,
coppock_green_2016,table_2_main_untreated_compliers_aug_2012_lo,Table 2,"Untreated Compliers, Aug. 2012, lo",0.393,0.393,3,1,0.39330469511,1,NA,NA,
coppock_green_2016,table_2_main_untreated_compliers_aug_2012_hi,Table 2,"Untreated Compliers, Aug. 2012, hi",0.779,0.779,3,1,0.77940597931,1,NA,NA,
coppock_green_2016,table_2_main_untreated_compliers_nov_2012_lo,Table 2,"Untreated Compliers, Nov. 2012, lo",0.755,0.755,3,1,0.75484632897,1,NA,NA,
coppock_green_2016,table_2_main_untreated_compliers_nov_2012_hi,Table 2,"Untreated Compliers, Nov. 2012, hi",0.845,0.845,3,1,0.84538127357,1,NA,NA,
coppock_green_2016,table_3_main_household_size_1_apr_2009_est,Table 3,"Household Size = 1, Apr. 2009, est",0.049,0.049,3,1,0.04879923459,1,NA,NA,
coppock_green_2016,table_3_main_household_size_1_feb_2010_est,Table 3,"Household Size = 1, Feb. 2010, est",0.478,0.478,3,1,0.47784525325,1,NA,NA,
coppock_green_2016,table_3_main_household_size_1_nov_2010_est,Table 3,"Household Size = 1, Nov. 2010, est",0.399,0.399,3,1,0.39858191883,1,NA,NA,
coppock_green_2016,table_3_main_household_size_1_feb_2011_est,Table 3,"Household Size = 1, Feb. 2011, est",0.306,0.306,3,1,0.30550062037,1,NA,NA,
coppock_green_2016,table_3_main_household_size_1_apr_2011_est,Table 3,"Household Size = 1, Apr. 2011, est",0.462,0.462,3,1,0.46212406121,1,NA,NA,
coppock_green_2016,table_3_main_household_size_1_mar_2012_est,Table 3,"Household Size = 1, Mar. 2012, est",0.446,0.446,3,1,0.44601620793,1,NA,NA,
coppock_green_2016,table_3_main_household_size_1_nov_2012_est,Table 3,"Household Size = 1, Nov. 2012, est",0.236,0.236,3,1,0.23615838881,1,NA,NA,
coppock_green_2016,table_3_main_household_size_1_apr_2009_se,Table 3,"Household Size = 1, Apr. 2009, se",0.008,0.008,3,1,0.00756704494,1,NA,NA,
coppock_green_2016,table_3_main_household_size_1_feb_2010_se,Table 3,"Household Size = 1, Feb. 2010, se",0.165,0.165,3,1,0.16485604461,1,NA,NA,
coppock_green_2016,table_3_main_household_size_1_nov_2010_se,Table 3,"Household Size = 1, Nov. 2010, se",0.177,0.177,3,1,0.17694704031,1,NA,NA,
coppock_green_2016,table_3_main_household_size_1_feb_2011_se,Table 3,"Household Size = 1, Feb. 2011, se",0.22,0.22,2,1,0.21977588743,1,NA,NA,
coppock_green_2016,table_3_main_household_size_1_apr_2011_se,Table 3,"Household Size = 1, Apr. 2011, se",0.183,0.183,3,1,0.18255537848,1,NA,NA,
coppock_green_2016,table_3_main_household_size_1_mar_2012_se,Table 3,"Household Size = 1, Mar. 2012, se",0.15,0.15,2,1,0.14970205938,1,NA,NA,
coppock_green_2016,table_3_main_household_size_1_nov_2012_se,Table 3,"Household Size = 1, Nov. 2012, se",0.163,0.163,3,1,0.16291655413,1,NA,NA,
coppock_green_2016,table_3_main_household_size_2_apr_2009_est,Table 3,"Household Size = 2, Apr. 2009, est",0.035,0.035,3,1,0.03486456870,1,NA,NA,
coppock_green_2016,table_3_main_household_size_2_feb_2010_est,Table 3,"Household Size = 2, Feb. 2010, est",-0.366,-0.366,3,1,-0.36586365477,1,NA,NA,
coppock_green_2016,table_3_main_household_size_2_nov_2010_est,Table 3,"Household Size = 2, Nov. 2010, est",0.06,0.06,2,1,0.06018766233,1,NA,NA,
coppock_green_2016,table_3_main_household_size_2_feb_2011_est,Table 3,"Household Size = 2, Feb. 2011, est",0.301,0.301,3,1,0.30077662776,1,NA,NA,
coppock_green_2016,table_3_main_household_size_2_apr_2011_est,Table 3,"Household Size = 2, Apr. 2011, est",0.463,0.463,3,1,0.46318459405,1,NA,NA,
coppock_green_2016,table_3_main_household_size_2_mar_2012_est,Table 3,"Household Size = 2, Mar. 2012, est",0.043,0.043,3,1,0.04272959448,1,NA,NA,
coppock_green_2016,table_3_main_household_size_2_nov_2012_est,Table 3,"Household Size = 2, Nov. 2012, est",0.231,0.231,3,1,0.23064498371,1,NA,NA,
coppock_green_2016,table_3_main_household_size_2_apr_2009_se,Table 3,"Household Size = 2, Apr. 2009, se",0.009,0.009,3,1,0.00886872579,1,NA,NA,
coppock_green_2016,table_3_main_household_size_2_feb_2010_se,Table 3,"Household Size = 2, Feb. 2010, se",0.322,0.322,3,1,0.32169360318,1,NA,NA,
coppock_green_2016,table_3_main_household_size_2_nov_2010_se,Table 3,"Household Size = 2, Nov. 2010, se",0.263,0.263,3,1,0.26262451718,1,NA,NA,
coppock_green_2016,table_3_main_household_size_2_feb_2011_se,Table 3,"Household Size = 2, Feb. 2011, se",0.328,0.328,3,1,0.32831483954,1,NA,NA,
coppock_green_2016,table_3_main_household_size_2_apr_2011_se,Table 3,"Household Size = 2, Apr. 2011, se",0.276,0.276,3,1,0.27646232111,1,NA,NA,
coppock_green_2016,table_3_main_household_size_2_mar_2012_se,Table 3,"Household Size = 2, Mar. 2012, se",0.257,0.257,3,1,0.25742805850,1,NA,NA,
coppock_green_2016,table_3_main_household_size_2_nov_2012_se,Table 3,"Household Size = 2, Nov. 2012, se",0.233,0.233,3,1,0.23263212812,1,NA,NA,
coppock_green_2016,table_3_main_household_size_3_apr_2009_est,Table 3,"Household Size = 3, Apr. 2009, est",0.044,0.044,3,1,0.04356343228,1,NA,NA,
coppock_green_2016,table_3_main_household_size_3_feb_2010_est,Table 3,"Household Size = 3, Feb. 2010, est",0.309,0.309,3,1,0.30904176454,1,NA,NA,
coppock_green_2016,table_3_main_household_size_3_nov_2010_est,Table 3,"Household Size = 3, Nov. 2010, est",0.389,0.389,3,1,0.38904138079,1,NA,NA,
coppock_green_2016,table_3_main_household_size_3_feb_2011_est,Table 3,"Household Size = 3, Feb. 2011, est",0.149,0.149,3,1,0.14912873505,1,NA,NA,
coppock_green_2016,table_3_main_household_size_3_apr_2011_est,Table 3,"Household Size = 3, Apr. 2011, est",-0.223,-0.223,3,1,-0.22338157804,1,NA,NA,
coppock_green_2016,table_3_main_household_size_3_mar_2012_est,Table 3,"Household Size = 3, Mar. 2012, est",-0.063,-0.063,3,1,-0.06335716830,1,NA,NA,
coppock_green_2016,table_3_main_household_size_3_nov_2012_est,Table 3,"Household Size = 3, Nov. 2012, est",0.142,0.142,3,1,0.14247407112,1,NA,NA,
coppock_green_2016,table_3_main_household_size_3_apr_2009_se,Table 3,"Household Size = 3, Apr. 2009, se",0.018,0.018,3,1,0.01778314212,1,NA,NA,
coppock_green_2016,table_3_main_household_size_3_feb_2010_se,Table 3,"Household Size = 3, Feb. 2010, se",0.422,0.422,3,1,0.42213739886,1,NA,NA,
coppock_green_2016,table_3_main_household_size_3_nov_2010_se,Table 3,"Household Size = 3, Nov. 2010, se",0.437,0.437,3,1,0.43678804587,1,NA,NA,
coppock_green_2016,table_3_main_household_size_3_feb_2011_se,Table 3,"Household Size = 3, Feb. 2011, se",0.487,0.487,3,1,0.48662285463,1,NA,NA,
coppock_green_2016,table_3_main_household_size_3_apr_2011_se,Table 3,"Household Size = 3, Apr. 2011, se",0.493,0.493,3,1,0.49318249433,1,NA,NA,
coppock_green_2016,table_3_main_household_size_3_mar_2012_se,Table 3,"Household Size = 3, Mar. 2012, se",0.437,0.437,3,1,0.43723467255,1,NA,NA,
coppock_green_2016,table_3_main_household_size_3_nov_2012_se,Table 3,"Household Size = 3, Nov. 2012, se",0.409,0.409,3,1,0.40947824392,1,NA,NA,
coppock_green_2016,table_3_main_pooled_estimate_apr_2009_est,Table 3,"Pooled Estimate, Apr. 2009, est",0.043,0.043,3,1,0.04298882971,1,NA,NA,
coppock_green_2016,table_3_main_pooled_estimate_feb_2010_est,Table 3,"Pooled Estimate, Feb. 2010, est",0.303,0.303,3,1,0.30307835967,1,NA,NA,
coppock_green_2016,table_3_main_pooled_estimate_nov_2010_est,Table 3,"Pooled Estimate, Nov. 2010, est",0.303,0.303,3,1,0.30267603002,1,NA,NA,
coppock_green_2016,table_3_main_pooled_estimate_feb_2011_est,Table 3,"Pooled Estimate, Feb. 2011, est",0.285,0.285,3,1,0.28491281997,1,NA,NA,
coppock_green_2016,table_3_main_pooled_estimate_apr_2011_est,Table 3,"Pooled Estimate, Apr. 2011, est",0.403,0.403,3,1,0.40270858032,1,NA,NA,
coppock_green_2016,table_3_main_pooled_estimate_mar_2012_est,Table 3,"Pooled Estimate, Mar. 2012, est",0.311,0.311,3,1,0.31128084864,1,NA,NA,
coppock_green_2016,table_3_main_pooled_estimate_nov_2012_est,Table 3,"Pooled Estimate, Nov. 2012, est",0.226,0.226,3,1,0.22552370759,1,NA,NA,
coppock_green_2016,table_3_main_pooled_estimate_apr_2009_se,Table 3,"Pooled Estimate, Apr. 2009, se",0.005,0.005,3,1,0.00547666444,1,NA,NA,
coppock_green_2016,table_3_main_pooled_estimate_feb_2010_se,Table 3,"Pooled Estimate, Feb. 2010, se",0.139,0.139,3,1,0.13858198324,1,NA,NA,
coppock_green_2016,table_3_main_pooled_estimate_nov_2010_se,Table 3,"Pooled Estimate, Nov. 2010, se",0.139,0.139,3,1,0.13910551605,1,NA,NA,
coppock_green_2016,table_3_main_pooled_estimate_feb_2011_se,Table 3,"Pooled Estimate, Feb. 2011, se",0.171,0.171,3,1,0.17098764055,1,NA,NA,
coppock_green_2016,table_3_main_pooled_estimate_apr_2011_se,Table 3,"Pooled Estimate, Apr. 2011, se",0.146,0.146,3,1,0.14555383984,1,NA,NA,
coppock_green_2016,table_3_main_pooled_estimate_mar_2012_se,Table 3,"Pooled Estimate, Mar. 2012, se",0.124,0.124,3,1,0.12408979787,1,NA,NA,
coppock_green_2016,table_3_main_pooled_estimate_nov_2012_se,Table 3,"Pooled Estimate, Nov. 2012, se",0.127,0.127,3,1,0.12687876541,1,NA,NA,
coppock_green_2016,table_3_main_untreated_compliers_hh1_feb_2010_est,Table 3,"Untreated Compliers HH1, Feb. 2010, est",0.307,0.307,3,1,0.30687447186,1,NA,NA,
coppock_green_2016,table_3_main_untreated_compliers_hh1_nov_2010_est,Table 3,"Untreated Compliers HH1, Nov. 2010, est",0.437,0.437,3,1,0.43702328662,1,NA,NA,
coppock_green_2016,table_3_main_untreated_compliers_hh1_feb_2011_est,Table 3,"Untreated Compliers HH1, Feb. 2011, est",0.404,0.404,3,1,0.40449890363,1,NA,NA,
coppock_green_2016,table_3_main_untreated_compliers_hh1_apr_2011_est,Table 3,"Untreated Compliers HH1, Apr. 2011, est",0.151,0.151,3,1,0.15111660886,1,NA,NA,
coppock_green_2016,table_3_main_untreated_compliers_hh1_mar_2012_est,Table 3,"Untreated Compliers HH1, Mar. 2012, est",0.158,0.158,3,1,0.15779872133,1,NA,NA,
coppock_green_2016,table_3_main_untreated_compliers_hh1_nov_2012_est,Table 3,"Untreated Compliers HH1, Nov. 2012, est",0.66,0.660,3,1,0.66007492511,1,NA,NA,
coppock_green_2016,table_3_main_untreated_compliers_hh2_feb_2010_est,Table 3,"Untreated Compliers HH2, Feb. 2010, est",0.742,0.742,3,1,0.74151182143,1,NA,NA,
coppock_green_2016,table_3_main_untreated_compliers_hh2_nov_2010_est,Table 3,"Untreated Compliers HH2, Nov. 2010, est",0.735,0.735,3,1,0.73498887385,1,NA,NA,
coppock_green_2016,table_3_main_untreated_compliers_hh2_feb_2011_est,Table 3,"Untreated Compliers HH2, Feb. 2011, est",0.356,0.356,3,1,0.35594510541,1,NA,NA,
coppock_green_2016,table_3_main_untreated_compliers_hh2_apr_2011_est,Table 3,"Untreated Compliers HH2, Apr. 2011, est",0.154,0.154,3,1,0.15413270255,1,NA,NA,
coppock_green_2016,table_3_main_untreated_compliers_hh2_mar_2012_est,Table 3,"Untreated Compliers HH2, Mar. 2012, est",0.172,0.172,3,1,0.17245955606,1,NA,NA,
coppock_green_2016,table_3_main_untreated_compliers_hh2_nov_2012_est,Table 3,"Untreated Compliers HH2, Nov. 2012, est",0.645,0.645,3,1,0.64453816863,1,NA,NA,
coppock_green_2016,table_3_main_untreated_compliers_hh3_feb_2010_est,Table 3,"Untreated Compliers HH3, Feb. 2010, est",0.474,0.474,3,1,0.47449383674,1,NA,NA,
coppock_green_2016,table_3_main_untreated_compliers_hh3_nov_2010_est,Table 3,"Untreated Compliers HH3, Nov. 2010, est",0.465,0.465,3,1,0.46479846490,1,NA,NA,
coppock_green_2016,table_3_main_untreated_compliers_hh3_feb_2011_est,Table 3,"Untreated Compliers HH3, Feb. 2011, est",0.582,0.582,3,1,0.58191898199,1,NA,NA,
coppock_green_2016,table_3_main_untreated_compliers_hh3_apr_2011_est,Table 3,"Untreated Compliers HH3, Apr. 2011, est",0.68,0.680,3,1,0.67987200408,1,NA,NA,
coppock_green_2016,table_3_main_untreated_compliers_hh3_mar_2012_est,Table 3,"Untreated Compliers HH3, Mar. 2012, est",0.252,0.252,3,1,0.25237733282,1,NA,NA,
coppock_green_2016,table_3_main_untreated_compliers_hh3_nov_2012_est,Table 3,"Untreated Compliers HH3, Nov. 2012, est",0.949,0.949,3,1,0.94920560673,1,NA,NA,
coppock_green_2016,table_3_main_household_size_1_n_n,Table 3,"Household Size = 1, n, n",16638,16638,0,1,16638.00000000000,1,NA,NA,
coppock_green_2016,table_3_main_household_size_2_n_n,Table 3,"Household Size = 2, n, n",16915,16915,0,1,16915.00000000000,1,NA,NA,
coppock_green_2016,table_3_main_household_size_3_n_n,Table 3,"Household Size = 3, n, n",5086,5086,0,1,5086.00000000000,1,NA,NA,
coppock_green_2016,table_3_main_pooled_estimate_n_n,Table 3,"Pooled Estimate, n, n",38639,38639,0,1,38639.00000000000,1,NA,NA,
coppock_green_2016,table_4_presidential_on_midterm_arkansas_1996_98_est,Table 4,"Arkansas, 1996-98 (Presidential on Midterm), est",0.179,0.179,3,1,0.17850384418,1,NA,NA,
coppock_green_2016,table_4_presidential_on_midterm_arkansas_1996_98_se,Table 4,"Arkansas, 1996-98 (Presidential on Midterm), se",0.058,0.058,3,1,0.05767582204,1,NA,NA,
coppock_green_2016,table_4_presidential_on_midterm_arkansas_2000_02_est,Table 4,"Arkansas, 2000-02 (Presidential on Midterm), est",0.133,0.133,3,1,0.13332512567,1,NA,NA,
coppock_green_2016,table_4_presidential_on_midterm_arkansas_2000_02_se,Table 4,"Arkansas, 2000-02 (Presidential on Midterm), se",0.049,0.049,3,1,0.04890823296,1,NA,NA,
coppock_green_2016,table_4_presidential_on_midterm_arkansas_2004_06_est,Table 4,"Arkansas, 2004-06 (Presidential on Midterm), est",0.157,0.157,3,1,0.15725704486,1,NA,NA,
coppock_green_2016,table_4_presidential_on_midterm_arkansas_2004_06_se,Table 4,"Arkansas, 2004-06 (Presidential on Midterm), se",0.019,0.019,3,1,0.01860961352,1,NA,NA,
coppock_green_2016,table_4_presidential_on_midterm_arkansas_2008_10_est,Table 4,"Arkansas, 2008-10 (Presidential on Midterm), est",0.106,0.106,3,1,0.10620131359,1,NA,NA,
coppock_green_2016,table_4_presidential_on_midterm_arkansas_2008_10_se,Table 4,"Arkansas, 2008-10 (Presidential on Midterm), se",0.015,0.015,3,1,0.01521162010,1,NA,NA,
coppock_green_2016,table_4_presidential_on_midterm_colorado_1992_94_est,Table 4,"Colorado, 1992-94 (Presidential on Midterm), est",0.156,0.156,3,1,0.15613620314,1,NA,NA,
coppock_green_2016,table_4_presidential_on_midterm_colorado_1992_94_se,Table 4,"Colorado, 1992-94 (Presidential on Midterm), se",0.031,0.031,3,1,0.03064908549,1,NA,NA,
coppock_green_2016,table_4_presidential_on_midterm_colorado_1996_98_est,Table 4,"Colorado, 1996-98 (Presidential on Midterm), est",0.037,0.037,3,1,0.03659636461,1,NA,NA,
coppock_green_2016,table_4_presidential_on_midterm_colorado_1996_98_se,Table 4,"Colorado, 1996-98 (Presidential on Midterm), se",0.039,0.039,3,1,0.03924180588,1,NA,NA,
coppock_green_2016,table_4_presidential_on_midterm_colorado_2000_02_est,Table 4,"Colorado, 2000-02 (Presidential on Midterm), est",0.086,0.086,3,1,0.08622885989,1,NA,NA,
coppock_green_2016,table_4_presidential_on_midterm_colorado_2000_02_se,Table 4,"Colorado, 2000-02 (Presidential on Midterm), se",0.024,0.024,3,1,0.02366013641,1,NA,NA,
coppock_green_2016,table_4_presidential_on_midterm_colorado_2004_06_est,Table 4,"Colorado, 2004-06 (Presidential on Midterm), est",0.148,0.148,3,1,0.14787808764,1,NA,NA,
coppock_green_2016,table_4_presidential_on_midterm_colorado_2004_06_se,Table 4,"Colorado, 2004-06 (Presidential on Midterm), se",0.011,0.011,3,1,0.01144358423,1,NA,NA,
coppock_green_2016,table_4_presidential_on_midterm_connecticut_2000_02_est,Table 4,"Connecticut, 2000-02 (Presidential on Midterm), est",0.117,0.117,3,1,0.11726661700,1,NA,NA,
coppock_green_2016,table_4_presidential_on_midterm_connecticut_2000_02_se,Table 4,"Connecticut, 2000-02 (Presidential on Midterm), se",0.026,0.026,3,1,0.02616370842,1,NA,NA,
coppock_green_2016,table_4_presidential_on_midterm_connecticut_2004_06_est,Table 4,"Connecticut, 2004-06 (Presidential on Midterm), est",0.113,0.113,3,1,0.11256072309,1,NA,NA,
coppock_green_2016,table_4_presidential_on_midterm_connecticut_2004_06_se,Table 4,"Connecticut, 2004-06 (Presidential on Midterm), se",0.012,0.012,3,1,0.01185865702,1,NA,NA,
coppock_green_2016,table_4_presidential_on_midterm_connecticut_2008_10_est,Table 4,"Connecticut, 2008-10 (Presidential on Midterm), est",0.083,0.083,3,1,0.08323841425,1,NA,NA,
coppock_green_2016,table_4_presidential_on_midterm_connecticut_2008_10_se,Table 4,"Connecticut, 2008-10 (Presidential on Midterm), se",0.009,0.009,3,1,0.00898290723,1,NA,NA,
coppock_green_2016,table_4_presidential_on_midterm_iowa_2004_06_est,Table 4,"Iowa, 2004-06 (Presidential on Midterm), est",0.142,0.142,3,1,0.14247346946,1,NA,NA,
coppock_green_2016,table_4_presidential_on_midterm_iowa_2004_06_se,Table 4,"Iowa, 2004-06 (Presidential on Midterm), se",0.049,0.049,3,1,0.04849834301,0,NA,environment,Published 0.049; the rewrite gives 0.048 at the page's precision.
coppock_green_2016,table_4_presidential_on_midterm_iowa_2008_10_est,Table 4,"Iowa, 2008-10 (Presidential on Midterm), est",0.038,0.038,3,1,0.03792288787,1,NA,NA,
coppock_green_2016,table_4_presidential_on_midterm_iowa_2008_10_se,Table 4,"Iowa, 2008-10 (Presidential on Midterm), se",0.019,0.019,3,1,0.01896942617,1,NA,NA,
coppock_green_2016,table_4_presidential_on_midterm_illinois_1992_94_est,Table 4,"Illinois, 1992-94 (Presidential on Midterm), est",0.100,0.100,3,1,0.10014945037,1,NA,NA,
coppock_green_2016,table_4_presidential_on_midterm_illinois_1992_94_se,Table 4,"Illinois, 1992-94 (Presidential on Midterm), se",0.019,0.019,3,1,0.01943338210,1,NA,NA,
coppock_green_2016,table_4_presidential_on_midterm_illinois_1996_98_est,Table 4,"Illinois, 1996-98 (Presidential on Midterm), est",0.159,0.159,3,1,0.15861768036,1,NA,NA,
coppock_green_2016,table_4_presidential_on_midterm_illinois_1996_98_se,Table 4,"Illinois, 1996-98 (Presidential on Midterm), se",0.023,0.023,3,1,0.02271060276,1,NA,NA,
coppock_green_2016,table_4_presidential_on_midterm_illinois_2000_02_est,Table 4,"Illinois, 2000-02 (Presidential on Midterm), est",0.120,0.120,3,1,0.12031035956,1,NA,NA,
coppock_green_2016,table_4_presidential_on_midterm_illinois_2000_02_se,Table 4,"Illinois, 2000-02 (Presidential on Midterm), se",0.014,0.014,3,1,0.01431632690,1,NA,NA,
coppock_green_2016,table_4_presidential_on_midterm_illinois_2004_06_est,Table 4,"Illinois, 2004-06 (Presidential on Midterm), est",0.097,0.097,3,1,0.09708883776,1,NA,NA,
coppock_green_2016,table_4_presidential_on_midterm_illinois_2004_06_se,Table 4,"Illinois, 2004-06 (Presidential on Midterm), se",0.008,0.008,3,1,0.00777473997,1,NA,NA,
coppock_green_2016,table_4_presidential_on_midterm_illinois_2008_10_est,Table 4,"Illinois, 2008-10 (Presidential on Midterm), est",0.096,0.096,3,1,0.09567092948,1,NA,NA,
coppock_green_2016,table_4_presidential_on_midterm_illinois_2008_10_se,Table 4,"Illinois, 2008-10 (Presidential on Midterm), se",0.006,0.006,3,1,0.00600205659,1,NA,NA,
coppock_green_2016,table_4_presidential_on_midterm_florida_1992_94_est,Table 4,"Florida, 1992-94 (Presidential on Midterm), est",0.184,0.184,3,1,0.18358357617,1,NA,NA,
coppock_green_2016,table_4_presidential_on_midterm_florida_1992_94_se,Table 4,"Florida, 1992-94 (Presidential on Midterm), se",0.024,0.024,3,1,0.02360810433,1,NA,NA,
coppock_green_2016,table_4_presidential_on_midterm_florida_1996_98_est,Table 4,"Florida, 1996-98 (Presidential on Midterm), est",0.102,0.102,3,1,0.10168118314,1,NA,NA,
coppock_green_2016,table_4_presidential_on_midterm_florida_1996_98_se,Table 4,"Florida, 1996-98 (Presidential on Midterm), se",0.019,0.019,3,1,0.01864292328,1,NA,NA,
coppock_green_2016,table_4_presidential_on_midterm_florida_2000_02_est,Table 4,"Florida, 2000-02 (Presidential on Midterm), est",0.164,0.164,3,1,0.16390538708,1,NA,NA,
coppock_green_2016,table_4_presidential_on_midterm_florida_2000_02_se,Table 4,"Florida, 2000-02 (Presidential on Midterm), se",0.017,0.017,3,1,0.01738184439,1,NA,NA,
coppock_green_2016,table_4_presidential_on_midterm_florida_2004_06_est,Table 4,"Florida, 2004-06 (Presidential on Midterm), est",0.223,0.223,3,1,0.22335391776,1,NA,NA,
coppock_green_2016,table_4_presidential_on_midterm_florida_2004_06_se,Table 4,"Florida, 2004-06 (Presidential on Midterm), se",0.013,0.013,3,1,0.01306986395,1,NA,NA,
coppock_green_2016,table_4_presidential_on_midterm_florida_2008_10_est,Table 4,"Florida, 2008-10 (Presidential on Midterm), est",0.082,0.082,3,1,0.08165206271,1,NA,NA,
coppock_green_2016,table_4_presidential_on_midterm_florida_2008_10_se,Table 4,"Florida, 2008-10 (Presidential on Midterm), se",0.005,0.005,3,1,0.00535716728,1,NA,NA,
coppock_green_2016,table_4_presidential_on_midterm_florida_2005_1992_94_est,Table 4,"Florida 2005, 1992-94 (Presidential on Midterm), est",0.155,0.155,3,1,0.15518650236,1,NA,NA,
coppock_green_2016,table_4_presidential_on_midterm_florida_2005_1992_94_se,Table 4,"Florida 2005, 1992-94 (Presidential on Midterm), se",0.021,0.021,3,1,0.02059974108,1,NA,NA,
coppock_green_2016,table_4_presidential_on_midterm_florida_2005_1996_98_est,Table 4,"Florida 2005, 1996-98 (Presidential on Midterm), est",0.060,0.060,3,1,0.06048582035,1,NA,NA,
coppock_green_2016,table_4_presidential_on_midterm_florida_2005_1996_98_se,Table 4,"Florida 2005, 1996-98 (Presidential on Midterm), se",0.017,0.017,3,1,0.01681047714,1,NA,NA,
coppock_green_2016,table_4_presidential_on_midterm_florida_2005_2000_02_est,Table 4,"Florida 2005, 2000-02 (Presidential on Midterm), est",0.063,0.063,3,1,0.06256083892,1,NA,NA,
coppock_green_2016,table_4_presidential_on_midterm_florida_2005_2000_02_se,Table 4,"Florida 2005, 2000-02 (Presidential on Midterm), se",0.018,0.018,3,1,0.01822232634,1,NA,NA,
coppock_green_2016,table_4_presidential_on_midterm_kentucky_2008_10_est,Table 4,"Kentucky, 2008-10 (Presidential on Midterm), est",0.117,0.117,3,1,0.11673536280,1,NA,NA,
coppock_green_2016,table_4_presidential_on_midterm_kentucky_2008_10_se,Table 4,"Kentucky, 2008-10 (Presidential on Midterm), se",0.012,0.012,3,1,0.01178808964,1,NA,NA,
coppock_green_2016,table_4_presidential_on_midterm_michigan_1996_98_est,Table 4,"Michigan, 1996-98 (Presidential on Midterm), est",0.465,0.465,3,1,0.46520473976,1,NA,NA,
coppock_green_2016,table_4_presidential_on_midterm_michigan_1996_98_se,Table 4,"Michigan, 1996-98 (Presidential on Midterm), se",0.043,0.043,3,1,0.04315735394,1,NA,NA,
coppock_green_2016,table_4_presidential_on_midterm_michigan_2000_02_est,Table 4,"Michigan, 2000-02 (Presidential on Midterm), est",0.129,0.129,3,1,0.12881505758,1,NA,NA,
coppock_green_2016,table_4_presidential_on_midterm_michigan_2000_02_se,Table 4,"Michigan, 2000-02 (Presidential on Midterm), se",0.012,0.012,3,1,0.01217387257,1,NA,NA,
coppock_green_2016,table_4_presidential_on_midterm_missouri_1992_94_est,Table 4,"Missouri, 1992-94 (Presidential on Midterm), est",0.215,0.215,3,1,0.21512104972,1,NA,NA,
coppock_green_2016,table_4_presidential_on_midterm_missouri_1992_94_se,Table 4,"Missouri, 1992-94 (Presidential on Midterm), se",0.037,0.037,3,1,0.03726774997,1,NA,NA,
coppock_green_2016,table_4_presidential_on_midterm_missouri_1996_98_est,Table 4,"Missouri, 1996-98 (Presidential on Midterm), est",0.098,0.098,3,1,0.09800761988,1,NA,NA,
coppock_green_2016,table_4_presidential_on_midterm_missouri_1996_98_se,Table 4,"Missouri, 1996-98 (Presidential on Midterm), se",0.027,0.027,3,1,0.02680160451,1,NA,NA,
coppock_green_2016,table_4_presidential_on_midterm_missouri_2000_02_est,Table 4,"Missouri, 2000-02 (Presidential on Midterm), est",0.110,0.110,3,1,0.10965068774,1,NA,NA,
coppock_green_2016,table_4_presidential_on_midterm_missouri_2000_02_se,Table 4,"Missouri, 2000-02 (Presidential on Midterm), se",0.015,0.015,3,1,0.01507627227,1,NA,NA,
coppock_green_2016,table_4_presidential_on_midterm_missouri_2004_06_est,Table 4,"Missouri, 2004-06 (Presidential on Midterm), est",0.095,0.095,3,1,0.09452674810,1,NA,NA,
coppock_green_2016,table_4_presidential_on_midterm_missouri_2004_06_se,Table 4,"Missouri, 2004-06 (Presidential on Midterm), se",0.012,0.012,3,1,0.01239741929,1,NA,NA,
coppock_green_2016,table_4_presidential_on_midterm_missouri_2008_10_est,Table 4,"Missouri, 2008-10 (Presidential on Midterm), est",0.090,0.090,3,1,0.09035277216,1,NA,NA,
coppock_green_2016,table_4_presidential_on_midterm_missouri_2008_10_se,Table 4,"Missouri, 2008-10 (Presidential on Midterm), se",0.009,0.009,3,1,0.00873656205,1,NA,NA,
coppock_green_2016,table_4_presidential_on_midterm_missouri_2005_1992_94_est,Table 4,"Missouri 2005, 1992-94 (Presidential on Midterm), est",0.216,0.216,3,1,0.21564110066,1,NA,NA,
coppock_green_2016,table_4_presidential_on_midterm_missouri_2005_1992_94_se,Table 4,"Missouri 2005, 1992-94 (Presidential on Midterm), se",0.034,0.034,3,1,0.03357076872,1,NA,NA,
coppock_green_2016,table_4_presidential_on_midterm_missouri_2005_1996_98_est,Table 4,"Missouri 2005, 1996-98 (Presidential on Midterm), est",0.082,0.082,3,1,0.08174941743,1,NA,NA,
coppock_green_2016,table_4_presidential_on_midterm_missouri_2005_1996_98_se,Table 4,"Missouri 2005, 1996-98 (Presidential on Midterm), se",0.025,0.025,3,1,0.02464171943,1,NA,NA,
coppock_green_2016,table_4_presidential_on_midterm_missouri_2005_2000_02_est,Table 4,"Missouri 2005, 2000-02 (Presidential on Midterm), est",0.102,0.102,3,1,0.10171984110,1,NA,NA,
coppock_green_2016,table_4_presidential_on_midterm_missouri_2005_2000_02_se,Table 4,"Missouri 2005, 2000-02 (Presidential on Midterm), se",0.013,0.013,3,1,0.01278507872,1,NA,NA,
coppock_green_2016,table_4_presidential_on_midterm_montana_2000_02_est,Table 4,"Montana, 2000-02 (Presidential on Midterm), est",0.138,0.138,3,1,0.13783273413,1,NA,NA,
coppock_green_2016,table_4_presidential_on_midterm_montana_2000_02_se,Table 4,"Montana, 2000-02 (Presidential on Midterm), se",0.053,0.053,3,1,0.05342644414,1,NA,NA,
coppock_green_2016,table_4_presidential_on_midterm_montana_2004_06_est,Table 4,"Montana, 2004-06 (Presidential on Midterm), est",0.205,0.205,3,1,0.20475030894,1,NA,NA,
coppock_green_2016,table_4_presidential_on_midterm_montana_2004_06_se,Table 4,"Montana, 2004-06 (Presidential on Midterm), se",0.038,0.038,3,1,0.03781713665,1,NA,NA,
coppock_green_2016,table_4_presidential_on_midterm_montana_2008_10_est,Table 4,"Montana, 2008-10 (Presidential on Midterm), est",0.122,0.122,3,1,0.12159293907,1,NA,NA,
coppock_green_2016,table_4_presidential_on_midterm_montana_2008_10_se,Table 4,"Montana, 2008-10 (Presidential on Midterm), se",0.017,0.017,3,1,0.01730211666,1,NA,NA,
coppock_green_2016,table_4_presidential_on_midterm_new_jersey_2004_06_est,Table 4,"New Jersey, 2004-06 (Presidential on Midterm), est",0.081,0.081,3,1,0.08138409613,1,NA,NA,
coppock_green_2016,table_4_presidential_on_midterm_new_jersey_2004_06_se,Table 4,"New Jersey, 2004-06 (Presidential on Midterm), se",0.007,0.007,3,1,0.00744686941,1,NA,NA,
coppock_green_2016,table_4_presidential_on_midterm_new_jersey_2008_10_est,Table 4,"New Jersey, 2008-10 (Presidential on Midterm), est",0.085,0.085,3,1,0.08549061009,1,NA,NA,
coppock_green_2016,table_4_presidential_on_midterm_new_jersey_2008_10_se,Table 4,"New Jersey, 2008-10 (Presidential on Midterm), se",0.005,0.005,3,1,0.00509047972,1,NA,NA,
coppock_green_2016,table_4_presidential_on_midterm_nevada_2000_02_est,Table 4,"Nevada, 2000-02 (Presidential on Midterm), est",0.238,0.238,3,1,0.23769663939,1,NA,NA,
coppock_green_2016,table_4_presidential_on_midterm_nevada_2000_02_se,Table 4,"Nevada, 2000-02 (Presidential on Midterm), se",0.051,0.051,3,1,0.05107156378,1,NA,NA,
coppock_green_2016,table_4_presidential_on_midterm_nevada_2004_06_est,Table 4,"Nevada, 2004-06 (Presidential on Midterm), est",0.150,0.150,3,1,0.14962997885,1,NA,NA,
coppock_green_2016,table_4_presidential_on_midterm_nevada_2004_06_se,Table 4,"Nevada, 2004-06 (Presidential on Midterm), se",0.019,0.019,3,1,0.01880709616,1,NA,NA,
coppock_green_2016,table_4_presidential_on_midterm_nevada_2008_10_est,Table 4,"Nevada, 2008-10 (Presidential on Midterm), est",0.169,0.169,3,1,0.16937449212,1,NA,NA,
coppock_green_2016,table_4_presidential_on_midterm_nevada_2008_10_se,Table 4,"Nevada, 2008-10 (Presidential on Midterm), se",0.015,0.015,3,1,0.01507194409,1,NA,NA,
coppock_green_2016,table_4_presidential_on_midterm_new_york_2004_06_est,Table 4,"New York, 2004-06 (Presidential on Midterm), est",0.075,0.075,3,1,0.07496509287,1,NA,NA,
coppock_green_2016,table_4_presidential_on_midterm_new_york_2004_06_se,Table 4,"New York, 2004-06 (Presidential on Midterm), se",0.006,0.006,3,1,0.00574767017,1,NA,NA,
coppock_green_2016,table_4_presidential_on_midterm_new_york_2008_10_est,Table 4,"New York, 2008-10 (Presidential on Midterm), est",0.060,0.060,3,1,0.06046873452,1,NA,NA,
coppock_green_2016,table_4_presidential_on_midterm_new_york_2008_10_se,Table 4,"New York, 2008-10 (Presidential on Midterm), se",0.005,0.005,3,1,0.00488667360,1,NA,NA,
coppock_green_2016,table_4_presidential_on_midterm_oklahoma_2000_02_est,Table 4,"Oklahoma, 2000-02 (Presidential on Midterm), est",0.156,0.156,3,1,0.15646813596,1,NA,NA,
coppock_green_2016,table_4_presidential_on_midterm_oklahoma_2000_02_se,Table 4,"Oklahoma, 2000-02 (Presidential on Midterm), se",0.036,0.036,3,1,0.03589151990,1,NA,NA,
coppock_green_2016,table_4_presidential_on_midterm_oklahoma_2004_06_est,Table 4,"Oklahoma, 2004-06 (Presidential on Midterm), est",0.112,0.112,3,1,0.11248728224,1,NA,NA,
coppock_green_2016,table_4_presidential_on_midterm_oklahoma_2004_06_se,Table 4,"Oklahoma, 2004-06 (Presidential on Midterm), se",0.017,0.017,3,1,0.01707807891,1,NA,NA,
coppock_green_2016,table_4_presidential_on_midterm_oklahoma_2008_10_est,Table 4,"Oklahoma, 2008-10 (Presidential on Midterm), est",0.114,0.114,3,1,0.11396008833,1,NA,NA,
coppock_green_2016,table_4_presidential_on_midterm_oklahoma_2008_10_se,Table 4,"Oklahoma, 2008-10 (Presidential on Midterm), se",0.012,0.012,3,1,0.01221957705,1,NA,NA,
coppock_green_2016,table_4_presidential_on_midterm_oregon_2008_10_est,Table 4,"Oregon, 2008-10 (Presidential on Midterm), est",0.102,0.102,3,1,0.10228613442,1,NA,NA,
coppock_green_2016,table_4_presidential_on_midterm_oregon_2008_10_se,Table 4,"Oregon, 2008-10 (Presidential on Midterm), se",0.016,0.016,3,1,0.01589268655,1,NA,NA,
coppock_green_2016,table_4_presidential_on_midterm_pennsylvania_2004_06_est,Table 4,"Pennsylvania, 2004-06 (Presidential on Midterm), est",0.253,0.253,3,1,0.25349102303,1,NA,NA,
coppock_green_2016,table_4_presidential_on_midterm_pennsylvania_2004_06_se,Table 4,"Pennsylvania, 2004-06 (Presidential on Midterm), se",0.016,0.016,3,1,0.01647162010,1,NA,NA,
coppock_green_2016,table_4_presidential_on_midterm_pennsylvania_2008_10_est,Table 4,"Pennsylvania, 2008-10 (Presidential on Midterm), est",0.132,0.132,3,1,0.13246085180,1,NA,NA,
coppock_green_2016,table_4_presidential_on_midterm_pennsylvania_2008_10_se,Table 4,"Pennsylvania, 2008-10 (Presidential on Midterm), se",0.006,0.006,3,1,0.00642104570,1,NA,NA,
coppock_green_2016,table_4_presidential_on_midterm_rhode_island_2008_10_est,Table 4,"Rhode Island, 2008-10 (Presidential on Midterm), est",0.066,0.066,3,1,0.06640654750,1,NA,NA,
coppock_green_2016,table_4_presidential_on_midterm_rhode_island_2008_10_se,Table 4,"Rhode Island, 2008-10 (Presidential on Midterm), se",0.017,0.017,3,1,0.01662815610,1,NA,NA,
coppock_green_2016,table_4_presidential_on_midterm_meta_analysis_1992_94_est,Table 4,"Meta-Analysis, 1992-94 (Presidential on Midterm), est",0.147,0.147,3,1,0.14705724801,1,NA,NA,
coppock_green_2016,table_4_presidential_on_midterm_meta_analysis_1992_94_se,Table 4,"Meta-Analysis, 1992-94 (Presidential on Midterm), se",0.013,0.013,3,1,0.01267276714,1,NA,NA,
coppock_green_2016,table_4_presidential_on_midterm_meta_analysis_1996_98_est,Table 4,"Meta-Analysis, 1996-98 (Presidential on Midterm), est",0.138,0.138,3,1,0.13823446406,1,NA,NA,
coppock_green_2016,table_4_presidential_on_midterm_meta_analysis_1996_98_se,Table 4,"Meta-Analysis, 1996-98 (Presidential on Midterm), se",0.011,0.011,3,1,0.01139970123,1,NA,NA,
coppock_green_2016,table_4_presidential_on_midterm_meta_analysis_2000_02_est,Table 4,"Meta-Analysis, 2000-02 (Presidential on Midterm), est",0.127,0.127,3,1,0.12741344241,1,NA,NA,
coppock_green_2016,table_4_presidential_on_midterm_meta_analysis_2000_02_se,Table 4,"Meta-Analysis, 2000-02 (Presidential on Midterm), se",0.006,0.006,3,1,0.00638730020,1,NA,NA,
coppock_green_2016,table_4_presidential_on_midterm_meta_analysis_2004_06_est,Table 4,"Meta-Analysis, 2004-06 (Presidential on Midterm), est",0.109,0.109,3,1,0.10949195135,1,NA,NA,
coppock_green_2016,table_4_presidential_on_midterm_meta_analysis_2004_06_se,Table 4,"Meta-Analysis, 2004-06 (Presidential on Midterm), se",0.003,0.003,3,1,0.00307282035,1,NA,NA,
coppock_green_2016,table_4_presidential_on_midterm_meta_analysis_2008_10_est,Table 4,"Meta-Analysis, 2008-10 (Presidential on Midterm), est",0.090,0.090,3,1,0.09044929468,1,NA,NA,
coppock_green_2016,table_4_presidential_on_midterm_meta_analysis_2008_10_se,Table 4,"Meta-Analysis, 2008-10 (Presidential on Midterm), se",0.002,0.002,3,1,0.00208909293,1,NA,NA,
coppock_green_2016,table_4_midterm_on_presidential_arkansas_1998_2000_est,Table 4,"Arkansas, 1998-2000 (Midterm on Presidential), est",1.122,1.122,3,1,1.12184623236,1,NA,NA,
coppock_green_2016,table_4_midterm_on_presidential_arkansas_1998_2000_se,Table 4,"Arkansas, 1998-2000 (Midterm on Presidential), se",0.211,0.211,3,1,0.21120487942,1,NA,NA,
coppock_green_2016,table_4_midterm_on_presidential_arkansas_2002_04_est,Table 4,"Arkansas, 2002-04 (Midterm on Presidential), est",0.326,0.326,3,1,0.32582189618,1,NA,NA,
coppock_green_2016,table_4_midterm_on_presidential_arkansas_2002_04_se,Table 4,"Arkansas, 2002-04 (Midterm on Presidential), se",0.150,0.150,3,1,0.15032801904,1,NA,NA,
coppock_green_2016,table_4_midterm_on_presidential_arkansas_2006_08_est,Table 4,"Arkansas, 2006-08 (Midterm on Presidential), est",0.330,0.330,3,1,0.32996276121,1,NA,NA,
coppock_green_2016,table_4_midterm_on_presidential_arkansas_2006_08_se,Table 4,"Arkansas, 2006-08 (Midterm on Presidential), se",0.117,0.117,3,1,0.11656447358,1,NA,NA,
coppock_green_2016,table_4_midterm_on_presidential_arkansas_2010_12_est,Table 4,"Arkansas, 2010-12 (Midterm on Presidential), est",0.200,0.200,3,1,0.19965565446,1,NA,NA,
coppock_green_2016,table_4_midterm_on_presidential_arkansas_2010_12_se,Table 4,"Arkansas, 2010-12 (Midterm on Presidential), se",0.123,0.123,3,1,0.12313103567,1,NA,NA,
coppock_green_2016,table_4_midterm_on_presidential_colorado_1994_96_est,Table 4,"Colorado, 1994-96 (Midterm on Presidential), est",-0.011,-0.011,3,1,-0.01089142253,1,NA,NA,
coppock_green_2016,table_4_midterm_on_presidential_colorado_1994_96_se,Table 4,"Colorado, 1994-96 (Midterm on Presidential), se",0.107,0.107,3,1,0.10665164904,1,NA,NA,
coppock_green_2016,table_4_midterm_on_presidential_colorado_1998_2000_est,Table 4,"Colorado, 1998-2000 (Midterm on Presidential), est",0.074,0.074,3,1,0.07437904502,1,NA,NA,
coppock_green_2016,table_4_midterm_on_presidential_colorado_1998_2000_se,Table 4,"Colorado, 1998-2000 (Midterm on Presidential), se",0.066,0.066,3,1,0.06621699624,1,NA,NA,
coppock_green_2016,table_4_midterm_on_presidential_colorado_2002_04_est,Table 4,"Colorado, 2002-04 (Midterm on Presidential), est",0.143,0.143,3,1,0.14292217758,1,NA,NA,
coppock_green_2016,table_4_midterm_on_presidential_colorado_2002_04_se,Table 4,"Colorado, 2002-04 (Midterm on Presidential), se",0.097,0.097,3,1,0.09676873317,1,NA,NA,
coppock_green_2016,table_4_midterm_on_presidential_colorado_2006_08_est,Table 4,"Colorado, 2006-08 (Midterm on Presidential), est",0.088,0.088,3,1,0.08801329658,1,NA,NA,
coppock_green_2016,table_4_midterm_on_presidential_colorado_2006_08_se,Table 4,"Colorado, 2006-08 (Midterm on Presidential), se",0.079,0.079,3,1,0.07875776777,1,NA,NA,
coppock_green_2016,table_4_midterm_on_presidential_connecticut_2002_04_est,Table 4,"Connecticut, 2002-04 (Midterm on Presidential), est",0.090,0.090,3,1,0.08982246252,1,NA,NA,
coppock_green_2016,table_4_midterm_on_presidential_connecticut_2002_04_se,Table 4,"Connecticut, 2002-04 (Midterm on Presidential), se",0.156,0.156,3,1,0.15579909433,1,NA,NA,
coppock_green_2016,table_4_midterm_on_presidential_connecticut_2006_08_est,Table 4,"Connecticut, 2006-08 (Midterm on Presidential), est",0.231,0.231,3,1,0.23078981271,1,NA,NA,
coppock_green_2016,table_4_midterm_on_presidential_connecticut_2006_08_se,Table 4,"Connecticut, 2006-08 (Midterm on Presidential), se",0.092,0.092,3,1,0.09169883111,1,NA,NA,
coppock_green_2016,table_4_midterm_on_presidential_connecticut_2010_12_est,Table 4,"Connecticut, 2010-12 (Midterm on Presidential), est",0.097,0.097,3,1,0.09739084417,1,NA,NA,
coppock_green_2016,table_4_midterm_on_presidential_connecticut_2010_12_se,Table 4,"Connecticut, 2010-12 (Midterm on Presidential), se",0.063,0.063,3,1,0.06257385527,1,NA,NA,
coppock_green_2016,table_4_midterm_on_presidential_iowa_2006_08_est,Table 4,"Iowa, 2006-08 (Midterm on Presidential), est",0.228,0.228,3,1,0.22766311601,1,NA,NA,
coppock_green_2016,table_4_midterm_on_presidential_iowa_2006_08_se,Table 4,"Iowa, 2006-08 (Midterm on Presidential), se",0.067,0.067,3,1,0.06713838795,1,NA,NA,
coppock_green_2016,table_4_midterm_on_presidential_iowa_2010_12_est,Table 4,"Iowa, 2010-12 (Midterm on Presidential), est",0.086,0.086,3,1,0.08577306314,1,NA,NA,
coppock_green_2016,table_4_midterm_on_presidential_iowa_2010_12_se,Table 4,"Iowa, 2010-12 (Midterm on Presidential), se",0.066,0.066,3,1,0.06640013060,1,NA,NA,
coppock_green_2016,table_4_midterm_on_presidential_illinois_1994_96_est,Table 4,"Illinois, 1994-96 (Midterm on Presidential), est",0.099,0.099,3,1,0.09856716286,1,NA,NA,
coppock_green_2016,table_4_midterm_on_presidential_illinois_1994_96_se,Table 4,"Illinois, 1994-96 (Midterm on Presidential), se",0.082,0.082,3,1,0.08221275592,1,NA,NA,
coppock_green_2016,table_4_midterm_on_presidential_illinois_1998_2000_est,Table 4,"Illinois, 1998-2000 (Midterm on Presidential), est",0.337,0.337,3,1,0.33709766464,1,NA,NA,
coppock_green_2016,table_4_midterm_on_presidential_illinois_1998_2000_se,Table 4,"Illinois, 1998-2000 (Midterm on Presidential), se",0.092,0.092,3,1,0.09153172867,1,NA,NA,
coppock_green_2016,table_4_midterm_on_presidential_illinois_2002_04_est,Table 4,"Illinois, 2002-04 (Midterm on Presidential), est",0.185,0.185,3,1,0.18531451569,1,NA,NA,
coppock_green_2016,table_4_midterm_on_presidential_illinois_2002_04_se,Table 4,"Illinois, 2002-04 (Midterm on Presidential), se",0.071,0.071,3,1,0.07106558530,1,NA,NA,
coppock_green_2016,table_4_midterm_on_presidential_illinois_2006_08_est,Table 4,"Illinois, 2006-08 (Midterm on Presidential), est",0.238,0.238,3,1,0.23799227979,1,NA,NA,
coppock_green_2016,table_4_midterm_on_presidential_illinois_2006_08_se,Table 4,"Illinois, 2006-08 (Midterm on Presidential), se",0.067,0.067,3,1,0.06679462740,1,NA,NA,
coppock_green_2016,table_4_midterm_on_presidential_illinois_2010_12_est,Table 4,"Illinois, 2010-12 (Midterm on Presidential), est",0.041,0.041,3,1,0.04131400174,1,NA,NA,
coppock_green_2016,table_4_midterm_on_presidential_illinois_2010_12_se,Table 4,"Illinois, 2010-12 (Midterm on Presidential), se",0.059,0.059,3,1,0.05865421169,1,NA,NA,
coppock_green_2016,table_4_midterm_on_presidential_florida_1994_96_est,Table 4,"Florida, 1994-96 (Midterm on Presidential), est",-0.047,-0.047,3,1,-0.04652222126,1,NA,NA,
coppock_green_2016,table_4_midterm_on_presidential_florida_1994_96_se,Table 4,"Florida, 1994-96 (Midterm on Presidential), se",0.104,0.104,3,1,0.10407756553,1,NA,NA,
coppock_green_2016,table_4_midterm_on_presidential_florida_1998_2000_est,Table 4,"Florida, 1998-2000 (Midterm on Presidential), est",0.220,0.220,3,1,0.22000805039,1,NA,NA,
coppock_green_2016,table_4_midterm_on_presidential_florida_1998_2000_se,Table 4,"Florida, 1998-2000 (Midterm on Presidential), se",0.119,0.119,3,1,0.11943489709,1,NA,NA,
coppock_green_2016,table_4_midterm_on_presidential_florida_2002_04_est,Table 4,"Florida, 2002-04 (Midterm on Presidential), est",0.064,0.064,3,1,0.06418826749,1,NA,NA,
coppock_green_2016,table_4_midterm_on_presidential_florida_2002_04_se,Table 4,"Florida, 2002-04 (Midterm on Presidential), se",0.066,0.066,3,1,0.06617913411,1,NA,NA,
coppock_green_2016,table_4_midterm_on_presidential_florida_2006_08_est,Table 4,"Florida, 2006-08 (Midterm on Presidential), est",0.024,0.024,3,1,0.02365366910,1,NA,NA,
coppock_green_2016,table_4_midterm_on_presidential_florida_2006_08_se,Table 4,"Florida, 2006-08 (Midterm on Presidential), se",0.038,0.038,3,1,0.03837214283,1,NA,NA,
coppock_green_2016,table_4_midterm_on_presidential_florida_2010_12_est,Table 4,"Florida, 2010-12 (Midterm on Presidential), est",0.014,0.014,3,1,0.01356416547,1,NA,NA,
coppock_green_2016,table_4_midterm_on_presidential_florida_2010_12_se,Table 4,"Florida, 2010-12 (Midterm on Presidential), se",0.062,0.062,3,1,0.06170069635,1,NA,NA,
coppock_green_2016,table_4_midterm_on_presidential_florida_2005_1994_96_est,Table 4,"Florida 2005, 1994-96 (Midterm on Presidential), est",-0.030,-0.030,3,1,-0.02991623473,1,NA,NA,
coppock_green_2016,table_4_midterm_on_presidential_florida_2005_1994_96_se,Table 4,"Florida 2005, 1994-96 (Midterm on Presidential), se",0.120,0.120,3,1,0.12033977724,1,NA,NA,
coppock_green_2016,table_4_midterm_on_presidential_florida_2005_1998_2000_est,Table 4,"Florida 2005, 1998-2000 (Midterm on Presidential), est",0.131,0.131,3,1,0.13146007052,1,NA,NA,
coppock_green_2016,table_4_midterm_on_presidential_florida_2005_1998_2000_se,Table 4,"Florida 2005, 1998-2000 (Midterm on Presidential), se",0.121,0.121,3,1,0.12122014535,1,NA,NA,
coppock_green_2016,table_4_midterm_on_presidential_florida_2005_2002_04_est,Table 4,"Florida 2005, 2002-04 (Midterm on Presidential), est",0.141,0.141,3,1,0.14050140786,1,NA,NA,
coppock_green_2016,table_4_midterm_on_presidential_florida_2005_2002_04_se,Table 4,"Florida 2005, 2002-04 (Midterm on Presidential), se",0.115,0.115,3,1,0.11493145538,1,NA,NA,
coppock_green_2016,table_4_midterm_on_presidential_kentucky_2010_12_est,Table 4,"Kentucky, 2010-12 (Midterm on Presidential), est",0.235,0.235,3,1,0.23520015991,1,NA,NA,
coppock_green_2016,table_4_midterm_on_presidential_kentucky_2010_12_se,Table 4,"Kentucky, 2010-12 (Midterm on Presidential), se",0.052,0.052,3,1,0.05164369007,1,NA,NA,
coppock_green_2016,table_4_midterm_on_presidential_michigan_1998_2000_est,Table 4,"Michigan, 1998-2000 (Midterm on Presidential), est",0.227,0.227,3,1,0.22700414358,1,NA,NA,
coppock_green_2016,table_4_midterm_on_presidential_michigan_1998_2000_se,Table 4,"Michigan, 1998-2000 (Midterm on Presidential), se",0.058,0.058,3,1,0.05759630018,1,NA,NA,
coppock_green_2016,table_4_midterm_on_presidential_missouri_1994_96_est,Table 4,"Missouri, 1994-96 (Midterm on Presidential), est",0.162,0.162,3,1,0.16218221512,1,NA,NA,
coppock_green_2016,table_4_midterm_on_presidential_missouri_1994_96_se,Table 4,"Missouri, 1994-96 (Midterm on Presidential), se",0.085,0.085,3,1,0.08524345258,1,NA,NA,
coppock_green_2016,table_4_midterm_on_presidential_missouri_1998_2000_est,Table 4,"Missouri, 1998-2000 (Midterm on Presidential), est",0.260,0.260,3,1,0.25981107154,1,NA,NA,
coppock_green_2016,table_4_midterm_on_presidential_missouri_1998_2000_se,Table 4,"Missouri, 1998-2000 (Midterm on Presidential), se",0.177,0.177,3,1,0.17665597198,1,NA,NA,
coppock_green_2016,table_4_midterm_on_presidential_missouri_2002_04_est,Table 4,"Missouri, 2002-04 (Midterm on Presidential), est",0.242,0.242,3,1,0.24176984158,1,NA,NA,
coppock_green_2016,table_4_midterm_on_presidential_missouri_2002_04_se,Table 4,"Missouri, 2002-04 (Midterm on Presidential), se",0.075,0.075,3,1,0.07493203245,1,NA,NA,
coppock_green_2016,table_4_midterm_on_presidential_missouri_2006_08_est,Table 4,"Missouri, 2006-08 (Midterm on Presidential), est",0.129,0.129,3,1,0.12922072350,1,NA,NA,
coppock_green_2016,table_4_midterm_on_presidential_missouri_2006_08_se,Table 4,"Missouri, 2006-08 (Midterm on Presidential), se",0.045,0.045,3,1,0.04536263533,1,NA,NA,
coppock_green_2016,table_4_midterm_on_presidential_missouri_2010_12_est,Table 4,"Missouri, 2010-12 (Midterm on Presidential), est",0.025,0.025,3,1,0.02548044985,1,NA,NA,
coppock_green_2016,table_4_midterm_on_presidential_missouri_2010_12_se,Table 4,"Missouri, 2010-12 (Midterm on Presidential), se",0.069,0.069,3,1,0.06866584891,1,NA,NA,
coppock_green_2016,table_4_midterm_on_presidential_missouri_2005_1994_96_est,Table 4,"Missouri 2005, 1994-96 (Midterm on Presidential), est",0.243,0.243,3,1,0.24309710766,1,NA,NA,
coppock_green_2016,table_4_midterm_on_presidential_missouri_2005_1994_96_se,Table 4,"Missouri 2005, 1994-96 (Midterm on Presidential), se",0.074,0.074,3,1,0.07394548124,1,NA,NA,
coppock_green_2016,table_4_midterm_on_presidential_missouri_2005_1998_2000_est,Table 4,"Missouri 2005, 1998-2000 (Midterm on Presidential), est",0.319,0.319,3,1,0.31936697654,1,NA,NA,
coppock_green_2016,table_4_midterm_on_presidential_missouri_2005_1998_2000_se,Table 4,"Missouri 2005, 1998-2000 (Midterm on Presidential), se",0.136,0.136,3,1,0.13606099859,1,NA,NA,
coppock_green_2016,table_4_midterm_on_presidential_missouri_2005_2002_04_est,Table 4,"Missouri 2005, 2002-04 (Midterm on Presidential), est",0.101,0.101,3,1,0.10134298115,1,NA,NA,
coppock_green_2016,table_4_midterm_on_presidential_missouri_2005_2002_04_se,Table 4,"Missouri 2005, 2002-04 (Midterm on Presidential), se",0.054,0.054,3,1,0.05351181408,1,NA,NA,
coppock_green_2016,table_4_midterm_on_presidential_montana_2002_04_est,Table 4,"Montana, 2002-04 (Midterm on Presidential), est",0.425,0.425,3,1,0.42548120468,1,NA,NA,
coppock_green_2016,table_4_midterm_on_presidential_montana_2002_04_se,Table 4,"Montana, 2002-04 (Midterm on Presidential), se",0.099,0.099,3,1,0.09933432677,1,NA,NA,
coppock_green_2016,table_4_midterm_on_presidential_montana_2006_08_est,Table 4,"Montana, 2006-08 (Midterm on Presidential), est",0.188,0.188,3,1,0.18805798580,1,NA,NA,
coppock_green_2016,table_4_midterm_on_presidential_montana_2006_08_se,Table 4,"Montana, 2006-08 (Midterm on Presidential), se",0.059,0.059,3,1,0.05932544887,1,NA,NA,
coppock_green_2016,table_4_midterm_on_presidential_montana_2010_12_est,Table 4,"Montana, 2010-12 (Midterm on Presidential), est",0.165,0.165,3,1,0.16525066556,1,NA,NA,
coppock_green_2016,table_4_midterm_on_presidential_montana_2010_12_se,Table 4,"Montana, 2010-12 (Midterm on Presidential), se",0.091,0.091,3,1,0.09100494476,1,NA,NA,
coppock_green_2016,table_4_midterm_on_presidential_new_jersey_2010_12_est,Table 4,"New Jersey, 2010-12 (Midterm on Presidential), est",-0.138,-0.138,3,1,-0.13823890451,1,NA,NA,
coppock_green_2016,table_4_midterm_on_presidential_new_jersey_2006_08_est,Table 4,"New Jersey, 2006-08 (Midterm on Presidential), est",0.281,0.281,3,1,0.28137546443,1,NA,NA,
coppock_green_2016,table_4_midterm_on_presidential_new_jersey_2006_08_se,Table 4,"New Jersey, 2006-08 (Midterm on Presidential), se",0.092,0.092,3,1,0.09178180498,1,NA,NA,
coppock_green_2016,table_4_midterm_on_presidential_new_jersey_2010_12_se,Table 4,"New Jersey, 2010-12 (Midterm on Presidential), se",0.118,0.118,3,1,0.11824959829,1,NA,NA,
coppock_green_2016,table_4_midterm_on_presidential_nevada_2002_04_est,Table 4,"Nevada, 2002-04 (Midterm on Presidential), est",0.383,0.383,3,1,0.38263566887,1,NA,NA,
coppock_green_2016,table_4_midterm_on_presidential_nevada_2002_04_se,Table 4,"Nevada, 2002-04 (Midterm on Presidential), se",0.122,0.122,3,1,0.12151022262,1,NA,NA,
coppock_green_2016,table_4_midterm_on_presidential_nevada_2006_08_est,Table 4,"Nevada, 2006-08 (Midterm on Presidential), est",0.567,0.567,3,1,0.56694147806,1,NA,NA,
coppock_green_2016,table_4_midterm_on_presidential_nevada_2006_08_se,Table 4,"Nevada, 2006-08 (Midterm on Presidential), se",0.129,0.129,3,1,0.12880721206,1,NA,NA,
coppock_green_2016,table_4_midterm_on_presidential_nevada_2010_12_est,Table 4,"Nevada, 2010-12 (Midterm on Presidential), est",0.287,0.287,3,1,0.28746935155,1,NA,NA,
coppock_green_2016,table_4_midterm_on_presidential_nevada_2010_12_se,Table 4,"Nevada, 2010-12 (Midterm on Presidential), se",0.088,0.088,3,1,0.08800188419,1,NA,NA,
coppock_green_2016,table_4_midterm_on_presidential_new_york_2002_04_est,Table 4,"New York, 2002-04 (Midterm on Presidential), est",0.130,0.130,3,1,0.12961354656,1,NA,NA,
coppock_green_2016,table_4_midterm_on_presidential_new_york_2002_04_se,Table 4,"New York, 2002-04 (Midterm on Presidential), se",0.079,0.079,3,1,0.07876267708,1,NA,NA,
coppock_green_2016,table_4_midterm_on_presidential_new_york_2006_08_est,Table 4,"New York, 2006-08 (Midterm on Presidential), est",0.156,0.156,3,1,0.15628735560,1,NA,NA,
coppock_green_2016,table_4_midterm_on_presidential_new_york_2006_08_se,Table 4,"New York, 2006-08 (Midterm on Presidential), se",0.065,0.065,3,1,0.06474223609,1,NA,NA,
coppock_green_2016,table_4_midterm_on_presidential_new_york_2010_12_est,Table 4,"New York, 2010-12 (Midterm on Presidential), est",0.036,0.036,3,1,0.03642787151,1,NA,NA,
coppock_green_2016,table_4_midterm_on_presidential_new_york_2010_12_se,Table 4,"New York, 2010-12 (Midterm on Presidential), se",0.096,0.096,3,1,0.09634339911,1,NA,NA,
coppock_green_2016,table_4_midterm_on_presidential_oklahoma_2002_04_est,Table 4,"Oklahoma, 2002-04 (Midterm on Presidential), est",0.395,0.395,3,1,0.39524764237,1,NA,NA,
coppock_green_2016,table_4_midterm_on_presidential_oklahoma_2002_04_se,Table 4,"Oklahoma, 2002-04 (Midterm on Presidential), se",0.158,0.158,3,1,0.15841522804,1,NA,NA,
coppock_green_2016,table_4_midterm_on_presidential_oklahoma_2006_08_est,Table 4,"Oklahoma, 2006-08 (Midterm on Presidential), est",0.229,0.229,3,1,0.22879424900,1,NA,NA,
coppock_green_2016,table_4_midterm_on_presidential_oklahoma_2006_08_se,Table 4,"Oklahoma, 2006-08 (Midterm on Presidential), se",0.116,0.116,3,1,0.11554902834,1,NA,NA,
coppock_green_2016,table_4_midterm_on_presidential_oklahoma_2010_12_est,Table 4,"Oklahoma, 2010-12 (Midterm on Presidential), est",0.149,0.149,3,1,0.14910656544,1,NA,NA,
coppock_green_2016,table_4_midterm_on_presidential_oklahoma_2010_12_se,Table 4,"Oklahoma, 2010-12 (Midterm on Presidential), se",0.090,0.090,3,1,0.08961008176,1,NA,NA,
coppock_green_2016,table_4_midterm_on_presidential_oregon_2006_08_est,Table 4,"Oregon, 2006-08 (Midterm on Presidential), est",0.258,0.258,3,1,0.25793318388,1,NA,NA,
coppock_green_2016,table_4_midterm_on_presidential_oregon_2006_08_se,Table 4,"Oregon, 2006-08 (Midterm on Presidential), se",0.060,0.060,3,1,0.05951194031,1,NA,NA,
coppock_green_2016,table_4_midterm_on_presidential_oregon_2010_12_est,Table 4,"Oregon, 2010-12 (Midterm on Presidential), est",0.118,0.118,3,1,0.11771234875,1,NA,NA,
coppock_green_2016,table_4_midterm_on_presidential_oregon_2010_12_se,Table 4,"Oregon, 2010-12 (Midterm on Presidential), se",0.053,0.053,3,1,0.05348598275,1,NA,NA,
coppock_green_2016,table_4_midterm_on_presidential_pennsylvania_2006_08_est,Table 4,"Pennsylvania, 2006-08 (Midterm on Presidential), est",0.226,0.226,3,1,0.22635484055,1,NA,NA,
coppock_green_2016,table_4_midterm_on_presidential_pennsylvania_2006_08_se,Table 4,"Pennsylvania, 2006-08 (Midterm on Presidential), se",0.102,0.102,3,1,0.10154310515,1,NA,NA,
coppock_green_2016,table_4_midterm_on_presidential_pennsylvania_2010_12_est,Table 4,"Pennsylvania, 2010-12 (Midterm on Presidential), est",0.104,0.104,3,1,0.10447847105,1,NA,NA,
coppock_green_2016,table_4_midterm_on_presidential_pennsylvania_2010_12_se,Table 4,"Pennsylvania, 2010-12 (Midterm on Presidential), se",0.128,0.128,3,1,0.12838122757,1,NA,NA,
coppock_green_2016,table_4_midterm_on_presidential_rhode_island_2010_12_est,Table 4,"Rhode Island, 2010-12 (Midterm on Presidential), est",0.239,0.239,3,1,0.23871256243,1,NA,NA,
coppock_green_2016,table_4_midterm_on_presidential_rhode_island_2010_12_se,Table 4,"Rhode Island, 2010-12 (Midterm on Presidential), se",0.117,0.117,3,1,0.11727640781,1,NA,NA,
coppock_green_2016,table_4_midterm_on_presidential_meta_analysis_1994_96_est,Table 4,"Meta-Analysis, 1994-96 (Midterm on Presidential), est",0.068,0.068,3,1,0.06794743069,1,NA,NA,
coppock_green_2016,table_4_midterm_on_presidential_meta_analysis_1994_96_se,Table 4,"Meta-Analysis, 1994-96 (Midterm on Presidential), se",0.046,0.046,3,1,0.04633383305,1,NA,NA,
coppock_green_2016,table_4_midterm_on_presidential_meta_analysis_1998_2000_est,Table 4,"Meta-Analysis, 1998-2000 (Midterm on Presidential), est",0.226,0.226,3,1,0.22565073184,1,NA,NA,
coppock_green_2016,table_4_midterm_on_presidential_meta_analysis_1998_2000_se,Table 4,"Meta-Analysis, 1998-2000 (Midterm on Presidential), se",0.036,0.036,3,1,0.03595733221,1,NA,NA,
coppock_green_2016,table_4_midterm_on_presidential_meta_analysis_2002_04_est,Table 4,"Meta-Analysis, 2002-04 (Midterm on Presidential), est",0.200,0.200,3,1,0.20009457845,1,NA,NA,
coppock_green_2016,table_4_midterm_on_presidential_meta_analysis_2002_04_se,Table 4,"Meta-Analysis, 2002-04 (Midterm on Presidential), se",0.029,0.029,3,1,0.02927542337,1,NA,NA,
coppock_green_2016,table_4_midterm_on_presidential_meta_analysis_2006_08_est,Table 4,"Meta-Analysis, 2006-08 (Midterm on Presidential), est",0.166,0.166,3,1,0.16625433576,1,NA,NA,
coppock_green_2016,table_4_midterm_on_presidential_meta_analysis_2006_08_se,Table 4,"Meta-Analysis, 2006-08 (Midterm on Presidential), se",0.018,0.018,3,1,0.01790067047,1,NA,NA,
coppock_green_2016,table_4_midterm_on_presidential_meta_analysis_2010_12_est,Table 4,"Meta-Analysis, 2010-12 (Midterm on Presidential), est",0.111,0.111,3,1,0.11051980303,1,NA,NA,
coppock_green_2016,table_4_midterm_on_presidential_meta_analysis_2010_12_se,Table 4,"Meta-Analysis, 2010-12 (Midterm on Presidential), se",0.019,0.019,3,1,0.01915604183,1,NA,NA,
coppock_green_2016,table_5_presidential_on_presidential_arkansas_1996_2000_est,Table 5,"Arkansas, 1996-2000 (Presidential on Presidential), est",0.246,0.246,3,1,0.24610220525,1,NA,NA,
coppock_green_2016,table_5_presidential_on_presidential_arkansas_1996_2000_se,Table 5,"Arkansas, 1996-2000 (Presidential on Presidential), se",0.096,0.096,3,1,0.09618705913,1,NA,NA,
coppock_green_2016,table_5_presidential_on_presidential_arkansas_2000_04_est,Table 5,"Arkansas, 2000-04 (Presidential on Presidential), est",0.239,0.239,3,1,0.23850457227,1,NA,NA,
coppock_green_2016,table_5_presidential_on_presidential_arkansas_2000_04_se,Table 5,"Arkansas, 2000-04 (Presidential on Presidential), se",0.089,0.089,3,1,0.08949275679,1,NA,NA,
coppock_green_2016,table_5_presidential_on_presidential_arkansas_2004_08_est,Table 5,"Arkansas, 2004-08 (Presidential on Presidential), est",0.221,0.221,3,1,0.22113724363,1,NA,NA,
coppock_green_2016,table_5_presidential_on_presidential_arkansas_2004_08_se,Table 5,"Arkansas, 2004-08 (Presidential on Presidential), se",0.043,0.043,3,1,0.04328823714,1,NA,NA,
coppock_green_2016,table_5_presidential_on_presidential_arkansas_2008_12_est,Table 5,"Arkansas, 2008-12 (Presidential on Presidential), est",0.200,0.200,3,1,0.19959367975,1,NA,NA,
coppock_green_2016,table_5_presidential_on_presidential_arkansas_2008_12_se,Table 5,"Arkansas, 2008-12 (Presidential on Presidential), se",0.027,0.027,3,1,0.02721619063,1,NA,NA,
coppock_green_2016,table_5_presidential_on_presidential_colorado_1992_96_est,Table 5,"Colorado, 1992-96 (Presidential on Presidential), est",0.091,0.091,3,1,0.09059042421,1,NA,NA,
coppock_green_2016,table_5_presidential_on_presidential_colorado_1992_96_se,Table 5,"Colorado, 1992-96 (Presidential on Presidential), se",0.063,0.063,3,1,0.06283022012,1,NA,NA,
coppock_green_2016,table_5_presidential_on_presidential_colorado_1996_2000_est,Table 5,"Colorado, 1996-2000 (Presidential on Presidential), est",0.158,0.158,3,1,0.15807526578,1,NA,NA,
coppock_green_2016,table_5_presidential_on_presidential_colorado_1996_2000_se,Table 5,"Colorado, 1996-2000 (Presidential on Presidential), se",0.057,0.057,3,1,0.05726129079,1,NA,NA,
coppock_green_2016,table_5_presidential_on_presidential_colorado_2000_04_est,Table 5,"Colorado, 2000-04 (Presidential on Presidential), est",0.143,0.143,3,1,0.14314394938,1,NA,NA,
coppock_green_2016,table_5_presidential_on_presidential_colorado_2000_04_se,Table 5,"Colorado, 2000-04 (Presidential on Presidential), se",0.050,0.050,3,1,0.05031410888,1,NA,NA,
coppock_green_2016,table_5_presidential_on_presidential_colorado_2004_08_est,Table 5,"Colorado, 2004-08 (Presidential on Presidential), est",0.091,0.091,3,1,0.09084277464,1,NA,NA,
coppock_green_2016,table_5_presidential_on_presidential_colorado_2004_08_se,Table 5,"Colorado, 2004-08 (Presidential on Presidential), se",0.025,0.025,3,1,0.02472872456,1,NA,NA,
coppock_green_2016,table_5_presidential_on_presidential_connecticut_2000_04_est,Table 5,"Connecticut, 2000-04 (Presidential on Presidential), est",0.289,0.289,3,1,0.28900468720,1,NA,NA,
coppock_green_2016,table_5_presidential_on_presidential_connecticut_2000_04_se,Table 5,"Connecticut, 2000-04 (Presidential on Presidential), se",0.074,0.074,3,1,0.07413098764,1,NA,NA,
coppock_green_2016,table_5_presidential_on_presidential_connecticut_2004_08_est,Table 5,"Connecticut, 2004-08 (Presidential on Presidential), est",0.161,0.161,3,1,0.16054558751,1,NA,NA,
coppock_green_2016,table_5_presidential_on_presidential_connecticut_2004_08_se,Table 5,"Connecticut, 2004-08 (Presidential on Presidential), se",0.029,0.029,3,1,0.02944014936,1,NA,NA,
coppock_green_2016,table_5_presidential_on_presidential_connecticut_2008_12_est,Table 5,"Connecticut, 2008-12 (Presidential on Presidential), est",0.161,0.161,3,1,0.16088117699,1,NA,NA,
coppock_green_2016,table_5_presidential_on_presidential_connecticut_2008_12_se,Table 5,"Connecticut, 2008-12 (Presidential on Presidential), se",0.015,0.015,3,1,0.01544516218,1,NA,NA,
coppock_green_2016,table_5_presidential_on_presidential_iowa_2004_08_est,Table 5,"Iowa, 2004-08 (Presidential on Presidential), est",-0.024,-0.024,3,1,-0.02396379059,1,NA,NA,
coppock_green_2016,table_5_presidential_on_presidential_iowa_2004_08_se,Table 5,"Iowa, 2004-08 (Presidential on Presidential), se",0.095,0.095,3,1,0.09507386565,1,NA,NA,
coppock_green_2016,table_5_presidential_on_presidential_iowa_2008_12_est,Table 5,"Iowa, 2008-12 (Presidential on Presidential), est",0.081,0.081,3,1,0.08131341840,1,NA,NA,
coppock_green_2016,table_5_presidential_on_presidential_iowa_2008_12_se,Table 5,"Iowa, 2008-12 (Presidential on Presidential), se",0.035,0.035,3,1,0.03533212595,1,NA,NA,
coppock_green_2016,table_5_presidential_on_presidential_illinois_1992_96_est,Table 5,"Illinois, 1992-96 (Presidential on Presidential), est",0.187,0.187,3,1,0.18680884208,1,NA,NA,
coppock_green_2016,table_5_presidential_on_presidential_illinois_1992_96_se,Table 5,"Illinois, 1992-96 (Presidential on Presidential), se",0.035,0.035,3,1,0.03464798546,1,NA,NA,
coppock_green_2016,table_5_presidential_on_presidential_illinois_1996_2000_est,Table 5,"Illinois, 1996-2000 (Presidential on Presidential), est",0.144,0.144,3,1,0.14364078473,1,NA,NA,
coppock_green_2016,table_5_presidential_on_presidential_illinois_1996_2000_se,Table 5,"Illinois, 1996-2000 (Presidential on Presidential), se",0.043,0.043,3,1,0.04281745950,1,NA,NA,
coppock_green_2016,table_5_presidential_on_presidential_illinois_2000_04_est,Table 5,"Illinois, 2000-04 (Presidential on Presidential), est",0.125,0.125,3,1,0.12540947264,1,NA,NA,
coppock_green_2016,table_5_presidential_on_presidential_illinois_2000_04_se,Table 5,"Illinois, 2000-04 (Presidential on Presidential), se",0.030,0.030,3,1,0.02986556946,1,NA,NA,
coppock_green_2016,table_5_presidential_on_presidential_illinois_2004_08_est,Table 5,"Illinois, 2004-08 (Presidential on Presidential), est",0.081,0.081,3,1,0.08112983069,1,NA,NA,
coppock_green_2016,table_5_presidential_on_presidential_illinois_2004_08_se,Table 5,"Illinois, 2004-08 (Presidential on Presidential), se",0.020,0.020,3,1,0.01998628776,1,NA,NA,
coppock_green_2016,table_5_presidential_on_presidential_illinois_2008_12_est,Table 5,"Illinois, 2008-12 (Presidential on Presidential), est",0.080,0.080,3,1,0.07969366442,1,NA,NA,
coppock_green_2016,table_5_presidential_on_presidential_illinois_2008_12_se,Table 5,"Illinois, 2008-12 (Presidential on Presidential), se",0.013,0.013,3,1,0.01314870488,1,NA,NA,
coppock_green_2016,table_5_presidential_on_presidential_florida_1992_96_est,Table 5,"Florida, 1992-96 (Presidential on Presidential), est",0.240,0.240,3,1,0.24020904168,1,NA,NA,
coppock_green_2016,table_5_presidential_on_presidential_florida_1992_96_se,Table 5,"Florida, 1992-96 (Presidential on Presidential), se",0.045,0.045,3,1,0.04478709725,1,NA,NA,
coppock_green_2016,table_5_presidential_on_presidential_florida_1996_2000_est,Table 5,"Florida, 1996-2000 (Presidential on Presidential), est",0.189,0.189,3,1,0.18884334796,1,NA,NA,
coppock_green_2016,table_5_presidential_on_presidential_florida_1996_2000_se,Table 5,"Florida, 1996-2000 (Presidential on Presidential), se",0.039,0.039,3,1,0.03906288682,1,NA,NA,
coppock_green_2016,table_5_presidential_on_presidential_florida_2000_04_est,Table 5,"Florida, 2000-04 (Presidential on Presidential), est",0.250,0.250,3,1,0.25002699879,1,NA,NA,
coppock_green_2016,table_5_presidential_on_presidential_florida_2000_04_se,Table 5,"Florida, 2000-04 (Presidential on Presidential), se",0.038,0.038,3,1,0.03759294409,1,NA,NA,
coppock_green_2016,table_5_presidential_on_presidential_florida_2004_08_est,Table 5,"Florida, 2004-08 (Presidential on Presidential), est",0.081,0.081,3,1,0.08122525961,1,NA,NA,
coppock_green_2016,table_5_presidential_on_presidential_florida_2004_08_se,Table 5,"Florida, 2004-08 (Presidential on Presidential), se",0.020,0.020,3,1,0.02007540734,1,NA,NA,
coppock_green_2016,table_5_presidential_on_presidential_florida_2008_12_est,Table 5,"Florida, 2008-12 (Presidential on Presidential), est",0.105,0.105,3,1,0.10454678608,1,NA,NA,
coppock_green_2016,table_5_presidential_on_presidential_florida_2008_12_se,Table 5,"Florida, 2008-12 (Presidential on Presidential), se",0.012,0.012,3,1,0.01243662531,1,NA,NA,
coppock_green_2016,table_5_presidential_on_presidential_florida_2005_2000_04_est,Table 5,"Florida 2005, 2000-04 (Presidential on Presidential), est",-0.070,-0.070,3,1,-0.07035245512,1,NA,NA,
coppock_green_2016,table_5_presidential_on_presidential_florida_2005_1992_96_est,Table 5,"Florida 2005, 1992-96 (Presidential on Presidential), est",0.253,0.253,3,1,0.25341369812,1,NA,NA,
coppock_green_2016,table_5_presidential_on_presidential_florida_2005_1992_96_se,Table 5,"Florida 2005, 1992-96 (Presidential on Presidential), se",0.051,0.051,3,1,0.05094313976,1,NA,NA,
coppock_green_2016,table_5_presidential_on_presidential_florida_2005_1996_2000_est,Table 5,"Florida 2005, 1996-2000 (Presidential on Presidential), est",0.111,0.111,3,1,0.11100326209,1,NA,NA,
coppock_green_2016,table_5_presidential_on_presidential_florida_2005_1996_2000_se,Table 5,"Florida 2005, 1996-2000 (Presidential on Presidential), se",0.040,0.040,3,1,0.04015937216,1,NA,NA,
coppock_green_2016,table_5_presidential_on_presidential_florida_2005_2000_04_se,Table 5,"Florida 2005, 2000-04 (Presidential on Presidential), se",0.070,0.070,3,1,0.06999190337,1,NA,NA,
coppock_green_2016,table_5_presidential_on_presidential_kentucky_2008_12_est,Table 5,"Kentucky, 2008-12 (Presidential on Presidential), est",0.075,0.075,3,1,0.07531628033,1,NA,NA,
coppock_green_2016,table_5_presidential_on_presidential_kentucky_2008_12_se,Table 5,"Kentucky, 2008-12 (Presidential on Presidential), se",0.022,0.022,3,1,0.02149576377,0,NA,environment,Published 0.022; the rewrite gives 0.021 at the page's precision.
coppock_green_2016,table_5_presidential_on_presidential_michigan_1996_2000_est,Table 5,"Michigan, 1996-2000 (Presidential on Presidential), est",0.316,0.316,3,1,0.31608629598,1,NA,NA,
coppock_green_2016,table_5_presidential_on_presidential_michigan_1996_2000_se,Table 5,"Michigan, 1996-2000 (Presidential on Presidential), se",0.073,0.073,3,1,0.07320035359,1,NA,NA,
coppock_green_2016,table_5_presidential_on_presidential_missouri_1992_96_est,Table 5,"Missouri, 1992-96 (Presidential on Presidential), est",0.324,0.324,3,1,0.32444158850,1,NA,NA,
coppock_green_2016,table_5_presidential_on_presidential_missouri_1992_96_se,Table 5,"Missouri, 1992-96 (Presidential on Presidential), se",0.058,0.058,3,1,0.05767196690,1,NA,NA,
coppock_green_2016,table_5_presidential_on_presidential_missouri_1996_2000_est,Table 5,"Missouri, 1996-2000 (Presidential on Presidential), est",0.209,0.209,3,1,0.20863852810,1,NA,NA,
coppock_green_2016,table_5_presidential_on_presidential_missouri_1996_2000_se,Table 5,"Missouri, 1996-2000 (Presidential on Presidential), se",0.063,0.063,3,1,0.06275752108,1,NA,NA,
coppock_green_2016,table_5_presidential_on_presidential_missouri_2000_04_est,Table 5,"Missouri, 2000-04 (Presidential on Presidential), est",0.168,0.168,3,1,0.16819309992,1,NA,NA,
coppock_green_2016,table_5_presidential_on_presidential_missouri_2000_04_se,Table 5,"Missouri, 2000-04 (Presidential on Presidential), se",0.031,0.031,3,1,0.03141880176,1,NA,NA,
coppock_green_2016,table_5_presidential_on_presidential_missouri_2004_08_est,Table 5,"Missouri, 2004-08 (Presidential on Presidential), est",0.079,0.079,3,1,0.07890282766,1,NA,NA,
coppock_green_2016,table_5_presidential_on_presidential_missouri_2004_08_se,Table 5,"Missouri, 2004-08 (Presidential on Presidential), se",0.022,0.022,3,1,0.02224908925,1,NA,NA,
coppock_green_2016,table_5_presidential_on_presidential_missouri_2008_12_est,Table 5,"Missouri, 2008-12 (Presidential on Presidential), est",0.155,0.155,3,1,0.15530639564,1,NA,NA,
coppock_green_2016,table_5_presidential_on_presidential_missouri_2008_12_se,Table 5,"Missouri, 2008-12 (Presidential on Presidential), se",0.017,0.017,3,1,0.01709406657,1,NA,NA,
coppock_green_2016,table_5_presidential_on_presidential_missouri_2005_1992_96_est,Table 5,"Missouri 2005, 1992-96 (Presidential on Presidential), est",0.312,0.312,3,1,0.31217409920,1,NA,NA,
coppock_green_2016,table_5_presidential_on_presidential_missouri_2005_1992_96_se,Table 5,"Missouri 2005, 1992-96 (Presidential on Presidential), se",0.052,0.052,3,1,0.05174812058,1,NA,NA,
coppock_green_2016,table_5_presidential_on_presidential_missouri_2005_1996_2000_est,Table 5,"Missouri 2005, 1996-2000 (Presidential on Presidential), est",0.179,0.179,3,1,0.17927208755,1,NA,NA,
coppock_green_2016,table_5_presidential_on_presidential_missouri_2005_1996_2000_se,Table 5,"Missouri 2005, 1996-2000 (Presidential on Presidential), se",0.057,0.057,3,1,0.05689341227,1,NA,NA,
coppock_green_2016,table_5_presidential_on_presidential_missouri_2005_2000_04_est,Table 5,"Missouri 2005, 2000-04 (Presidential on Presidential), est",0.111,0.111,3,1,0.11119759555,1,NA,NA,
coppock_green_2016,table_5_presidential_on_presidential_missouri_2005_2000_04_se,Table 5,"Missouri 2005, 2000-04 (Presidential on Presidential), se",0.022,0.022,3,1,0.02175346361,1,NA,NA,
coppock_green_2016,table_5_presidential_on_presidential_montana_2000_04_est,Table 5,"Montana, 2000-04 (Presidential on Presidential), est",0.241,0.241,3,1,0.24086884143,1,NA,NA,
coppock_green_2016,table_5_presidential_on_presidential_montana_2000_04_se,Table 5,"Montana, 2000-04 (Presidential on Presidential), se",0.084,0.084,3,1,0.08385926921,1,NA,NA,
coppock_green_2016,table_5_presidential_on_presidential_montana_2004_08_est,Table 5,"Montana, 2004-08 (Presidential on Presidential), est",0.222,0.222,3,1,0.22246058142,1,NA,NA,
coppock_green_2016,table_5_presidential_on_presidential_montana_2004_08_se,Table 5,"Montana, 2004-08 (Presidential on Presidential), se",0.062,0.062,3,1,0.06195498160,1,NA,NA,
coppock_green_2016,table_5_presidential_on_presidential_montana_2008_12_est,Table 5,"Montana, 2008-12 (Presidential on Presidential), est",0.111,0.111,3,1,0.11135453293,1,NA,NA,
coppock_green_2016,table_5_presidential_on_presidential_montana_2008_12_se,Table 5,"Montana, 2008-12 (Presidential on Presidential), se",0.029,0.029,3,1,0.02912494756,1,NA,NA,
coppock_green_2016,table_5_presidential_on_presidential_new_jersey_2004_08_est,Table 5,"New Jersey, 2004-08 (Presidential on Presidential), est",0.124,0.124,3,1,0.12419244440,1,NA,NA,
coppock_green_2016,table_5_presidential_on_presidential_new_jersey_2004_08_se,Table 5,"New Jersey, 2004-08 (Presidential on Presidential), se",0.021,0.021,3,1,0.02058316383,1,NA,NA,
coppock_green_2016,table_5_presidential_on_presidential_new_jersey_2008_12_est,Table 5,"New Jersey, 2008-12 (Presidential on Presidential), est",0.155,0.155,3,1,0.15478506132,1,NA,NA,
coppock_green_2016,table_5_presidential_on_presidential_new_jersey_2008_12_se,Table 5,"New Jersey, 2008-12 (Presidential on Presidential), se",0.014,0.014,3,1,0.01374721672,1,NA,NA,
coppock_green_2016,table_5_presidential_on_presidential_nevada_2000_04_est,Table 5,"Nevada, 2000-04 (Presidential on Presidential), est",0.407,0.407,3,1,0.40713846412,1,NA,NA,
coppock_green_2016,table_5_presidential_on_presidential_nevada_2000_04_se,Table 5,"Nevada, 2000-04 (Presidential on Presidential), se",0.093,0.093,3,1,0.09288565860,1,NA,NA,
coppock_green_2016,table_5_presidential_on_presidential_nevada_2004_08_est,Table 5,"Nevada, 2004-08 (Presidential on Presidential), est",0.116,0.116,3,1,0.11649504840,1,NA,NA,
coppock_green_2016,table_5_presidential_on_presidential_nevada_2004_08_se,Table 5,"Nevada, 2004-08 (Presidential on Presidential), se",0.037,0.037,3,1,0.03697703007,1,NA,NA,
coppock_green_2016,table_5_presidential_on_presidential_nevada_2008_12_est,Table 5,"Nevada, 2008-12 (Presidential on Presidential), est",0.174,0.174,3,1,0.17409599255,1,NA,NA,
coppock_green_2016,table_5_presidential_on_presidential_nevada_2008_12_se,Table 5,"Nevada, 2008-12 (Presidential on Presidential), se",0.027,0.027,3,1,0.02661113046,1,NA,NA,
coppock_green_2016,table_5_presidential_on_presidential_new_york_2004_08_est,Table 5,"New York, 2004-08 (Presidential on Presidential), est",0.132,0.132,3,1,0.13153842058,1,NA,NA,
coppock_green_2016,table_5_presidential_on_presidential_new_york_2004_08_se,Table 5,"New York, 2004-08 (Presidential on Presidential), se",0.013,0.013,3,1,0.01280823410,1,NA,NA,
coppock_green_2016,table_5_presidential_on_presidential_new_york_2008_12_est,Table 5,"New York, 2008-12 (Presidential on Presidential), est",0.068,0.068,3,1,0.06800796712,1,NA,NA,
coppock_green_2016,table_5_presidential_on_presidential_new_york_2008_12_se,Table 5,"New York, 2008-12 (Presidential on Presidential), se",0.013,0.013,3,1,0.01271081421,1,NA,NA,
coppock_green_2016,table_5_presidential_on_presidential_oklahoma_2000_04_est,Table 5,"Oklahoma, 2000-04 (Presidential on Presidential), est",0.075,0.075,3,1,0.07484766003,1,NA,NA,
coppock_green_2016,table_5_presidential_on_presidential_oklahoma_2000_04_se,Table 5,"Oklahoma, 2000-04 (Presidential on Presidential), se",0.076,0.076,3,1,0.07557465938,1,NA,NA,
coppock_green_2016,table_5_presidential_on_presidential_oklahoma_2004_08_est,Table 5,"Oklahoma, 2004-08 (Presidential on Presidential), est",0.164,0.164,3,1,0.16368587360,1,NA,NA,
coppock_green_2016,table_5_presidential_on_presidential_oklahoma_2004_08_se,Table 5,"Oklahoma, 2004-08 (Presidential on Presidential), se",0.038,0.038,3,1,0.03847459378,1,NA,NA,
coppock_green_2016,table_5_presidential_on_presidential_oklahoma_2008_12_est,Table 5,"Oklahoma, 2008-12 (Presidential on Presidential), est",0.138,0.138,3,1,0.13754909161,1,NA,NA,
coppock_green_2016,table_5_presidential_on_presidential_oklahoma_2008_12_se,Table 5,"Oklahoma, 2008-12 (Presidential on Presidential), se",0.023,0.023,3,1,0.02317414186,1,NA,NA,
coppock_green_2016,table_5_presidential_on_presidential_oregon_2008_12_est,Table 5,"Oregon, 2008-12 (Presidential on Presidential), est",0.108,0.108,3,1,0.10769600603,1,NA,NA,
coppock_green_2016,table_5_presidential_on_presidential_oregon_2008_12_se,Table 5,"Oregon, 2008-12 (Presidential on Presidential), se",0.025,0.025,3,1,0.02484223400,1,NA,NA,
coppock_green_2016,table_5_presidential_on_presidential_pennsylvania_2004_08_est,Table 5,"Pennsylvania, 2004-08 (Presidential on Presidential), est",0.203,0.203,3,1,0.20323572455,1,NA,NA,
coppock_green_2016,table_5_presidential_on_presidential_pennsylvania_2004_08_se,Table 5,"Pennsylvania, 2004-08 (Presidential on Presidential), se",0.050,0.050,3,1,0.05039481271,1,NA,NA,
coppock_green_2016,table_5_presidential_on_presidential_pennsylvania_2008_12_est,Table 5,"Pennsylvania, 2008-12 (Presidential on Presidential), est",0.121,0.121,3,1,0.12067562660,1,NA,NA,
coppock_green_2016,table_5_presidential_on_presidential_pennsylvania_2008_12_se,Table 5,"Pennsylvania, 2008-12 (Presidential on Presidential), se",0.019,0.019,3,1,0.01928852747,1,NA,NA,
coppock_green_2016,table_5_presidential_on_presidential_rhode_island_2008_12_est,Table 5,"Rhode Island, 2008-12 (Presidential on Presidential), est",0.113,0.113,3,1,0.11308180895,1,NA,NA,
coppock_green_2016,table_5_presidential_on_presidential_rhode_island_2008_12_se,Table 5,"Rhode Island, 2008-12 (Presidential on Presidential), se",0.030,0.030,3,1,0.03004930915,1,NA,NA,
coppock_green_2016,table_5_presidential_on_presidential_meta_analysis_1992_96_est,Table 5,"Meta-Analysis, 1992-96 (Presidential on Presidential), est",0.210,0.210,3,1,0.20994762597,1,NA,NA,
coppock_green_2016,table_5_presidential_on_presidential_meta_analysis_1992_96_se,Table 5,"Meta-Analysis, 1992-96 (Presidential on Presidential), se",0.023,0.023,3,1,0.02302959369,1,NA,NA,
coppock_green_2016,table_5_presidential_on_presidential_meta_analysis_1996_2000_est,Table 5,"Meta-Analysis, 1996-2000 (Presidential on Presidential), est",0.189,0.189,3,1,0.18929219797,1,NA,NA,
coppock_green_2016,table_5_presidential_on_presidential_meta_analysis_1996_2000_se,Table 5,"Meta-Analysis, 1996-2000 (Presidential on Presidential), se",0.022,0.022,3,1,0.02206263605,1,NA,NA,
coppock_green_2016,table_5_presidential_on_presidential_meta_analysis_2000_04_est,Table 5,"Meta-Analysis, 2000-04 (Presidential on Presidential), est",0.181,0.181,3,1,0.18139307871,1,NA,NA,
coppock_green_2016,table_5_presidential_on_presidential_meta_analysis_2000_04_se,Table 5,"Meta-Analysis, 2000-04 (Presidential on Presidential), se",0.016,0.016,3,1,0.01585743654,1,NA,NA,
coppock_green_2016,table_5_presidential_on_presidential_meta_analysis_2004_08_est,Table 5,"Meta-Analysis, 2004-08 (Presidential on Presidential), est",0.117,0.117,3,1,0.11652841637,1,NA,NA,
coppock_green_2016,table_5_presidential_on_presidential_meta_analysis_2004_08_se,Table 5,"Meta-Analysis, 2004-08 (Presidential on Presidential), se",0.007,0.007,3,1,0.00690800176,1,NA,NA,
coppock_green_2016,table_5_presidential_on_presidential_meta_analysis_2008_12_est,Table 5,"Meta-Analysis, 2008-12 (Presidential on Presidential), est",0.117,0.117,3,1,0.11723830389,1,NA,NA,
coppock_green_2016,table_5_presidential_on_presidential_meta_analysis_2008_12_se,Table 5,"Meta-Analysis, 2008-12 (Presidential on Presidential), se",0.005,0.005,3,1,0.00468660358,1,NA,NA,
coppock_green_2016,table_5_midterm_on_midterm_arkansas_1998_2002_est,Table 5,"Arkansas, 1998-2002 (Midterm on Midterm), est",0.466,0.466,3,1,0.46630279995,1,NA,NA,
coppock_green_2016,table_5_midterm_on_midterm_arkansas_1998_2002_se,Table 5,"Arkansas, 1998-2002 (Midterm on Midterm), se",0.197,0.197,3,1,0.19709189785,1,NA,NA,
coppock_green_2016,table_5_midterm_on_midterm_arkansas_2002_06_est,Table 5,"Arkansas, 2002-06 (Midterm on Midterm), est",0.147,0.147,3,1,0.14742718614,1,NA,NA,
coppock_green_2016,table_5_midterm_on_midterm_arkansas_2002_06_se,Table 5,"Arkansas, 2002-06 (Midterm on Midterm), se",0.100,0.100,3,1,0.10011556202,1,NA,NA,
coppock_green_2016,table_5_midterm_on_midterm_arkansas_2006_10_est,Table 5,"Arkansas, 2006-10 (Midterm on Midterm), est",0.212,0.212,3,1,0.21176893476,1,NA,NA,
coppock_green_2016,table_5_midterm_on_midterm_arkansas_2006_10_se,Table 5,"Arkansas, 2006-10 (Midterm on Midterm), se",0.065,0.065,3,1,0.06499176310,1,NA,NA,
coppock_green_2016,table_5_midterm_on_midterm_colorado_1994_98_est,Table 5,"Colorado, 1994-98 (Midterm on Midterm), est",-0.029,-0.029,3,1,-0.02933132269,1,NA,NA,
coppock_green_2016,table_5_midterm_on_midterm_colorado_1994_98_se,Table 5,"Colorado, 1994-98 (Midterm on Midterm), se",0.102,0.102,3,1,0.10206279233,1,NA,NA,
coppock_green_2016,table_5_midterm_on_midterm_colorado_1998_2002_est,Table 5,"Colorado, 1998-2002 (Midterm on Midterm), est",0.106,0.106,3,1,0.10643668912,1,NA,NA,
coppock_green_2016,table_5_midterm_on_midterm_colorado_1998_2002_se,Table 5,"Colorado, 1998-2002 (Midterm on Midterm), se",0.053,0.053,3,1,0.05324239140,1,NA,NA,
coppock_green_2016,table_5_midterm_on_midterm_colorado_2002_06_est,Table 5,"Colorado, 2002-06 (Midterm on Midterm), est",0.202,0.202,3,1,0.20195616120,1,NA,NA,
coppock_green_2016,table_5_midterm_on_midterm_colorado_2002_06_se,Table 5,"Colorado, 2002-06 (Midterm on Midterm), se",0.066,0.066,3,1,0.06624946830,1,NA,NA,
coppock_green_2016,table_5_midterm_on_midterm_connecticut_2002_06_est,Table 5,"Connecticut, 2002-06 (Midterm on Midterm), est",0.235,0.235,3,1,0.23478322476,1,NA,NA,
coppock_green_2016,table_5_midterm_on_midterm_connecticut_2002_06_se,Table 5,"Connecticut, 2002-06 (Midterm on Midterm), se",0.101,0.101,3,1,0.10092634153,1,NA,NA,
coppock_green_2016,table_5_midterm_on_midterm_connecticut_2006_10_est,Table 5,"Connecticut, 2006-10 (Midterm on Midterm), est",0.209,0.209,3,1,0.20905598346,1,NA,NA,
coppock_green_2016,table_5_midterm_on_midterm_connecticut_2006_10_se,Table 5,"Connecticut, 2006-10 (Midterm on Midterm), se",0.046,0.046,3,1,0.04570478443,1,NA,NA,
coppock_green_2016,table_5_midterm_on_midterm_iowa_2006_10_est,Table 5,"Iowa, 2006-10 (Midterm on Midterm), est",0.097,0.097,3,1,0.09650392438,1,NA,NA,
coppock_green_2016,table_5_midterm_on_midterm_iowa_2006_10_se,Table 5,"Iowa, 2006-10 (Midterm on Midterm), se",0.045,0.045,3,1,0.04467155976,1,NA,NA,
coppock_green_2016,table_5_midterm_on_midterm_illinois_1994_98_est,Table 5,"Illinois, 1994-98 (Midterm on Midterm), est",0.168,0.168,3,1,0.16820648865,1,NA,NA,
coppock_green_2016,table_5_midterm_on_midterm_illinois_1994_98_se,Table 5,"Illinois, 1994-98 (Midterm on Midterm), se",0.073,0.073,3,1,0.07250663854,1,NA,NA,
coppock_green_2016,table_5_midterm_on_midterm_illinois_1998_2002_est,Table 5,"Illinois, 1998-2002 (Midterm on Midterm), est",0.327,0.327,3,1,0.32708145276,1,NA,NA,
coppock_green_2016,table_5_midterm_on_midterm_illinois_1998_2002_se,Table 5,"Illinois, 1998-2002 (Midterm on Midterm), se",0.066,0.066,3,1,0.06627275612,1,NA,NA,
coppock_green_2016,table_5_midterm_on_midterm_illinois_2002_06_est,Table 5,"Illinois, 2002-06 (Midterm on Midterm), est",0.178,0.178,3,1,0.17763373600,1,NA,NA,
coppock_green_2016,table_5_midterm_on_midterm_illinois_2002_06_se,Table 5,"Illinois, 2002-06 (Midterm on Midterm), se",0.040,0.040,3,1,0.03981096400,1,NA,NA,
coppock_green_2016,table_5_midterm_on_midterm_illinois_2006_10_est,Table 5,"Illinois, 2006-10 (Midterm on Midterm), est",0.183,0.183,3,1,0.18301675525,1,NA,NA,
coppock_green_2016,table_5_midterm_on_midterm_illinois_2006_10_se,Table 5,"Illinois, 2006-10 (Midterm on Midterm), se",0.036,0.036,3,1,0.03572108918,1,NA,NA,
coppock_green_2016,table_5_midterm_on_midterm_florida_1994_98_est,Table 5,"Florida, 1994-98 (Midterm on Midterm), est",0.066,0.066,3,1,0.06638722257,1,NA,NA,
coppock_green_2016,table_5_midterm_on_midterm_florida_1994_98_se,Table 5,"Florida, 1994-98 (Midterm on Midterm), se",0.073,0.073,3,1,0.07316258244,1,NA,NA,
coppock_green_2016,table_5_midterm_on_midterm_florida_1998_2002_est,Table 5,"Florida, 1998-2002 (Midterm on Midterm), est",0.335,0.335,3,1,0.33474500534,1,NA,NA,
coppock_green_2016,table_5_midterm_on_midterm_florida_1998_2002_se,Table 5,"Florida, 1998-2002 (Midterm on Midterm), se",0.098,0.098,3,1,0.09752068455,1,NA,NA,
coppock_green_2016,table_5_midterm_on_midterm_florida_2002_06_est,Table 5,"Florida, 2002-06 (Midterm on Midterm), est",0.244,0.244,3,1,0.24394588197,1,NA,NA,
coppock_green_2016,table_5_midterm_on_midterm_florida_2002_06_se,Table 5,"Florida, 2002-06 (Midterm on Midterm), se",0.070,0.070,3,1,0.07023103951,1,NA,NA,
coppock_green_2016,table_5_midterm_on_midterm_florida_2006_10_est,Table 5,"Florida, 2006-10 (Midterm on Midterm), est",0.051,0.051,3,1,0.05087692419,1,NA,NA,
coppock_green_2016,table_5_midterm_on_midterm_florida_2006_10_se,Table 5,"Florida, 2006-10 (Midterm on Midterm), se",0.019,0.019,3,1,0.01857507348,1,NA,NA,
coppock_green_2016,table_5_midterm_on_midterm_florida_2005_1994_98_est,Table 5,"Florida 2005, 1994-98 (Midterm on Midterm), est",0.074,0.074,3,1,0.07352727578,1,NA,NA,
coppock_green_2016,table_5_midterm_on_midterm_florida_2005_1994_98_se,Table 5,"Florida 2005, 1994-98 (Midterm on Midterm), se",0.071,0.071,3,1,0.07073056958,1,NA,NA,
coppock_green_2016,table_5_midterm_on_midterm_florida_2005_1998_2002_est,Table 5,"Florida 2005, 1998-2002 (Midterm on Midterm), est",0.258,0.258,3,1,0.25805736998,1,NA,NA,
coppock_green_2016,table_5_midterm_on_midterm_florida_2005_1998_2002_se,Table 5,"Florida 2005, 1998-2002 (Midterm on Midterm), se",0.089,0.089,3,1,0.08874084319,1,NA,NA,
coppock_green_2016,table_5_midterm_on_midterm_michigan_1998_2002_est,Table 5,"Michigan, 1998-2002 (Midterm on Midterm), est",0.185,0.185,3,1,0.18498932310,1,NA,NA,
coppock_green_2016,table_5_midterm_on_midterm_michigan_1998_2002_se,Table 5,"Michigan, 1998-2002 (Midterm on Midterm), se",0.038,0.038,3,1,0.03849463674,1,NA,NA,
coppock_green_2016,table_5_midterm_on_midterm_missouri_1994_98_est,Table 5,"Missouri, 1994-98 (Midterm on Midterm), est",0.052,0.052,3,1,0.05168689317,1,NA,NA,
coppock_green_2016,table_5_midterm_on_midterm_missouri_1994_98_se,Table 5,"Missouri, 1994-98 (Midterm on Midterm), se",0.061,0.061,3,1,0.06083493685,1,NA,NA,
coppock_green_2016,table_5_midterm_on_midterm_missouri_1998_2002_est,Table 5,"Missouri, 1998-2002 (Midterm on Midterm), est",0.387,0.387,3,1,0.38723178508,1,NA,NA,
coppock_green_2016,table_5_midterm_on_midterm_missouri_1998_2002_se,Table 5,"Missouri, 1998-2002 (Midterm on Midterm), se",0.123,0.123,3,1,0.12287535622,1,NA,NA,
coppock_green_2016,table_5_midterm_on_midterm_missouri_2002_06_est,Table 5,"Missouri, 2002-06 (Midterm on Midterm), est",0.286,0.286,3,1,0.28631255670,1,NA,NA,
coppock_green_2016,table_5_midterm_on_midterm_missouri_2002_06_se,Table 5,"Missouri, 2002-06 (Midterm on Midterm), se",0.054,0.054,3,1,0.05391935328,1,NA,NA,
coppock_green_2016,table_5_midterm_on_midterm_missouri_2006_10_est,Table 5,"Missouri, 2006-10 (Midterm on Midterm), est",0.060,0.060,3,1,0.05965054279,1,NA,NA,
coppock_green_2016,table_5_midterm_on_midterm_missouri_2006_10_se,Table 5,"Missouri, 2006-10 (Midterm on Midterm), se",0.023,0.023,3,1,0.02255903244,1,NA,NA,
coppock_green_2016,table_5_midterm_on_midterm_missouri_2005_1994_98_est,Table 5,"Missouri 2005, 1994-98 (Midterm on Midterm), est",0.101,0.101,3,1,0.10134193374,1,NA,NA,
coppock_green_2016,table_5_midterm_on_midterm_missouri_2005_1994_98_se,Table 5,"Missouri 2005, 1994-98 (Midterm on Midterm), se",0.067,0.067,3,1,0.06670104649,1,NA,NA,
coppock_green_2016,table_5_midterm_on_midterm_missouri_2005_1998_2002_est,Table 5,"Missouri 2005, 1998-2002 (Midterm on Midterm), est",0.375,0.375,3,1,0.37478463303,1,NA,NA,
coppock_green_2016,table_5_midterm_on_midterm_missouri_2005_1998_2002_se,Table 5,"Missouri 2005, 1998-2002 (Midterm on Midterm), se",0.099,0.099,3,1,0.09862612059,1,NA,NA,
coppock_green_2016,table_5_midterm_on_midterm_montana_2002_06_est,Table 5,"Montana, 2002-06 (Midterm on Midterm), est",0.272,0.272,3,1,0.27239726425,1,NA,NA,
coppock_green_2016,table_5_midterm_on_midterm_montana_2002_06_se,Table 5,"Montana, 2002-06 (Midterm on Midterm), se",0.104,0.104,3,1,0.10424674876,1,NA,NA,
coppock_green_2016,table_5_midterm_on_midterm_montana_2006_10_est,Table 5,"Montana, 2006-10 (Midterm on Midterm), est",0.086,0.086,3,1,0.08629496871,1,NA,NA,
coppock_green_2016,table_5_midterm_on_midterm_montana_2006_10_se,Table 5,"Montana, 2006-10 (Midterm on Midterm), se",0.039,0.039,3,1,0.03928866513,1,NA,NA,
coppock_green_2016,table_5_midterm_on_midterm_new_jersey_2006_10_est,Table 5,"New Jersey, 2006-10 (Midterm on Midterm), est",0.259,0.259,3,1,0.25890461479,1,NA,NA,
coppock_green_2016,table_5_midterm_on_midterm_new_jersey_2006_10_se,Table 5,"New Jersey, 2006-10 (Midterm on Midterm), se",0.038,0.038,3,1,0.03760309925,1,NA,NA,
coppock_green_2016,table_5_midterm_on_midterm_nevada_2002_06_est,Table 5,"Nevada, 2002-06 (Midterm on Midterm), est",0.238,0.238,3,1,0.23796737107,1,NA,NA,
coppock_green_2016,table_5_midterm_on_midterm_nevada_2002_06_se,Table 5,"Nevada, 2002-06 (Midterm on Midterm), se",0.075,0.075,3,1,0.07498735127,1,NA,NA,
coppock_green_2016,table_5_midterm_on_midterm_nevada_2006_10_est,Table 5,"Nevada, 2006-10 (Midterm on Midterm), est",0.168,0.168,3,1,0.16790470171,1,NA,NA,
coppock_green_2016,table_5_midterm_on_midterm_nevada_2006_10_se,Table 5,"Nevada, 2006-10 (Midterm on Midterm), se",0.078,0.078,3,1,0.07804501407,1,NA,NA,
coppock_green_2016,table_5_midterm_on_midterm_new_york_2002_06_est,Table 5,"New York, 2002-06 (Midterm on Midterm), est",0.288,0.288,3,1,0.28797530450,1,NA,NA,
coppock_green_2016,table_5_midterm_on_midterm_new_york_2002_06_se,Table 5,"New York, 2002-06 (Midterm on Midterm), se",0.036,0.036,3,1,0.03643823088,1,NA,NA,
coppock_green_2016,table_5_midterm_on_midterm_new_york_2006_10_est,Table 5,"New York, 2006-10 (Midterm on Midterm), est",0.183,0.183,3,1,0.18288087544,1,NA,NA,
coppock_green_2016,table_5_midterm_on_midterm_new_york_2006_10_se,Table 5,"New York, 2006-10 (Midterm on Midterm), se",0.025,0.025,3,1,0.02466187908,1,NA,NA,
coppock_green_2016,table_5_midterm_on_midterm_oklahoma_2002_06_est,Table 5,"Oklahoma, 2002-06 (Midterm on Midterm), est",0.078,0.078,3,1,0.07848357245,1,NA,NA,
coppock_green_2016,table_5_midterm_on_midterm_oklahoma_2002_06_se,Table 5,"Oklahoma, 2002-06 (Midterm on Midterm), se",0.093,0.093,3,1,0.09314156247,1,NA,NA,
coppock_green_2016,table_5_midterm_on_midterm_oklahoma_2006_10_est,Table 5,"Oklahoma, 2006-10 (Midterm on Midterm), est",0.107,0.107,3,1,0.10689551532,1,NA,NA,
coppock_green_2016,table_5_midterm_on_midterm_oklahoma_2006_10_se,Table 5,"Oklahoma, 2006-10 (Midterm on Midterm), se",0.067,0.067,3,1,0.06704090354,1,NA,NA,
coppock_green_2016,table_5_midterm_on_midterm_oregon_2006_10_est,Table 5,"Oregon, 2006-10 (Midterm on Midterm), est",0.203,0.203,3,1,0.20304593208,1,NA,NA,
coppock_green_2016,table_5_midterm_on_midterm_oregon_2006_10_se,Table 5,"Oregon, 2006-10 (Midterm on Midterm), se",0.040,0.040,3,1,0.03991079143,1,NA,NA,
coppock_green_2016,table_5_midterm_on_midterm_pennsylvania_2006_10_est,Table 5,"Pennsylvania, 2006-10 (Midterm on Midterm), est",0.073,0.073,3,1,0.07251160423,1,NA,NA,
coppock_green_2016,table_5_midterm_on_midterm_pennsylvania_2006_10_se,Table 5,"Pennsylvania, 2006-10 (Midterm on Midterm), se",0.041,0.041,3,1,0.04050280796,1,NA,NA,
coppock_green_2016,table_5_midterm_on_midterm_meta_analysis_1994_98_est,Table 5,"Meta-Analysis, 1994-98 (Midterm on Midterm), est",0.075,0.075,3,1,0.07473795085,1,NA,NA,
coppock_green_2016,table_5_midterm_on_midterm_meta_analysis_1994_98_se,Table 5,"Meta-Analysis, 1994-98 (Midterm on Midterm), se",0.037,0.037,3,1,0.03668056239,1,NA,NA,
coppock_green_2016,table_5_midterm_on_midterm_meta_analysis_1998_2002_est,Table 5,"Meta-Analysis, 1998-2002 (Midterm on Midterm), est",0.213,0.213,3,1,0.21323544284,1,NA,NA,
coppock_green_2016,table_5_midterm_on_midterm_meta_analysis_1998_2002_se,Table 5,"Meta-Analysis, 1998-2002 (Midterm on Midterm), se",0.026,0.026,3,1,0.02623948871,1,NA,NA,
coppock_green_2016,table_5_midterm_on_midterm_meta_analysis_2002_06_est,Table 5,"Meta-Analysis, 2002-06 (Midterm on Midterm), est",0.232,0.232,3,1,0.23237648413,1,NA,NA,
coppock_green_2016,table_5_midterm_on_midterm_meta_analysis_2002_06_se,Table 5,"Meta-Analysis, 2002-06 (Midterm on Midterm), se",0.019,0.019,3,1,0.01909802563,1,NA,NA,
coppock_green_2016,table_5_midterm_on_midterm_meta_analysis_2006_10_est,Table 5,"Meta-Analysis, 2006-10 (Midterm on Midterm), est",0.119,0.119,3,1,0.11921405256,1,NA,NA,
coppock_green_2016,table_5_midterm_on_midterm_meta_analysis_2006_10_se,Table 5,"Meta-Analysis, 2006-10 (Midterm on Midterm), se",0.009,0.009,3,1,0.00933040183,1,NA,NA,
coppock_green_2016,table_6_upper_arkansas_1996_2012_est,Table 6,"Arkansas, 1996-2012 (upper), est",0.009,0.009,3,1,0.00922339319,1,NA,NA,
coppock_green_2016,table_6_upper_arkansas_1996_2012_se,Table 6,"Arkansas, 1996-2012 (upper), se",0.185,0.185,3,1,0.18528031750,1,NA,NA,
coppock_green_2016,table_6_upper_arkansas_1998_2012_est,Table 6,"Arkansas, 1998-2012 (upper), est",1.204,1.204,3,1,1.20430816816,1,NA,NA,
coppock_green_2016,table_6_upper_arkansas_1998_2012_se,Table 6,"Arkansas, 1998-2012 (upper), se",0.451,0.451,3,1,0.45103623975,1,NA,NA,
coppock_green_2016,table_6_upper_arkansas_2000_12_est,Table 6,"Arkansas, 2000-12 (upper), est",0.214,0.214,3,1,0.21384247734,1,NA,NA,
coppock_green_2016,table_6_upper_arkansas_2000_12_se,Table 6,"Arkansas, 2000-12 (upper), se",0.122,0.122,3,1,0.12231016359,1,NA,NA,
coppock_green_2016,table_6_upper_connecticut_2000_12_est,Table 6,"Connecticut, 2000-12 (upper), est",0.106,0.106,3,1,0.10566590376,1,NA,NA,
coppock_green_2016,table_6_upper_connecticut_2000_12_se,Table 6,"Connecticut, 2000-12 (upper), se",0.095,0.095,3,1,0.09537691418,1,NA,NA,
coppock_green_2016,table_6_upper_illinois_1992_2012_est,Table 6,"Illinois, 1992-2012 (upper), est",0.536,0.536,3,1,0.53578104049,1,NA,NA,
coppock_green_2016,table_6_upper_illinois_1992_2012_se,Table 6,"Illinois, 1992-2012 (upper), se",0.107,0.107,3,1,0.10701242886,1,NA,NA,
coppock_green_2016,table_6_upper_illinois_1994_2012_est,Table 6,"Illinois, 1994-2012 (upper), est",0.494,0.494,3,1,0.49391945080,1,NA,NA,
coppock_green_2016,table_6_upper_illinois_1994_2012_se,Table 6,"Illinois, 1994-2012 (upper), se",0.252,0.252,3,1,0.25190178666,1,NA,NA,
coppock_green_2016,table_6_upper_illinois_1996_2012_est,Table 6,"Illinois, 1996-2012 (upper), est",0.414,0.414,3,1,0.41370114099,1,NA,NA,
coppock_green_2016,table_6_upper_illinois_1996_2012_se,Table 6,"Illinois, 1996-2012 (upper), se",0.088,0.088,3,1,0.08784346537,1,NA,NA,
coppock_green_2016,table_6_upper_illinois_1998_2012_est,Table 6,"Illinois, 1998-2012 (upper), est",0.968,0.968,3,1,0.96797821435,1,NA,NA,
coppock_green_2016,table_6_upper_illinois_1998_2012_se,Table 6,"Illinois, 1998-2012 (upper), se",0.204,0.204,3,1,0.20352238952,1,NA,NA,
coppock_green_2016,table_6_upper_illinois_2000_12_est,Table 6,"Illinois, 2000-12 (upper), est",0.254,0.254,3,1,0.25421157777,1,NA,NA,
coppock_green_2016,table_6_upper_illinois_2000_12_se,Table 6,"Illinois, 2000-12 (upper), se",0.047,0.047,3,1,0.04661282390,1,NA,NA,
coppock_green_2016,table_6_upper_florida_1994_2012_est,Table 6,"Florida, 1994-2012 (upper), est",-0.293,-0.293,3,1,-0.29254362569,1,NA,NA,
coppock_green_2016,table_6_upper_florida_1992_2012_est,Table 6,"Florida, 1992-2012 (upper), est",0.688,0.688,3,1,0.68839107579,1,NA,NA,
coppock_green_2016,table_6_upper_florida_1992_2012_se,Table 6,"Florida, 1992-2012 (upper), se",0.165,0.165,3,1,0.16451859855,1,NA,NA,
coppock_green_2016,table_6_upper_florida_1994_2012_se,Table 6,"Florida, 1994-2012 (upper), se",0.376,0.376,3,1,0.37584351058,1,NA,NA,
coppock_green_2016,table_6_upper_florida_1996_2012_est,Table 6,"Florida, 1996-2012 (upper), est",0.175,0.175,3,1,0.17541855688,1,NA,NA,
coppock_green_2016,table_6_upper_florida_1996_2012_se,Table 6,"Florida, 1996-2012 (upper), se",0.094,0.094,3,1,0.09389104096,1,NA,NA,
coppock_green_2016,table_6_upper_florida_1998_2012_est,Table 6,"Florida, 1998-2012 (upper), est",1.088,1.088,3,1,1.08775355207,1,NA,NA,
coppock_green_2016,table_6_upper_florida_1998_2012_se,Table 6,"Florida, 1998-2012 (upper), se",0.311,0.311,3,1,0.31110746608,1,NA,NA,
coppock_green_2016,table_6_upper_florida_2000_12_est,Table 6,"Florida, 2000-12 (upper), est",0.176,0.176,3,1,0.17581444670,1,NA,NA,
coppock_green_2016,table_6_upper_florida_2000_12_se,Table 6,"Florida, 2000-12 (upper), se",0.061,0.061,3,1,0.06062301171,1,NA,NA,
coppock_green_2016,table_6_upper_missouri_1992_2012_est,Table 6,"Missouri, 1992-2012 (upper), est",0.857,0.857,3,1,0.85707989712,1,NA,NA,
coppock_green_2016,table_6_upper_missouri_1992_2012_se,Table 6,"Missouri, 1992-2012 (upper), se",0.177,0.177,3,1,0.17666922512,1,NA,NA,
coppock_green_2016,table_6_upper_missouri_1994_2012_est,Table 6,"Missouri, 1994-2012 (upper), est",0.284,0.284,3,1,0.28374802432,1,NA,NA,
coppock_green_2016,table_6_upper_missouri_1994_2012_se,Table 6,"Missouri, 1994-2012 (upper), se",0.254,0.254,3,1,0.25435163279,1,NA,NA,
coppock_green_2016,table_6_upper_missouri_1996_2012_est,Table 6,"Missouri, 1996-2012 (upper), est",0.245,0.245,3,1,0.24484748272,1,NA,NA,
coppock_green_2016,table_6_upper_missouri_1996_2012_se,Table 6,"Missouri, 1996-2012 (upper), se",0.129,0.129,3,1,0.12856805227,1,NA,NA,
coppock_green_2016,table_6_upper_missouri_1998_2012_est,Table 6,"Missouri, 1998-2012 (upper), est",0.830,0.830,3,1,0.82993960902,1,NA,NA,
coppock_green_2016,table_6_upper_missouri_1998_2012_se,Table 6,"Missouri, 1998-2012 (upper), se",0.302,0.302,3,1,0.30211530138,1,NA,NA,
coppock_green_2016,table_6_upper_missouri_2000_12_est,Table 6,"Missouri, 2000-12 (upper), est",0.117,0.117,3,1,0.11686120091,1,NA,NA,
coppock_green_2016,table_6_upper_missouri_2000_12_se,Table 6,"Missouri, 2000-12 (upper), se",0.039,0.039,3,1,0.03901817596,1,NA,NA,
coppock_green_2016,table_6_upper_montana_2000_12_est,Table 6,"Montana, 2000-12 (upper), est",0.343,0.343,3,1,0.34340491270,1,NA,NA,
coppock_green_2016,table_6_upper_montana_2000_12_se,Table 6,"Montana, 2000-12 (upper), se",0.123,0.123,3,1,0.12261345297,1,NA,NA,
coppock_green_2016,table_6_upper_nevada_2000_12_est,Table 6,"Nevada, 2000-12 (upper), est",0.457,0.457,3,1,0.45748333760,1,NA,NA,
coppock_green_2016,table_6_upper_nevada_2000_12_se,Table 6,"Nevada, 2000-12 (upper), se",0.143,0.143,3,1,0.14328096054,1,NA,NA,
coppock_green_2016,table_6_upper_oklahoma_2000_12_est,Table 6,"Oklahoma, 2000-12 (upper), est",0.195,0.195,3,1,0.19486986701,1,NA,NA,
coppock_green_2016,table_6_upper_oklahoma_2000_12_se,Table 6,"Oklahoma, 2000-12 (upper), se",0.109,0.109,3,1,0.10916344049,1,NA,NA,
coppock_green_2016,table_6_upper_meta_analysis_1992_2012_est,Table 6,"Meta-Analysis, 1992-2012 (upper), est",0.638,0.638,3,1,0.63771033120,1,NA,NA,
coppock_green_2016,table_6_upper_meta_analysis_1992_2012_se,Table 6,"Meta-Analysis, 1992-2012 (upper), se",0.080,0.080,3,1,0.07998496483,1,NA,NA,
coppock_green_2016,table_6_upper_meta_analysis_1994_2012_est,Table 6,"Meta-Analysis, 1994-2012 (upper), est",0.264,0.264,3,1,0.26370557001,1,NA,NA,
coppock_green_2016,table_6_upper_meta_analysis_1994_2012_se,Table 6,"Meta-Analysis, 1994-2012 (upper), se",0.162,0.162,3,1,0.16159379990,1,NA,NA,
coppock_green_2016,table_6_upper_meta_analysis_1996_2012_est,Table 6,"Meta-Analysis, 1996-2012 (upper), est",0.266,0.266,3,1,0.26631929539,1,NA,NA,
coppock_green_2016,table_6_upper_meta_analysis_1996_2012_se,Table 6,"Meta-Analysis, 1996-2012 (upper), se",0.055,0.055,3,1,0.05482797818,1,NA,NA,
coppock_green_2016,table_6_upper_meta_analysis_1998_2012_est,Table 6,"Meta-Analysis, 1998-2012 (upper), est",0.986,0.986,3,1,0.98559341304,1,NA,NA,
coppock_green_2016,table_6_upper_meta_analysis_1998_2012_se,Table 6,"Meta-Analysis, 1998-2012 (upper), se",0.141,0.141,3,1,0.14093501548,1,NA,NA,
coppock_green_2016,table_6_upper_meta_analysis_2000_12_est,Table 6,"Meta-Analysis, 2000-12 (upper), est",0.186,0.186,3,1,0.18638364297,1,NA,NA,
coppock_green_2016,table_6_upper_meta_analysis_2000_12_se,Table 6,"Meta-Analysis, 2000-12 (upper), se",0.024,0.024,3,1,0.02380203468,1,NA,NA,
coppock_green_2016,table_6_lower_arkansas_2002_12_est,Table 6,"Arkansas, 2002-12 (lower), est",0.480,0.480,3,1,0.47962206284,1,NA,NA,
coppock_green_2016,table_6_lower_arkansas_2002_12_se,Table 6,"Arkansas, 2002-12 (lower), se",0.195,0.195,3,1,0.19459555803,1,NA,NA,
coppock_green_2016,table_6_lower_arkansas_2004_12_est,Table 6,"Arkansas, 2004-12 (lower), est",0.147,0.147,3,1,0.14682175382,1,NA,NA,
coppock_green_2016,table_6_lower_arkansas_2004_12_se,Table 6,"Arkansas, 2004-12 (lower), se",0.045,0.045,3,1,0.04536367340,1,NA,NA,
coppock_green_2016,table_6_lower_arkansas_2006_12_est,Table 6,"Arkansas, 2006-12 (lower), est",0.198,0.198,3,1,0.19775021319,1,NA,NA,
coppock_green_2016,table_6_lower_arkansas_2006_12_se,Table 6,"Arkansas, 2006-12 (lower), se",0.127,0.127,3,1,0.12697043097,1,NA,NA,
coppock_green_2016,table_6_lower_arkansas_2008_12_est,Table 6,"Arkansas, 2008-12 (lower), est",0.200,0.200,3,1,0.19959367975,1,NA,NA,
coppock_green_2016,table_6_lower_arkansas_2008_12_se,Table 6,"Arkansas, 2008-12 (lower), se",0.027,0.027,3,1,0.02721619063,1,NA,NA,
coppock_green_2016,table_6_lower_arkansas_2010_12_est,Table 6,"Arkansas, 2010-12 (lower), est",0.200,0.200,3,1,0.19965565446,1,NA,NA,
coppock_green_2016,table_6_lower_arkansas_2010_12_se,Table 6,"Arkansas, 2010-12 (lower), se",0.123,0.123,3,1,0.12313103567,1,NA,NA,
coppock_green_2016,table_6_lower_connecticut_2002_12_est,Table 6,"Connecticut, 2002-12 (lower), est",0.608,0.608,3,1,0.60821038466,1,NA,NA,
coppock_green_2016,table_6_lower_connecticut_2002_12_se,Table 6,"Connecticut, 2002-12 (lower), se",0.192,0.192,3,1,0.19168960337,1,NA,NA,
coppock_green_2016,table_6_lower_connecticut_2004_12_est,Table 6,"Connecticut, 2004-12 (lower), est",0.100,0.100,3,1,0.10040818053,1,NA,NA,
coppock_green_2016,table_6_lower_connecticut_2004_12_se,Table 6,"Connecticut, 2004-12 (lower), se",0.027,0.027,3,1,0.02666986260,1,NA,NA,
coppock_green_2016,table_6_lower_connecticut_2006_12_est,Table 6,"Connecticut, 2006-12 (lower), est",0.176,0.176,3,1,0.17575740917,1,NA,NA,
coppock_green_2016,table_6_lower_connecticut_2006_12_se,Table 6,"Connecticut, 2006-12 (lower), se",0.080,0.080,3,1,0.08023782984,1,NA,NA,
coppock_green_2016,table_6_lower_connecticut_2008_12_est,Table 6,"Connecticut, 2008-12 (lower), est",0.161,0.161,3,1,0.16088117699,1,NA,NA,
coppock_green_2016,table_6_lower_connecticut_2008_12_se,Table 6,"Connecticut, 2008-12 (lower), se",0.015,0.015,3,1,0.01544516218,1,NA,NA,
coppock_green_2016,table_6_lower_connecticut_2010_12_est,Table 6,"Connecticut, 2010-12 (lower), est",0.097,0.097,3,1,0.09739084417,1,NA,NA,
coppock_green_2016,table_6_lower_connecticut_2010_12_se,Table 6,"Connecticut, 2010-12 (lower), se",0.063,0.063,3,1,0.06257385527,1,NA,NA,
coppock_green_2016,table_6_lower_iowa_2004_12_est,Table 6,"Iowa, 2004-12 (lower), est",-0.028,-0.028,3,1,-0.02766375139,1,NA,NA,
coppock_green_2016,table_6_lower_iowa_2004_12_se,Table 6,"Iowa, 2004-12 (lower), se",0.115,0.115,3,1,0.11509191284,1,NA,NA,
coppock_green_2016,table_6_lower_iowa_2006_12_est,Table 6,"Iowa, 2006-12 (lower), est",0.258,0.258,3,1,0.25770403182,1,NA,NA,
coppock_green_2016,table_6_lower_iowa_2006_12_se,Table 6,"Iowa, 2006-12 (lower), se",0.078,0.078,3,1,0.07754768582,1,NA,NA,
coppock_green_2016,table_6_lower_iowa_2008_12_est,Table 6,"Iowa, 2008-12 (lower), est",0.081,0.081,3,1,0.08131341840,1,NA,NA,
coppock_green_2016,table_6_lower_iowa_2008_12_se,Table 6,"Iowa, 2008-12 (lower), se",0.035,0.035,3,1,0.03533212595,1,NA,NA,
coppock_green_2016,table_6_lower_iowa_2010_12_est,Table 6,"Iowa, 2010-12 (lower), est",0.086,0.086,3,1,0.08577306314,1,NA,NA,
coppock_green_2016,table_6_lower_iowa_2010_12_se,Table 6,"Iowa, 2010-12 (lower), se",0.066,0.066,3,1,0.06640013060,1,NA,NA,
coppock_green_2016,table_6_lower_illinois_2002_12_est,Table 6,"Illinois, 2002-12 (lower), est",0.325,0.325,3,1,0.32534919539,1,NA,NA,
coppock_green_2016,table_6_lower_illinois_2002_12_se,Table 6,"Illinois, 2002-12 (lower), se",0.100,0.100,3,1,0.10017276858,1,NA,NA,
coppock_green_2016,table_6_lower_illinois_2004_12_est,Table 6,"Illinois, 2004-12 (lower), est",0.150,0.150,3,1,0.15037386401,1,NA,NA,
coppock_green_2016,table_6_lower_illinois_2004_12_se,Table 6,"Illinois, 2004-12 (lower), se",0.022,0.022,3,1,0.02152067696,1,NA,NA,
coppock_green_2016,table_6_lower_illinois_2006_12_est,Table 6,"Illinois, 2006-12 (lower), est",0.309,0.309,3,1,0.30850118674,1,NA,NA,
coppock_green_2016,table_6_lower_illinois_2006_12_se,Table 6,"Illinois, 2006-12 (lower), se",0.075,0.075,3,1,0.07518552146,1,NA,NA,
coppock_green_2016,table_6_lower_illinois_2008_12_est,Table 6,"Illinois, 2008-12 (lower), est",0.080,0.080,3,1,0.07969366442,1,NA,NA,
coppock_green_2016,table_6_lower_illinois_2008_12_se,Table 6,"Illinois, 2008-12 (lower), se",0.013,0.013,3,1,0.01314870488,1,NA,NA,
coppock_green_2016,table_6_lower_illinois_2010_12_est,Table 6,"Illinois, 2010-12 (lower), est",0.041,0.041,3,1,0.04131400174,1,NA,NA,
coppock_green_2016,table_6_lower_illinois_2010_12_se,Table 6,"Illinois, 2010-12 (lower), se",0.059,0.059,3,1,0.05865421169,1,NA,NA,
coppock_green_2016,table_6_lower_florida_2002_12_est,Table 6,"Florida, 2002-12 (lower), est",0.046,0.046,3,1,0.04590383317,1,NA,NA,
coppock_green_2016,table_6_lower_florida_2002_12_se,Table 6,"Florida, 2002-12 (lower), se",0.096,0.096,3,1,0.09574678207,1,NA,NA,
coppock_green_2016,table_6_lower_florida_2004_12_est,Table 6,"Florida, 2004-12 (lower), est",0.060,0.060,3,1,0.05980567566,1,NA,NA,
coppock_green_2016,table_6_lower_florida_2004_12_se,Table 6,"Florida, 2004-12 (lower), se",0.023,0.023,3,1,0.02280380214,1,NA,NA,
coppock_green_2016,table_6_lower_florida_2006_12_est,Table 6,"Florida, 2006-12 (lower), est",0.060,0.060,3,1,0.06045824053,1,NA,NA,
coppock_green_2016,table_6_lower_florida_2006_12_se,Table 6,"Florida, 2006-12 (lower), se",0.043,0.043,3,1,0.04253900841,1,NA,NA,
coppock_green_2016,table_6_lower_florida_2008_12_est,Table 6,"Florida, 2008-12 (lower), est",0.105,0.105,3,1,0.10454678608,1,NA,NA,
coppock_green_2016,table_6_lower_florida_2008_12_se,Table 6,"Florida, 2008-12 (lower), se",0.012,0.012,3,1,0.01243662531,1,NA,NA,
coppock_green_2016,table_6_lower_florida_2010_12_est,Table 6,"Florida, 2010-12 (lower), est",0.014,0.014,3,1,0.01356416547,1,NA,NA,
coppock_green_2016,table_6_lower_florida_2010_12_se,Table 6,"Florida, 2010-12 (lower), se",0.062,0.062,3,1,0.06170069635,1,NA,NA,
coppock_green_2016,table_6_lower_kentucky_2008_12_est,Table 6,"Kentucky, 2008-12 (lower), est",0.075,0.075,3,1,0.07531628033,1,NA,NA,
coppock_green_2016,table_6_lower_kentucky_2008_12_se,Table 6,"Kentucky, 2008-12 (lower), se",0.022,0.022,3,1,0.02149576377,0,NA,environment,Published 0.022; the rewrite gives 0.021 at the page's precision.
coppock_green_2016,table_6_lower_kentucky_2010_12_est,Table 6,"Kentucky, 2010-12 (lower), est",0.235,0.235,3,1,0.23520015991,1,NA,NA,
coppock_green_2016,table_6_lower_kentucky_2010_12_se,Table 6,"Kentucky, 2010-12 (lower), se",0.052,0.052,3,1,0.05164369007,1,NA,NA,
coppock_green_2016,table_6_lower_missouri_2002_12_est,Table 6,"Missouri, 2002-12 (lower), est",0.238,0.238,3,1,0.23769141184,1,NA,NA,
coppock_green_2016,table_6_lower_missouri_2002_12_se,Table 6,"Missouri, 2002-12 (lower), se",0.095,0.095,3,1,0.09516281620,1,NA,NA,
coppock_green_2016,table_6_lower_missouri_2004_12_est,Table 6,"Missouri, 2004-12 (lower), est",0.048,0.048,3,1,0.04820490385,1,NA,NA,
coppock_green_2016,table_6_lower_missouri_2004_12_se,Table 6,"Missouri, 2004-12 (lower), se",0.023,0.023,3,1,0.02286854301,1,NA,NA,
coppock_green_2016,table_6_lower_missouri_2006_12_est,Table 6,"Missouri, 2006-12 (lower), est",0.132,0.132,3,1,0.13186146361,1,NA,NA,
coppock_green_2016,table_6_lower_missouri_2006_12_se,Table 6,"Missouri, 2006-12 (lower), se",0.044,0.044,3,1,0.04411795686,1,NA,NA,
coppock_green_2016,table_6_lower_missouri_2008_12_est,Table 6,"Missouri, 2008-12 (lower), est",0.155,0.155,3,1,0.15530639564,1,NA,NA,
coppock_green_2016,table_6_lower_missouri_2008_12_se,Table 6,"Missouri, 2008-12 (lower), se",0.017,0.017,3,1,0.01709406657,1,NA,NA,
coppock_green_2016,table_6_lower_missouri_2010_12_est,Table 6,"Missouri, 2010-12 (lower), est",0.025,0.025,3,1,0.02548044985,1,NA,NA,
coppock_green_2016,table_6_lower_missouri_2010_12_se,Table 6,"Missouri, 2010-12 (lower), se",0.069,0.069,3,1,0.06866584891,1,NA,NA,
coppock_green_2016,table_6_lower_montana_2002_12_est,Table 6,"Montana, 2002-12 (lower), est",0.514,0.514,3,1,0.51375283332,1,NA,NA,
coppock_green_2016,table_6_lower_montana_2002_12_se,Table 6,"Montana, 2002-12 (lower), se",0.153,0.153,3,1,0.15312735363,1,NA,NA,
coppock_green_2016,table_6_lower_montana_2004_12_est,Table 6,"Montana, 2004-12 (lower), est",0.196,0.196,3,1,0.19621079606,1,NA,NA,
coppock_green_2016,table_6_lower_montana_2004_12_se,Table 6,"Montana, 2004-12 (lower), se",0.060,0.060,3,1,0.05998699871,1,NA,NA,
coppock_green_2016,table_6_lower_montana_2006_12_est,Table 6,"Montana, 2006-12 (lower), est",0.166,0.166,3,1,0.16591425885,1,NA,NA,
coppock_green_2016,table_6_lower_montana_2006_12_se,Table 6,"Montana, 2006-12 (lower), se",0.060,0.060,3,1,0.05987794649,1,NA,NA,
coppock_green_2016,table_6_lower_montana_2008_12_est,Table 6,"Montana, 2008-12 (lower), est",0.111,0.111,3,1,0.11135453293,1,NA,NA,
coppock_green_2016,table_6_lower_montana_2008_12_se,Table 6,"Montana, 2008-12 (lower), se",0.029,0.029,3,1,0.02912494756,1,NA,NA,
coppock_green_2016,table_6_lower_montana_2010_12_est,Table 6,"Montana, 2010-12 (lower), est",0.165,0.165,3,1,0.16525066556,1,NA,NA,
coppock_green_2016,table_6_lower_montana_2010_12_se,Table 6,"Montana, 2010-12 (lower), se",0.091,0.091,3,1,0.09100494476,1,NA,NA,
coppock_green_2016,table_6_lower_new_jersey_2010_12_est,Table 6,"New Jersey, 2010-12 (lower), est",-0.138,-0.138,3,1,-0.13823890451,1,NA,NA,
coppock_green_2016,table_6_lower_new_jersey_2004_12_est,Table 6,"New Jersey, 2004-12 (lower), est",0.063,0.063,3,1,0.06286181364,1,NA,NA,
coppock_green_2016,table_6_lower_new_jersey_2004_12_se,Table 6,"New Jersey, 2004-12 (lower), se",0.021,0.021,3,1,0.02067983109,1,NA,NA,
coppock_green_2016,table_6_lower_new_jersey_2006_12_est,Table 6,"New Jersey, 2006-12 (lower), est",0.268,0.268,3,1,0.26835979611,1,NA,NA,
coppock_green_2016,table_6_lower_new_jersey_2006_12_se,Table 6,"New Jersey, 2006-12 (lower), se",0.090,0.090,3,1,0.08950880374,1,NA,NA,
coppock_green_2016,table_6_lower_new_jersey_2008_12_est,Table 6,"New Jersey, 2008-12 (lower), est",0.155,0.155,3,1,0.15478506132,1,NA,NA,
coppock_green_2016,table_6_lower_new_jersey_2008_12_se,Table 6,"New Jersey, 2008-12 (lower), se",0.014,0.014,3,1,0.01374721672,1,NA,NA,
coppock_green_2016,table_6_lower_new_jersey_2010_12_se,Table 6,"New Jersey, 2010-12 (lower), se",0.118,0.118,3,1,0.11824959829,1,NA,NA,
coppock_green_2016,table_6_lower_nevada_2002_12_est,Table 6,"Nevada, 2002-12 (lower), est",0.614,0.614,3,1,0.61427856697,1,NA,NA,
coppock_green_2016,table_6_lower_nevada_2002_12_se,Table 6,"Nevada, 2002-12 (lower), se",0.188,0.188,3,1,0.18809111119,1,NA,NA,
coppock_green_2016,table_6_lower_nevada_2004_12_est,Table 6,"Nevada, 2004-12 (lower), est",0.132,0.132,3,1,0.13183221399,1,NA,NA,
coppock_green_2016,table_6_lower_nevada_2004_12_se,Table 6,"Nevada, 2004-12 (lower), se",0.042,0.042,3,1,0.04181846923,1,NA,NA,
coppock_green_2016,table_6_lower_nevada_2006_12_est,Table 6,"Nevada, 2006-12 (lower), est",0.543,0.543,3,1,0.54308254551,1,NA,NA,
coppock_green_2016,table_6_lower_nevada_2006_12_se,Table 6,"Nevada, 2006-12 (lower), se",0.131,0.131,3,1,0.13144520146,1,NA,NA,
coppock_green_2016,table_6_lower_nevada_2008_12_est,Table 6,"Nevada, 2008-12 (lower), est",0.174,0.174,3,1,0.17409599255,1,NA,NA,
coppock_green_2016,table_6_lower_nevada_2008_12_se,Table 6,"Nevada, 2008-12 (lower), se",0.027,0.027,3,1,0.02661113046,1,NA,NA,
coppock_green_2016,table_6_lower_nevada_2010_12_est,Table 6,"Nevada, 2010-12 (lower), est",0.287,0.287,3,1,0.28746935155,1,NA,NA,
coppock_green_2016,table_6_lower_nevada_2010_12_se,Table 6,"Nevada, 2010-12 (lower), se",0.088,0.088,3,1,0.08800188419,1,NA,NA,
coppock_green_2016,table_6_lower_new_york_2002_12_est,Table 6,"New York, 2002-12 (lower), est",0.208,0.208,3,1,0.20786512876,1,NA,NA,
coppock_green_2016,table_6_lower_new_york_2002_12_se,Table 6,"New York, 2002-12 (lower), se",0.073,0.073,3,1,0.07302096213,1,NA,NA,
coppock_green_2016,table_6_lower_new_york_2004_12_est,Table 6,"New York, 2004-12 (lower), est",0.071,0.071,3,1,0.07055552702,1,NA,NA,
coppock_green_2016,table_6_lower_new_york_2004_12_se,Table 6,"New York, 2004-12 (lower), se",0.013,0.013,3,1,0.01257829811,1,NA,NA,
coppock_green_2016,table_6_lower_new_york_2006_12_est,Table 6,"New York, 2006-12 (lower), est",0.127,0.127,3,1,0.12729878192,1,NA,NA,
coppock_green_2016,table_6_lower_new_york_2006_12_se,Table 6,"New York, 2006-12 (lower), se",0.061,0.061,3,1,0.06133630788,1,NA,NA,
coppock_green_2016,table_6_lower_new_york_2008_12_est,Table 6,"New York, 2008-12 (lower), est",0.068,0.068,3,1,0.06800796712,1,NA,NA,
coppock_green_2016,table_6_lower_new_york_2008_12_se,Table 6,"New York, 2008-12 (lower), se",0.013,0.013,3,1,0.01271081421,1,NA,NA,
coppock_green_2016,table_6_lower_new_york_2010_12_est,Table 6,"New York, 2010-12 (lower), est",0.036,0.036,3,1,0.03642787151,1,NA,NA,
coppock_green_2016,table_6_lower_new_york_2010_12_se,Table 6,"New York, 2010-12 (lower), se",0.096,0.096,3,1,0.09634339911,1,NA,NA,
coppock_green_2016,table_6_lower_oklahoma_2002_12_est,Table 6,"Oklahoma, 2002-12 (lower), est",0.282,0.282,3,1,0.28167739351,1,NA,NA,
coppock_green_2016,table_6_lower_oklahoma_2002_12_se,Table 6,"Oklahoma, 2002-12 (lower), se",0.210,0.210,3,1,0.20982552541,1,NA,NA,
coppock_green_2016,table_6_lower_oklahoma_2004_12_est,Table 6,"Oklahoma, 2004-12 (lower), est",0.147,0.147,3,1,0.14700490496,1,NA,NA,
coppock_green_2016,table_6_lower_oklahoma_2004_12_se,Table 6,"Oklahoma, 2004-12 (lower), se",0.042,0.042,3,1,0.04167670537,1,NA,NA,
coppock_green_2016,table_6_lower_oklahoma_2006_12_est,Table 6,"Oklahoma, 2006-12 (lower), est",0.241,0.241,3,1,0.24101109781,1,NA,NA,
coppock_green_2016,table_6_lower_oklahoma_2006_12_se,Table 6,"Oklahoma, 2006-12 (lower), se",0.120,0.120,3,1,0.12022535864,1,NA,NA,
coppock_green_2016,table_6_lower_oklahoma_2008_12_est,Table 6,"Oklahoma, 2008-12 (lower), est",0.138,0.138,3,1,0.13754909161,1,NA,NA,
coppock_green_2016,table_6_lower_oklahoma_2008_12_se,Table 6,"Oklahoma, 2008-12 (lower), se",0.023,0.023,3,1,0.02317414186,1,NA,NA,
coppock_green_2016,table_6_lower_oklahoma_2010_12_est,Table 6,"Oklahoma, 2010-12 (lower), est",0.149,0.149,3,1,0.14910656544,1,NA,NA,
coppock_green_2016,table_6_lower_oklahoma_2010_12_se,Table 6,"Oklahoma, 2010-12 (lower), se",0.090,0.090,3,1,0.08961008176,1,NA,NA,
coppock_green_2016,table_6_lower_oregon_2006_12_est,Table 6,"Oregon, 2006-12 (lower), est",0.275,0.275,3,1,0.27536980030,1,NA,NA,
coppock_green_2016,table_6_lower_oregon_2006_12_se,Table 6,"Oregon, 2006-12 (lower), se",0.071,0.071,3,1,0.07116417893,1,NA,NA,
coppock_green_2016,table_6_lower_oregon_2008_12_est,Table 6,"Oregon, 2008-12 (lower), est",0.108,0.108,3,1,0.10769600603,1,NA,NA,
coppock_green_2016,table_6_lower_oregon_2008_12_se,Table 6,"Oregon, 2008-12 (lower), se",0.025,0.025,3,1,0.02484223400,1,NA,NA,
coppock_green_2016,table_6_lower_oregon_2010_12_est,Table 6,"Oregon, 2010-12 (lower), est",0.118,0.118,3,1,0.11771234875,1,NA,NA,
coppock_green_2016,table_6_lower_oregon_2010_12_se,Table 6,"Oregon, 2010-12 (lower), se",0.053,0.053,3,1,0.05348598275,1,NA,NA,
coppock_green_2016,table_6_lower_pennsylvania_2004_12_est,Table 6,"Pennsylvania, 2004-12 (lower), est",0.243,0.243,3,1,0.24332449858,1,NA,NA,
coppock_green_2016,table_6_lower_pennsylvania_2004_12_se,Table 6,"Pennsylvania, 2004-12 (lower), se",0.054,0.054,3,1,0.05386667694,1,NA,NA,
coppock_green_2016,table_6_lower_pennsylvania_2006_12_est,Table 6,"Pennsylvania, 2006-12 (lower), est",0.253,0.253,3,1,0.25330314932,1,NA,NA,
coppock_green_2016,table_6_lower_pennsylvania_2006_12_se,Table 6,"Pennsylvania, 2006-12 (lower), se",0.105,0.105,3,1,0.10476463427,1,NA,NA,
coppock_green_2016,table_6_lower_pennsylvania_2008_12_est,Table 6,"Pennsylvania, 2008-12 (lower), est",0.121,0.121,3,1,0.12067562660,1,NA,NA,
coppock_green_2016,table_6_lower_pennsylvania_2008_12_se,Table 6,"Pennsylvania, 2008-12 (lower), se",0.019,0.019,3,1,0.01928852747,1,NA,NA,
coppock_green_2016,table_6_lower_pennsylvania_2010_12_est,Table 6,"Pennsylvania, 2010-12 (lower), est",0.104,0.104,3,1,0.10447847105,1,NA,NA,
coppock_green_2016,table_6_lower_pennsylvania_2010_12_se,Table 6,"Pennsylvania, 2010-12 (lower), se",0.128,0.128,3,1,0.12838122757,1,NA,NA,
coppock_green_2016,table_6_lower_rhode_island_2008_12_est,Table 6,"Rhode Island, 2008-12 (lower), est",0.113,0.113,3,1,0.11308180895,1,NA,NA,
coppock_green_2016,table_6_lower_rhode_island_2008_12_se,Table 6,"Rhode Island, 2008-12 (lower), se",0.030,0.030,3,1,0.03004930915,1,NA,NA,
coppock_green_2016,table_6_lower_rhode_island_2010_12_est,Table 6,"Rhode Island, 2010-12 (lower), est",0.239,0.239,3,1,0.23871256243,1,NA,NA,
coppock_green_2016,table_6_lower_rhode_island_2010_12_se,Table 6,"Rhode Island, 2010-12 (lower), se",0.117,0.117,3,1,0.11727640781,1,NA,NA,
coppock_green_2016,table_6_lower_meta_analysis_2002_12_est,Table 6,"Meta-Analysis, 2002-12 (lower), est",0.271,0.271,3,1,0.27150218691,0,NA,environment,Published 0.271; the rewrite gives 0.272 at the page's precision.
coppock_green_2016,table_6_lower_meta_analysis_2002_12_se,Table 6,"Meta-Analysis, 2002-12 (lower), se",0.039,0.039,3,1,0.03910441595,1,NA,NA,
coppock_green_2016,table_6_lower_meta_analysis_2004_12_est,Table 6,"Meta-Analysis, 2004-12 (lower), est",0.089,0.089,3,1,0.08882957728,1,NA,NA,
coppock_green_2016,table_6_lower_meta_analysis_2004_12_se,Table 6,"Meta-Analysis, 2004-12 (lower), se",0.007,0.007,3,1,0.00737396379,1,NA,NA,
coppock_green_2016,table_6_lower_meta_analysis_2006_12_est,Table 6,"Meta-Analysis, 2006-12 (lower), est",0.176,0.176,3,1,0.17599560034,1,NA,NA,
coppock_green_2016,table_6_lower_meta_analysis_2006_12_se,Table 6,"Meta-Analysis, 2006-12 (lower), se",0.019,0.019,3,1,0.01920203788,1,NA,NA,
coppock_green_2016,table_6_lower_meta_analysis_2008_12_est,Table 6,"Meta-Analysis, 2008-12 (lower), est",0.117,0.117,3,1,0.11723830389,1,NA,NA,
coppock_green_2016,table_6_lower_meta_analysis_2008_12_se,Table 6,"Meta-Analysis, 2008-12 (lower), se",0.005,0.005,3,1,0.00468660358,1,NA,NA,
coppock_green_2016,table_6_lower_meta_analysis_2010_12_est,Table 6,"Meta-Analysis, 2010-12 (lower), est",0.111,0.111,3,1,0.11051980303,1,NA,NA,
coppock_green_2016,table_6_lower_meta_analysis_2010_12_se,Table 6,"Meta-Analysis, 2010-12 (lower), se",0.019,0.019,3,1,0.01915604183,1,NA,NA,
coppock_green_2016,table_7_main_years_between_upstream_and_downstream_2_est,Table 7,"Years between upstream and downstream, (2), est",-0.0006,-0.0006,4,1,-0.00062939589,1,NA,NA,
coppock_green_2016,table_7_main_years_between_upstream_and_downstream_5_est,Table 7,"Years between upstream and downstream, (5), est",-0.0008,-0.0008,4,1,-0.00078695208,1,NA,NA,
coppock_green_2016,table_7_main_years_between_upstream_and_downstream_1_est,Table 7,"Years between upstream and downstream, (1), est",0.0001,0.0001,4,1,0.00008978765,1,NA,NA,
coppock_green_2016,table_7_main_years_between_upstream_and_downstream_3_est,Table 7,"Years between upstream and downstream, (3), est",0.0002,0.0002,4,1,0.00021315769,1,NA,NA,
coppock_green_2016,table_7_main_years_between_upstream_and_downstream_4_est,Table 7,"Years between upstream and downstream, (4), est",0.0014,0.0014,4,1,0.00142580475,1,NA,NA,
coppock_green_2016,table_7_main_years_between_upstream_and_downstream_1_se,Table 7,"Years between upstream and downstream, (1), se",0.0036,0.0036,4,1,0.00357422872,1,NA,NA,
coppock_green_2016,table_7_main_years_between_upstream_and_downstream_2_se,Table 7,"Years between upstream and downstream, (2), se",0.0037,0.0037,4,1,0.00365586676,1,NA,NA,
coppock_green_2016,table_7_main_years_between_upstream_and_downstream_3_se,Table 7,"Years between upstream and downstream, (3), se",0.0034,0.0034,4,1,0.00342839235,1,NA,NA,
coppock_green_2016,table_7_main_years_between_upstream_and_downstream_4_se,Table 7,"Years between upstream and downstream, (4), se",0.0027,0.0027,4,1,0.00267436943,1,NA,NA,
coppock_green_2016,table_7_main_years_between_upstream_and_downstream_5_se,Table 7,"Years between upstream and downstream, (5), se",0.0028,0.0028,4,1,0.00280777182,1,NA,NA,
coppock_green_2016,table_7_main_youth_turnout_in_upstream_election_1_est,Table 7,"Youth turnout in upstream election, (1), est",-0.2520,-0.2520,4,1,-0.25199092185,1,NA,NA,
coppock_green_2016,table_7_main_youth_turnout_in_upstream_election_2_est,Table 7,"Youth turnout in upstream election, (2), est",-0.2450,-0.2450,4,1,-0.24495010595,1,NA,NA,
coppock_green_2016,table_7_main_youth_turnout_in_upstream_election_3_est,Table 7,"Youth turnout in upstream election, (3), est",-0.2578,-0.2578,4,1,-0.25781713396,1,NA,NA,
coppock_green_2016,table_7_main_youth_turnout_in_upstream_election_4_est,Table 7,"Youth turnout in upstream election, (4), est",-0.2261,-0.2261,4,1,-0.22609746153,1,NA,NA,
coppock_green_2016,table_7_main_youth_turnout_in_upstream_election_5_est,Table 7,"Youth turnout in upstream election, (5), est",-0.1647,-0.1647,4,1,-0.16474706729,1,NA,NA,
coppock_green_2016,table_7_main_youth_turnout_in_upstream_election_1_se,Table 7,"Youth turnout in upstream election, (1), se",0.0635,0.0635,4,1,0.06351099514,1,NA,NA,
coppock_green_2016,table_7_main_youth_turnout_in_upstream_election_2_se,Table 7,"Youth turnout in upstream election, (2), se",0.0613,0.0613,4,1,0.06130170092,1,NA,NA,
coppock_green_2016,table_7_main_youth_turnout_in_upstream_election_3_se,Table 7,"Youth turnout in upstream election, (3), se",0.0669,0.0669,4,1,0.06690961430,1,NA,NA,
coppock_green_2016,table_7_main_youth_turnout_in_upstream_election_4_se,Table 7,"Youth turnout in upstream election, (4), se",0.0653,0.0653,4,1,0.06530574018,1,NA,NA,
coppock_green_2016,table_7_main_youth_turnout_in_upstream_election_5_se,Table 7,"Youth turnout in upstream election, (5), se",0.0779,0.0779,4,1,0.07789738440,1,NA,NA,
coppock_green_2016,table_7_main_presidential_battleground_2_est,Table 7,"Presidential battleground, (2), est",0.0322,0.0322,4,1,0.03218416812,1,NA,NA,
coppock_green_2016,table_7_main_presidential_battleground_2_se,Table 7,"Presidential battleground, (2), se",0.0147,0.0147,4,1,0.01466923833,1,NA,NA,
coppock_green_2016,table_7_main_presidential_or_midterm_battleground_3_est,Table 7,"Presidential or midterm battleground, (3), est",0.0155,0.0155,4,1,0.01551662441,1,NA,NA,
coppock_green_2016,table_7_main_presidential_or_midterm_battleground_3_se,Table 7,"Presidential or midterm battleground, (3), se",0.0125,0.0125,4,1,0.01250335333,1,NA,NA,
coppock_green_2016,table_7_main_presidential_upstream_5_est,Table 7,"Presidential upstream, (5), est",-0.0193,-0.0193,4,1,-0.01930659469,1,NA,NA,
coppock_green_2016,table_7_main_presidential_upstream_5_se,Table 7,"Presidential upstream, (5), se",0.0207,0.0207,4,1,0.02064918288,0,NA,environment,Published 0.0207; the rewrite gives 0.0206 at the page's precision.
coppock_green_2016,table_7_main_presidential_downstream_5_est,Table 7,"Presidential downstream, (5), est",0.0359,0.0359,4,1,0.03589468397,1,NA,NA,
coppock_green_2016,table_7_main_presidential_downstream_5_se,Table 7,"Presidential downstream, (5), se",0.0119,0.0119,4,1,0.01189953150,1,NA,NA,
coppock_green_2016,table_7_main_constant_1_est,Table 7,"Constant, (1), est",0.2203,0.2203,4,1,0.22027563753,1,NA,NA,
coppock_green_2016,table_7_main_constant_2_est,Table 7,"Constant, (2), est",0.2171,0.2171,4,1,0.21712980560,1,NA,NA,
coppock_green_2016,table_7_main_constant_3_est,Table 7,"Constant, (3), est",0.2164,0.2164,4,1,0.21640449035,1,NA,NA,
coppock_green_2016,table_7_main_constant_4_est,Table 7,"Constant, (4), est",0.2207,0.2207,4,1,0.22066747909,1,NA,NA,
coppock_green_2016,table_7_main_constant_5_est,Table 7,"Constant, (5), est",0.2161,0.2161,4,1,0.21612284567,1,NA,NA,
coppock_green_2016,table_7_main_constant_1_se,Table 7,"Constant, (1), se",0.0358,0.0358,4,1,0.03581655491,1,NA,NA,
coppock_green_2016,table_7_main_constant_2_se,Table 7,"Constant, (2), se",0.0346,0.0346,4,1,0.03458491524,1,NA,NA,
coppock_green_2016,table_7_main_constant_3_se,Table 7,"Constant, (3), se",0.0354,0.0354,4,1,0.03539455454,1,NA,NA,
coppock_green_2016,table_7_main_constant_4_se,Table 7,"Constant, (4), se",0.0376,0.0376,4,1,0.03760118557,1,NA,NA,
coppock_green_2016,table_7_main_constant_5_se,Table 7,"Constant, (5), se",0.0334,0.0334,4,1,0.03340240696,1,NA,NA,
coppock_green_2016,table_7_main_n_1_est,Table 7,"N, (1), est",384,384,0,1,384.00000000000,1,NA,NA,
coppock_green_2016,table_7_main_n_2_est,Table 7,"N, (2), est",384,384,0,1,384.00000000000,1,NA,NA,
coppock_green_2016,table_7_main_n_3_est,Table 7,"N, (3), est",384,384,0,1,384.00000000000,1,NA,NA,
coppock_green_2016,table_7_main_n_4_est,Table 7,"N, (4), est",384,384,0,1,384.00000000000,1,NA,NA,
coppock_green_2016,table_7_main_n_5_est,Table 7,"N, (5), est",384,384,0,1,384.00000000000,1,NA,NA,
coppock_green_2016,table_7_main_r2_1_est,Table 7,"R2, (1), est",0.0851,0.0851,4,1,0.08510292430,1,NA,NA,
coppock_green_2016,table_7_main_r2_2_est,Table 7,"R2, (2), est",0.1013,0.1013,4,1,0.10130183412,1,NA,NA,
coppock_green_2016,table_7_main_r2_3_est,Table 7,"R2, (3), est",0.0998,0.0998,4,1,0.09976478897,1,NA,NA,
coppock_green_2016,table_7_main_r2_4_est,Table 7,"R2, (4), est",0.2630,0.2630,4,1,0.26301464564,1,NA,NA,
coppock_green_2016,table_7_main_r2_5_est,Table 7,"R2, (5), est",0.3086,0.3086,4,1,0.30860440748,1,NA,NA,
coppock_green_2016,table_7_main_state_fixed_effects_1_est,Table 7,"State fixed effects, (1), est",No,No,0,1,0.00000000000,1,NA,NA,
coppock_green_2016,table_7_main_state_fixed_effects_2_est,Table 7,"State fixed effects, (2), est",No,No,0,1,0.00000000000,1,NA,NA,
coppock_green_2016,table_7_main_state_fixed_effects_3_est,Table 7,"State fixed effects, (3), est",No,No,0,1,0.00000000000,1,NA,NA,
coppock_green_2016,table_7_main_state_fixed_effects_4_est,Table 7,"State fixed effects, (4), est",No,Yes,0,0,1.00000000000,1,NA,environment,
coppock_green_2016,table_7_main_state_fixed_effects_5_est,Table 7,"State fixed effects, (5), est",No,Yes,0,0,1.00000000000,1,NA,environment,
coppock_green_2016,table_a2_main_pa_net_migrants_est,Table A2,"PA, Net Migrants, est",-1033,-1033,0,1,-1033.00000000000,1,NA,NA,
coppock_green_2016,table_a2_main_pa_nc_2008_est,Table A2,"PA, Nc 2008, est",95175,95175,0,1,95175.00000000000,1,NA,NA,
coppock_green_2016,table_a2_main_pa_cace_08_12_est,Table A2,"PA, CACE 08-12, est",0.121,0.121,3,1,0.12100000000,1,NA,NA,
coppock_green_2016,table_a2_main_pa_bias_estimate_est,Table A2,"PA, Bias Estimate, est",-0.001,-0.001,3,1,-0.00129919549,1,NA,NA,
coppock_green_2016,table_a2_main_pa_corrected_cace_est,Table A2,"PA, Corrected CACE, est",0.122,0.122,3,1,0.12229919549,1,NA,NA,
coppock_green_2016,table_a2_main_ia_net_migrants_est,Table A2,"IA, Net Migrants, est",-517,-517,0,1,-517.00000000000,1,NA,NA,
coppock_green_2016,table_a2_main_ia_nc_2008_est,Table A2,"IA, Nc 2008, est",5318,5318,0,1,5318.00000000000,1,NA,NA,
coppock_green_2016,table_a2_main_ia_cace_08_12_est,Table A2,"IA, CACE 08-12, est",0.086,0.086,3,1,0.08100000000,0,NA,archive,Published 0.086; the rewrite gives 0.081 at the page's precision.
coppock_green_2016,table_a2_main_ia_bias_estimate_est,Table A2,"IA, Bias Estimate, est",-0.008,-0.008,3,1,-0.00717686375,0,NA,archive,Published -0.008; the rewrite gives -0.007 at the page's precision.
coppock_green_2016,table_a2_main_ia_corrected_cace_est,Table A2,"IA, Corrected CACE, est",0.094,0.094,3,1,0.08817686375,0,NA,archive,Published 0.094; the rewrite gives 0.088 at the page's precision.
coppock_green_2016,table_a2_main_ct_net_migrants_est,Table A2,"CT, Net Migrants, est",-183,-183,0,1,-183.00000000000,1,NA,NA,
coppock_green_2016,table_a2_main_ct_nc_2008_est,Table A2,"CT, Nc 2008, est",22413,22413,0,1,22413.00000000000,1,NA,NA,
coppock_green_2016,table_a2_main_ct_cace_08_12_est,Table A2,"CT, CACE 08-12, est",0.161,0.161,3,1,0.16100000000,1,NA,NA,
coppock_green_2016,table_a2_main_ct_bias_estimate_est,Table A2,"CT, Bias Estimate, est",-0.001,-0.001,3,1,-0.00130390335,1,NA,NA,
coppock_green_2016,table_a2_main_ct_corrected_cace_est,Table A2,"CT, Corrected CACE, est",0.162,0.162,3,1,0.16230390335,1,NA,NA,
coppock_green_2016,table_a2_main_nv_net_migrants_est,Table A2,"NV, Net Migrants, est",-182,-182,0,1,-182.00000000000,1,NA,NA,
coppock_green_2016,table_a2_main_nv_nc_2008_est,Table A2,"NV, Nc 2008, est",12465,12465,0,1,12465.00000000000,1,NA,NA,
coppock_green_2016,table_a2_main_nv_cace_08_12_est,Table A2,"NV, CACE 08-12, est",0.174,0.174,3,1,0.17400000000,1,NA,NA,
coppock_green_2016,table_a2_main_nv_bias_estimate_est,Table A2,"NV, Bias Estimate, est",-0.003,-0.003,3,1,-0.00250399304,1,NA,NA,
coppock_green_2016,table_a2_main_nv_corrected_cace_est,Table A2,"NV, Corrected CACE, est",0.177,0.177,3,1,0.17650399304,1,NA,NA,
coppock_green_2016,table_a2_main_ri_net_migrants_est,Table A2,"RI, Net Migrants, est",-117,-117,0,1,-117.00000000000,1,NA,NA,
coppock_green_2016,table_a2_main_ri_nc_2008_est,Table A2,"RI, Nc 2008, est",6867,6867,0,1,6867.00000000000,1,NA,NA,
coppock_green_2016,table_a2_main_ri_cace_08_12_est,Table A2,"RI, CACE 08-12, est",0.113,0.113,3,1,0.11300000000,1,NA,NA,
coppock_green_2016,table_a2_main_ri_bias_estimate_est,Table A2,"RI, Bias Estimate, est",-0.002,-0.002,3,1,-0.00189304124,1,NA,NA,
coppock_green_2016,table_a2_main_ri_corrected_cace_est,Table A2,"RI, Corrected CACE, est",0.115,0.115,3,1,0.11489304124,1,NA,NA,
coppock_green_2016,table_a2_main_ok_net_migrants_est,Table A2,"OK, Net Migrants, est",-50,-50,0,1,-50.00000000000,1,NA,NA,
coppock_green_2016,table_a2_main_ok_nc_2008_est,Table A2,"OK, Nc 2008, est",15584,15584,0,1,15584.00000000000,1,NA,NA,
coppock_green_2016,table_a2_main_ok_cace_08_12_est,Table A2,"OK, CACE 08-12, est",0.138,0.138,3,1,0.13800000000,1,NA,NA,
coppock_green_2016,table_a2_main_ok_bias_estimate_est,Table A2,"OK, Bias Estimate, est",-0.000,-0.000,3,1,-0.00044134578,1,NA,NA,
coppock_green_2016,table_a2_main_ok_corrected_cace_est,Table A2,"OK, Corrected CACE, est",0.138,0.138,3,1,0.13844134578,1,NA,NA,
coppock_green_2016,table_a2_main_nj_net_migrants_est,Table A2,"NJ, Net Migrants, est",8,8,0,1,8.00000000000,1,NA,NA,
coppock_green_2016,table_a2_main_nj_nc_2008_est,Table A2,"NJ, Nc 2008, est",51983,51983,0,1,51983.00000000000,1,NA,NA,
coppock_green_2016,table_a2_main_nj_cace_08_12_est,Table A2,"NJ, CACE 08-12, est",0.155,0.155,3,1,0.15500000000,1,NA,NA,
coppock_green_2016,table_a2_main_nj_bias_estimate_est,Table A2,"NJ, Bias Estimate, est",0.000,0.000,3,1,0.00002385762,1,NA,NA,
coppock_green_2016,table_a2_main_nj_corrected_cace_est,Table A2,"NJ, Corrected CACE, est",0.155,0.155,3,1,0.15497614238,1,NA,NA,
coppock_green_2016,table_a2_main_mo_net_migrants_est,Table A2,"MO, Net Migrants, est",17,17,0,1,17.00000000000,1,NA,NA,
coppock_green_2016,table_a2_main_mo_nc_2008_est,Table A2,"MO, Nc 2008, est",35535,35535,0,1,35535.00000000000,1,NA,NA,
coppock_green_2016,table_a2_main_mo_cace_08_12_est,Table A2,"MO, CACE 08-12, est",0.155,0.155,3,1,0.15500000000,1,NA,NA,
coppock_green_2016,table_a2_main_mo_bias_estimate_est,Table A2,"MO, Bias Estimate, est",0.000,0.000,3,1,0.00007418774,1,NA,NA,
coppock_green_2016,table_a2_main_mo_corrected_cace_est,Table A2,"MO, Corrected CACE, est",0.155,0.155,3,1,0.15492581226,1,NA,NA,
coppock_green_2016,table_a2_main_mt_net_migrants_est,Table A2,"MT, Net Migrants, est",50,50,0,1,50.00000000000,1,NA,NA,
coppock_green_2016,table_a2_main_mt_nc_2008_est,Table A2,"MT, Nc 2008, est",6770,6770,0,1,6770.00000000000,1,NA,NA,
coppock_green_2016,table_a2_main_mt_cace_08_12_est,Table A2,"MT, CACE 08-12, est",0.111,0.111,3,1,0.11100000000,1,NA,NA,
coppock_green_2016,table_a2_main_mt_bias_estimate_est,Table A2,"MT, Bias Estimate, est",0.001,0.001,3,1,0.00082589286,1,NA,NA,
coppock_green_2016,table_a2_main_mt_corrected_cace_est,Table A2,"MT, Corrected CACE, est",0.110,0.110,3,1,0.11017410714,1,NA,NA,
coppock_green_2016,table_a2_main_ky_net_migrants_est,Table A2,"KY, Net Migrants, est",133,133,0,1,133.00000000000,1,NA,NA,
coppock_green_2016,table_a2_main_ky_nc_2008_est,Table A2,"KY, Nc 2008, est",21964,21964,0,1,21964.00000000000,1,NA,NA,
coppock_green_2016,table_a2_main_ky_cace_08_12_est,Table A2,"KY, CACE 08-12, est",0.075,0.075,3,1,0.07500000000,1,NA,NA,
coppock_green_2016,table_a2_main_ky_bias_estimate_est,Table A2,"KY, Bias Estimate, est",0.000,0.000,3,1,0.00045691906,1,NA,NA,
coppock_green_2016,table_a2_main_ky_corrected_cace_est,Table A2,"KY, Corrected CACE, est",0.075,0.075,3,1,0.07454308094,1,NA,NA,
coppock_green_2016,table_a2_main_or_net_migrants_est,Table A2,"OR, Net Migrants, est",134,134,0,1,134.00000000000,1,NA,NA,
coppock_green_2016,table_a2_main_or_nc_2008_est,Table A2,"OR, Nc 2008, est",17853,17853,0,1,17853.00000000000,1,NA,NA,
coppock_green_2016,table_a2_main_or_cace_08_12_est,Table A2,"OR, CACE 08-12, est",0.108,0.108,3,1,0.10800000000,1,NA,NA,
coppock_green_2016,table_a2_main_or_bias_estimate_est,Table A2,"OR, Bias Estimate, est",0.001,0.001,3,1,0.00081675038,1,NA,NA,
coppock_green_2016,table_a2_main_or_corrected_cace_est,Table A2,"OR, Corrected CACE, est",0.107,0.107,3,1,0.10718324962,1,NA,NA,
coppock_green_2016,table_a2_main_ar_net_migrants_est,Table A2,"AR, Net Migrants, est",183,183,0,1,183.00000000000,1,NA,NA,
coppock_green_2016,table_a2_main_ar_nc_2008_est,Table A2,"AR, Nc 2008, est",11778,11778,0,1,11778.00000000000,1,NA,NA,
coppock_green_2016,table_a2_main_ar_cace_08_12_est,Table A2,"AR, CACE 08-12, est",0.200,0.200,3,1,0.20000000000,1,NA,NA,
coppock_green_2016,table_a2_main_ar_bias_estimate_est,Table A2,"AR, Bias Estimate, est",0.003,0.003,3,1,0.00315653299,1,NA,NA,
coppock_green_2016,table_a2_main_ar_corrected_cace_est,Table A2,"AR, Corrected CACE, est",0.197,0.197,3,1,0.19684346701,1,NA,NA,
coppock_green_2016,table_a2_main_ny_net_migrants_est,Table A2,"NY, Net Migrants, est",292,292,0,1,292.00000000000,1,NA,NA,
coppock_green_2016,table_a2_main_ny_nc_2008_est,Table A2,"NY, Nc 2008, est",79908,79908,0,1,79908.00000000000,1,NA,NA,
coppock_green_2016,table_a2_main_ny_cace_08_12_est,Table A2,"NY, CACE 08-12, est",0.068,0.068,3,1,0.06800000000,1,NA,NA,
coppock_green_2016,table_a2_main_ny_bias_estimate_est,Table A2,"NY, Bias Estimate, est",0.000,0.000,3,1,0.00024939711,1,NA,NA,
coppock_green_2016,table_a2_main_ny_corrected_cace_est,Table A2,"NY, Corrected CACE, est",0.068,0.068,3,1,0.06775060289,1,NA,NA,
coppock_green_2016,table_a2_main_fl_net_migrants_est,Table A2,"FL, Net Migrants, est",641,641,0,1,641.00000000001,1,NA,NA,
coppock_green_2016,table_a2_main_fl_nc_2008_est,Table A2,"FL, Nc 2008, est",88519,88519,0,1,88519.00000000000,1,NA,NA,
coppock_green_2016,table_a2_main_fl_cace_08_12_est,Table A2,"FL, CACE 08-12, est",0.105,0.105,3,1,0.10500000000,1,NA,NA,
coppock_green_2016,table_a2_main_fl_bias_estimate_est,Table A2,"FL, Bias Estimate, est",0.001,0.001,3,1,0.00076589135,1,NA,NA,
coppock_green_2016,table_a2_main_fl_corrected_cace_est,Table A2,"FL, Corrected CACE, est",0.104,0.104,3,1,0.10423410865,1,NA,NA,
coppock_green_2016,table_a2_main_il_net_migrants_est,Table A2,"IL, Net Migrants, est",750,750,0,1,750.00000000000,1,NA,NA,
coppock_green_2016,table_a2_main_il_nc_2008_est,Table A2,"IL, Nc 2008, est",58991,58991,0,1,58991.00000000000,1,NA,NA,
coppock_green_2016,table_a2_main_il_cace_08_12_est,Table A2,"IL, CACE 08-12, est",0.080,0.080,3,1,0.08000000000,1,NA,NA,
coppock_green_2016,table_a2_main_il_bias_estimate_est,Table A2,"IL, Bias Estimate, est",0.001,0.001,3,1,0.00103020209,1,NA,NA,
coppock_green_2016,table_a2_main_il_corrected_cace_est,Table A2,"IL, Corrected CACE, est",0.079,0.079,3,1,0.07896979791,1,NA,NA,
coppock_green_2016,table_a6_no_additional_controls_difference_in_means_90_days_est,Table A6,"Difference-in-Means, 90 Days (No additional controls), est",0.132,0.132,3,1,0.13243082757,1,NA,NA,
coppock_green_2016,table_a6_no_additional_controls_difference_in_means_180_days_est,Table A6,"Difference-in-Means, 180 Days (No additional controls), est",0.132,0.132,3,1,0.13178561791,1,NA,NA,
coppock_green_2016,table_a6_no_additional_controls_difference_in_means_270_days_est,Table A6,"Difference-in-Means, 270 Days (No additional controls), est",0.125,0.125,3,1,0.12470602545,1,NA,NA,
coppock_green_2016,table_a6_no_additional_controls_difference_in_means_365_days_est,Table A6,"Difference-in-Means, 365 Days (No additional controls), est",0.110,0.110,3,1,0.11043373966,1,NA,NA,
coppock_green_2016,table_a6_no_additional_controls_difference_in_means_455_days_est,Table A6,"Difference-in-Means, 455 Days (No additional controls), est",0.124,0.124,3,1,0.12449783255,1,NA,NA,
coppock_green_2016,table_a6_no_additional_controls_difference_in_means_545_days_est,Table A6,"Difference-in-Means, 545 Days (No additional controls), est",0.131,0.131,3,1,0.13060394470,1,NA,NA,
coppock_green_2016,table_a6_no_additional_controls_difference_in_means_635_days_est,Table A6,"Difference-in-Means, 635 Days (No additional controls), est",0.126,0.126,3,1,0.12622245692,1,NA,NA,
coppock_green_2016,table_a6_no_additional_controls_difference_in_means_730_days_est,Table A6,"Difference-in-Means, 730 Days (No additional controls), est",0.120,0.120,3,1,0.11967533841,1,NA,NA,
coppock_green_2016,table_a6_no_additional_controls_difference_in_means_90_days_se,Table A6,"Difference-in-Means, 90 Days (No additional controls), se",0.006,0.006,3,1,0.00555450241,1,NA,NA,
coppock_green_2016,table_a6_no_additional_controls_difference_in_means_180_days_se,Table A6,"Difference-in-Means, 180 Days (No additional controls), se",0.004,0.004,3,1,0.00402630071,1,NA,NA,
coppock_green_2016,table_a6_no_additional_controls_difference_in_means_270_days_se,Table A6,"Difference-in-Means, 270 Days (No additional controls), se",0.003,0.003,3,1,0.00334944957,1,NA,NA,
coppock_green_2016,table_a6_no_additional_controls_difference_in_means_365_days_se,Table A6,"Difference-in-Means, 365 Days (No additional controls), se",0.003,0.003,3,1,0.00302705677,1,NA,NA,
coppock_green_2016,table_a6_no_additional_controls_difference_in_means_455_days_se,Table A6,"Difference-in-Means, 455 Days (No additional controls), se",0.003,0.003,3,1,0.00271441458,1,NA,NA,
coppock_green_2016,table_a6_no_additional_controls_difference_in_means_545_days_se,Table A6,"Difference-in-Means, 545 Days (No additional controls), se",0.002,0.002,3,1,0.00248333965,1,NA,NA,
coppock_green_2016,table_a6_no_additional_controls_difference_in_means_635_days_se,Table A6,"Difference-in-Means, 635 Days (No additional controls), se",0.002,0.002,3,1,0.00232168075,1,NA,NA,
coppock_green_2016,table_a6_no_additional_controls_difference_in_means_730_days_se,Table A6,"Difference-in-Means, 730 Days (No additional controls), se",0.002,0.002,3,1,0.00220753821,1,NA,NA,
coppock_green_2016,table_a6_no_additional_controls_first_order_polynomial_90_days_est,Table A6,"First-order Polynomial, 90 Days (No additional controls), est",0.068,0.068,3,1,0.06812983001,1,NA,NA,
coppock_green_2016,table_a6_no_additional_controls_first_order_polynomial_180_days_est,Table A6,"First-order Polynomial, 180 Days (No additional controls), est",0.122,0.122,3,1,0.12208502689,1,NA,NA,
coppock_green_2016,table_a6_no_additional_controls_first_order_polynomial_270_days_est,Table A6,"First-order Polynomial, 270 Days (No additional controls), est",0.137,0.137,3,1,0.13669937342,1,NA,NA,
coppock_green_2016,table_a6_no_additional_controls_first_order_polynomial_365_days_est,Table A6,"First-order Polynomial, 365 Days (No additional controls), est",0.148,0.148,3,1,0.14787902940,1,NA,NA,
coppock_green_2016,table_a6_no_additional_controls_first_order_polynomial_455_days_est,Table A6,"First-order Polynomial, 455 Days (No additional controls), est",0.115,0.115,3,1,0.11518719783,1,NA,NA,
coppock_green_2016,table_a6_no_additional_controls_first_order_polynomial_545_days_est,Table A6,"First-order Polynomial, 545 Days (No additional controls), est",0.111,0.111,3,1,0.11092678235,1,NA,NA,
coppock_green_2016,table_a6_no_additional_controls_first_order_polynomial_635_days_est,Table A6,"First-order Polynomial, 635 Days (No additional controls), est",0.125,0.125,3,1,0.12489922792,1,NA,NA,
coppock_green_2016,table_a6_no_additional_controls_first_order_polynomial_730_days_est,Table A6,"First-order Polynomial, 730 Days (No additional controls), est",0.136,0.136,3,1,0.13586687541,1,NA,NA,
coppock_green_2016,table_a6_no_additional_controls_first_order_polynomial_90_days_se,Table A6,"First-order Polynomial, 90 Days (No additional controls), se",0.012,0.012,3,1,0.01157731424,1,NA,NA,
coppock_green_2016,table_a6_no_additional_controls_first_order_polynomial_180_days_se,Table A6,"First-order Polynomial, 180 Days (No additional controls), se",0.008,0.008,3,1,0.00779520131,1,NA,NA,
coppock_green_2016,table_a6_no_additional_controls_first_order_polynomial_270_days_se,Table A6,"First-order Polynomial, 270 Days (No additional controls), se",0.006,0.006,3,1,0.00627058127,1,NA,NA,
coppock_green_2016,table_a6_no_additional_controls_first_order_polynomial_365_days_se,Table A6,"First-order Polynomial, 365 Days (No additional controls), se",0.005,0.005,3,1,0.00543438580,1,NA,NA,
coppock_green_2016,table_a6_no_additional_controls_first_order_polynomial_455_days_se,Table A6,"First-order Polynomial, 455 Days (No additional controls), se",0.005,0.005,3,1,0.00505794355,1,NA,NA,
coppock_green_2016,table_a6_no_additional_controls_first_order_polynomial_545_days_se,Table A6,"First-order Polynomial, 545 Days (No additional controls), se",0.005,0.005,3,1,0.00463427394,1,NA,NA,
coppock_green_2016,table_a6_no_additional_controls_first_order_polynomial_635_days_se,Table A6,"First-order Polynomial, 635 Days (No additional controls), se",0.004,0.004,3,1,0.00424420947,1,NA,NA,
coppock_green_2016,table_a6_no_additional_controls_first_order_polynomial_730_days_se,Table A6,"First-order Polynomial, 730 Days (No additional controls), se",0.004,0.004,3,1,0.00395024638,1,NA,NA,
coppock_green_2016,table_a6_no_additional_controls_second_order_polynomial_90_days_est,Table A6,"Second-order Polynomial, 90 Days (No additional controls), est",-0.028,-0.028,3,1,-0.02738296983,0,NA,environment,Published -0.028; the rewrite gives -0.027 at the page's precision.
coppock_green_2016,table_a6_no_additional_controls_second_order_polynomial_180_days_est,Table A6,"Second-order Polynomial, 180 Days (No additional controls), est",0.057,0.057,3,1,0.05713708259,1,NA,NA,
coppock_green_2016,table_a6_no_additional_controls_second_order_polynomial_270_days_est,Table A6,"Second-order Polynomial, 270 Days (No additional controls), est",0.098,0.098,3,1,0.09790193124,1,NA,NA,
coppock_green_2016,table_a6_no_additional_controls_second_order_polynomial_365_days_est,Table A6,"Second-order Polynomial, 365 Days (No additional controls), est",0.123,0.123,3,1,0.12333556298,1,NA,NA,
coppock_green_2016,table_a6_no_additional_controls_second_order_polynomial_455_days_est,Table A6,"Second-order Polynomial, 455 Days (No additional controls), est",0.155,0.155,3,1,0.15525088264,1,NA,NA,
coppock_green_2016,table_a6_no_additional_controls_second_order_polynomial_545_days_est,Table A6,"Second-order Polynomial, 545 Days (No additional controls), est",0.144,0.144,3,1,0.14409036364,1,NA,NA,
coppock_green_2016,table_a6_no_additional_controls_second_order_polynomial_635_days_est,Table A6,"Second-order Polynomial, 635 Days (No additional controls), est",0.118,0.118,3,1,0.11821576041,1,NA,NA,
coppock_green_2016,table_a6_no_additional_controls_second_order_polynomial_730_days_est,Table A6,"Second-order Polynomial, 730 Days (No additional controls), est",0.108,0.108,3,1,0.10819311306,1,NA,NA,
coppock_green_2016,table_a6_no_additional_controls_second_order_polynomial_90_days_se,Table A6,"Second-order Polynomial, 90 Days (No additional controls), se",0.019,0.019,3,1,0.01916321721,1,NA,NA,
coppock_green_2016,table_a6_no_additional_controls_second_order_polynomial_180_days_se,Table A6,"Second-order Polynomial, 180 Days (No additional controls), se",0.013,0.013,3,1,0.01258387938,1,NA,NA,
coppock_green_2016,table_a6_no_additional_controls_second_order_polynomial_270_days_se,Table A6,"Second-order Polynomial, 270 Days (No additional controls), se",0.010,0.010,3,1,0.00983775460,1,NA,NA,
coppock_green_2016,table_a6_no_additional_controls_second_order_polynomial_365_days_se,Table A6,"Second-order Polynomial, 365 Days (No additional controls), se",0.008,0.008,3,1,0.00844991564,1,NA,NA,
coppock_green_2016,table_a6_no_additional_controls_second_order_polynomial_455_days_se,Table A6,"Second-order Polynomial, 455 Days (No additional controls), se",0.007,0.007,3,1,0.00675472701,1,NA,NA,
coppock_green_2016,table_a6_no_additional_controls_second_order_polynomial_545_days_se,Table A6,"Second-order Polynomial, 545 Days (No additional controls), se",0.007,0.007,3,1,0.00666200089,1,NA,NA,
coppock_green_2016,table_a6_no_additional_controls_second_order_polynomial_635_days_se,Table A6,"Second-order Polynomial, 635 Days (No additional controls), se",0.007,0.007,3,1,0.00662390683,1,NA,NA,
coppock_green_2016,table_a6_no_additional_controls_second_order_polynomial_730_days_se,Table A6,"Second-order Polynomial, 730 Days (No additional controls), se",0.006,0.006,3,1,0.00639787026,1,NA,NA,
coppock_green_2016,table_a6_no_additional_controls_third_order_polynomial_90_days_est,Table A6,"Third-order Polynomial, 90 Days (No additional controls), est",-0.063,-0.063,3,1,-0.06293548302,1,NA,NA,
coppock_green_2016,table_a6_no_additional_controls_third_order_polynomial_180_days_est,Table A6,"Third-order Polynomial, 180 Days (No additional controls), est",-0.016,-0.016,3,1,-0.01647088305,1,NA,NA,
coppock_green_2016,table_a6_no_additional_controls_third_order_polynomial_270_days_est,Table A6,"Third-order Polynomial, 270 Days (No additional controls), est",0.044,0.044,3,1,0.04420081389,1,NA,NA,
coppock_green_2016,table_a6_no_additional_controls_third_order_polynomial_365_days_est,Table A6,"Third-order Polynomial, 365 Days (No additional controls), est",0.063,0.063,3,1,0.06276090537,1,NA,NA,
coppock_green_2016,table_a6_no_additional_controls_third_order_polynomial_455_days_est,Table A6,"Third-order Polynomial, 455 Days (No additional controls), est",0.073,0.073,3,1,0.07270393932,1,NA,NA,
coppock_green_2016,table_a6_no_additional_controls_third_order_polynomial_545_days_est,Table A6,"Third-order Polynomial, 545 Days (No additional controls), est",0.126,0.126,3,1,0.12566531452,1,NA,NA,
coppock_green_2016,table_a6_no_additional_controls_third_order_polynomial_635_days_est,Table A6,"Third-order Polynomial, 635 Days (No additional controls), est",0.129,0.129,3,1,0.12938109357,1,NA,NA,
coppock_green_2016,table_a6_no_additional_controls_third_order_polynomial_730_days_est,Table A6,"Third-order Polynomial, 730 Days (No additional controls), est",0.128,0.128,3,1,0.12770014156,1,NA,NA,
coppock_green_2016,table_a6_no_additional_controls_third_order_polynomial_90_days_se,Table A6,"Third-order Polynomial, 90 Days (No additional controls), se",0.032,0.032,3,1,0.03214862874,1,NA,NA,
coppock_green_2016,table_a6_no_additional_controls_third_order_polynomial_180_days_se,Table A6,"Third-order Polynomial, 180 Days (No additional controls), se",0.021,0.021,3,1,0.02100637828,1,NA,NA,
coppock_green_2016,table_a6_no_additional_controls_third_order_polynomial_270_days_se,Table A6,"Third-order Polynomial, 270 Days (No additional controls), se",0.015,0.015,3,1,0.01542162710,1,NA,NA,
coppock_green_2016,table_a6_no_additional_controls_third_order_polynomial_365_days_se,Table A6,"Third-order Polynomial, 365 Days (No additional controls), se",0.013,0.013,3,1,0.01337807428,1,NA,NA,
coppock_green_2016,table_a6_no_additional_controls_third_order_polynomial_455_days_se,Table A6,"Third-order Polynomial, 455 Days (No additional controls), se",0.012,0.012,3,1,0.01244688900,1,NA,NA,
coppock_green_2016,table_a6_no_additional_controls_third_order_polynomial_545_days_se,Table A6,"Third-order Polynomial, 545 Days (No additional controls), se",0.009,0.009,3,1,0.00868768359,1,NA,NA,
coppock_green_2016,table_a6_no_additional_controls_third_order_polynomial_635_days_se,Table A6,"Third-order Polynomial, 635 Days (No additional controls), se",0.008,0.008,3,1,0.00780850247,1,NA,NA,
coppock_green_2016,table_a6_no_additional_controls_third_order_polynomial_730_days_se,Table A6,"Third-order Polynomial, 730 Days (No additional controls), se",0.007,0.007,3,1,0.00723669561,1,NA,NA,
coppock_green_2016,table_a6_controls_for_lagged_vote_totals_difference_in_means_90_days_est,Table A6,"Difference-in-Means, 90 Days (Controls for lagged vote totals), est",0.108,0.108,3,1,0.10829954136,1,NA,NA,
coppock_green_2016,table_a6_controls_for_lagged_vote_totals_difference_in_means_180_days_est,Table A6,"Difference-in-Means, 180 Days (Controls for lagged vote totals), est",0.118,0.118,3,1,0.11839453846,1,NA,NA,
coppock_green_2016,table_a6_controls_for_lagged_vote_totals_difference_in_means_270_days_est,Table A6,"Difference-in-Means, 270 Days (Controls for lagged vote totals), est",0.124,0.124,3,1,0.12362186856,1,NA,NA,
coppock_green_2016,table_a6_controls_for_lagged_vote_totals_difference_in_means_365_days_est,Table A6,"Difference-in-Means, 365 Days (Controls for lagged vote totals), est",0.119,0.119,3,1,0.11911111573,1,NA,NA,
coppock_green_2016,table_a6_controls_for_lagged_vote_totals_difference_in_means_455_days_est,Table A6,"Difference-in-Means, 455 Days (Controls for lagged vote totals), est",0.118,0.118,3,1,0.11782943367,1,NA,NA,
coppock_green_2016,table_a6_controls_for_lagged_vote_totals_difference_in_means_545_days_est,Table A6,"Difference-in-Means, 545 Days (Controls for lagged vote totals), est",0.117,0.117,3,1,0.11655993306,1,NA,NA,
coppock_green_2016,table_a6_controls_for_lagged_vote_totals_difference_in_means_635_days_est,Table A6,"Difference-in-Means, 635 Days (Controls for lagged vote totals), est",0.110,0.110,3,1,0.10989504842,1,NA,NA,
coppock_green_2016,table_a6_controls_for_lagged_vote_totals_difference_in_means_730_days_est,Table A6,"Difference-in-Means, 730 Days (Controls for lagged vote totals), est",0.103,0.103,3,1,0.10266511177,1,NA,NA,
coppock_green_2016,table_a6_controls_for_lagged_vote_totals_difference_in_means_90_days_se,Table A6,"Difference-in-Means, 90 Days (Controls for lagged vote totals), se",0.005,0.005,3,1,0.00482958030,1,NA,NA,
coppock_green_2016,table_a6_controls_for_lagged_vote_totals_difference_in_means_180_days_se,Table A6,"Difference-in-Means, 180 Days (Controls for lagged vote totals), se",0.003,0.003,3,1,0.00343263277,1,NA,NA,
coppock_green_2016,table_a6_controls_for_lagged_vote_totals_difference_in_means_270_days_se,Table A6,"Difference-in-Means, 270 Days (Controls for lagged vote totals), se",0.003,0.003,3,1,0.00282333778,1,NA,NA,
coppock_green_2016,table_a6_controls_for_lagged_vote_totals_difference_in_means_365_days_se,Table A6,"Difference-in-Means, 365 Days (Controls for lagged vote totals), se",0.003,0.003,3,1,0.00252138886,1,NA,NA,
coppock_green_2016,table_a6_controls_for_lagged_vote_totals_difference_in_means_455_days_se,Table A6,"Difference-in-Means, 455 Days (Controls for lagged vote totals), se",0.002,0.002,3,1,0.00230455773,1,NA,NA,
coppock_green_2016,table_a6_controls_for_lagged_vote_totals_difference_in_means_545_days_se,Table A6,"Difference-in-Means, 545 Days (Controls for lagged vote totals), se",0.002,0.002,3,1,0.00213830727,1,NA,NA,
coppock_green_2016,table_a6_controls_for_lagged_vote_totals_difference_in_means_635_days_se,Table A6,"Difference-in-Means, 635 Days (Controls for lagged vote totals), se",0.002,0.002,3,1,0.00201772520,1,NA,NA,
coppock_green_2016,table_a6_controls_for_lagged_vote_totals_difference_in_means_730_days_se,Table A6,"Difference-in-Means, 730 Days (Controls for lagged vote totals), se",0.002,0.002,3,1,0.00192679133,1,NA,NA,
coppock_green_2016,table_a6_controls_for_lagged_vote_totals_first_order_polynomial_90_days_est,Table A6,"First-order Polynomial, 90 Days (Controls for lagged vote totals), est",0.058,0.058,3,1,0.05765680150,1,NA,NA,
coppock_green_2016,table_a6_controls_for_lagged_vote_totals_first_order_polynomial_180_days_est,Table A6,"First-order Polynomial, 180 Days (Controls for lagged vote totals), est",0.089,0.089,3,1,0.08898092942,1,NA,NA,
coppock_green_2016,table_a6_controls_for_lagged_vote_totals_first_order_polynomial_270_days_est,Table A6,"First-order Polynomial, 270 Days (Controls for lagged vote totals), est",0.101,0.101,3,1,0.10138825120,1,NA,NA,
coppock_green_2016,table_a6_controls_for_lagged_vote_totals_first_order_polynomial_365_days_est,Table A6,"First-order Polynomial, 365 Days (Controls for lagged vote totals), est",0.117,0.117,3,1,0.11723830389,1,NA,NA,
coppock_green_2016,table_a6_controls_for_lagged_vote_totals_first_order_polynomial_455_days_est,Table A6,"First-order Polynomial, 455 Days (Controls for lagged vote totals), est",0.118,0.118,3,1,0.11836245177,1,NA,NA,
coppock_green_2016,table_a6_controls_for_lagged_vote_totals_first_order_polynomial_545_days_est,Table A6,"First-order Polynomial, 545 Days (Controls for lagged vote totals), est",0.121,0.121,3,1,0.12107182739,1,NA,NA,
coppock_green_2016,table_a6_controls_for_lagged_vote_totals_first_order_polynomial_635_days_est,Table A6,"First-order Polynomial, 635 Days (Controls for lagged vote totals), est",0.130,0.130,3,1,0.12991463849,1,NA,NA,
coppock_green_2016,table_a6_controls_for_lagged_vote_totals_first_order_polynomial_730_days_est,Table A6,"First-order Polynomial, 730 Days (Controls for lagged vote totals), est",0.136,0.136,3,1,0.13582463691,1,NA,NA,
coppock_green_2016,table_a6_controls_for_lagged_vote_totals_first_order_polynomial_90_days_se,Table A6,"First-order Polynomial, 90 Days (Controls for lagged vote totals), se",0.010,0.010,3,1,0.00964596952,1,NA,NA,
coppock_green_2016,table_a6_controls_for_lagged_vote_totals_first_order_polynomial_180_days_se,Table A6,"First-order Polynomial, 180 Days (Controls for lagged vote totals), se",0.007,0.007,3,1,0.00667682900,1,NA,NA,
coppock_green_2016,table_a6_controls_for_lagged_vote_totals_first_order_polynomial_270_days_se,Table A6,"First-order Polynomial, 270 Days (Controls for lagged vote totals), se",0.005,0.005,3,1,0.00543330829,1,NA,NA,
coppock_green_2016,table_a6_controls_for_lagged_vote_totals_first_order_polynomial_365_days_se,Table A6,"First-order Polynomial, 365 Days (Controls for lagged vote totals), se",0.005,0.005,3,1,0.00468660358,1,NA,NA,
coppock_green_2016,table_a6_controls_for_lagged_vote_totals_first_order_polynomial_455_days_se,Table A6,"First-order Polynomial, 455 Days (Controls for lagged vote totals), se",0.004,0.004,3,1,0.00418342789,1,NA,NA,
coppock_green_2016,table_a6_controls_for_lagged_vote_totals_first_order_polynomial_545_days_se,Table A6,"First-order Polynomial, 545 Days (Controls for lagged vote totals), se",0.004,0.004,3,1,0.00381152827,1,NA,NA,
coppock_green_2016,table_a6_controls_for_lagged_vote_totals_first_order_polynomial_635_days_se,Table A6,"First-order Polynomial, 635 Days (Controls for lagged vote totals), se",0.004,0.004,3,1,0.00351724637,1,NA,NA,
coppock_green_2016,table_a6_controls_for_lagged_vote_totals_first_order_polynomial_730_days_se,Table A6,"First-order Polynomial, 730 Days (Controls for lagged vote totals), se",0.003,0.003,3,1,0.00330146690,1,NA,NA,
coppock_green_2016,table_a6_controls_for_lagged_vote_totals_second_order_polynomial_90_days_est,Table A6,"Second-order Polynomial, 90 Days (Controls for lagged vote totals), est",0.016,0.016,3,1,0.01576690682,1,NA,NA,
coppock_green_2016,table_a6_controls_for_lagged_vote_totals_second_order_polynomial_180_days_est,Table A6,"Second-order Polynomial, 180 Days (Controls for lagged vote totals), est",0.055,0.055,3,1,0.05533333788,1,NA,NA,
coppock_green_2016,table_a6_controls_for_lagged_vote_totals_second_order_polynomial_270_days_est,Table A6,"Second-order Polynomial, 270 Days (Controls for lagged vote totals), est",0.074,0.074,3,1,0.07378758820,1,NA,NA,
coppock_green_2016,table_a6_controls_for_lagged_vote_totals_second_order_polynomial_365_days_est,Table A6,"Second-order Polynomial, 365 Days (Controls for lagged vote totals), est",0.083,0.083,3,1,0.08251458955,1,NA,NA,
coppock_green_2016,table_a6_controls_for_lagged_vote_totals_second_order_polynomial_455_days_est,Table A6,"Second-order Polynomial, 455 Days (Controls for lagged vote totals), est",0.102,0.102,3,1,0.10174015139,1,NA,NA,
coppock_green_2016,table_a6_controls_for_lagged_vote_totals_second_order_polynomial_545_days_est,Table A6,"Second-order Polynomial, 545 Days (Controls for lagged vote totals), est",0.104,0.104,3,1,0.10367880651,1,NA,NA,
coppock_green_2016,table_a6_controls_for_lagged_vote_totals_second_order_polynomial_635_days_est,Table A6,"Second-order Polynomial, 635 Days (Controls for lagged vote totals), est",0.099,0.099,3,1,0.09853941938,1,NA,NA,
coppock_green_2016,table_a6_controls_for_lagged_vote_totals_second_order_polynomial_730_days_est,Table A6,"Second-order Polynomial, 730 Days (Controls for lagged vote totals), est",0.103,0.103,3,1,0.10293139228,1,NA,NA,
coppock_green_2016,table_a6_controls_for_lagged_vote_totals_second_order_polynomial_90_days_se,Table A6,"Second-order Polynomial, 90 Days (Controls for lagged vote totals), se",0.015,0.015,3,1,0.01522125943,1,NA,NA,
coppock_green_2016,table_a6_controls_for_lagged_vote_totals_second_order_polynomial_180_days_se,Table A6,"Second-order Polynomial, 180 Days (Controls for lagged vote totals), se",0.010,0.010,3,1,0.01045848453,1,NA,NA,
coppock_green_2016,table_a6_controls_for_lagged_vote_totals_second_order_polynomial_270_days_se,Table A6,"Second-order Polynomial, 270 Days (Controls for lagged vote totals), se",0.008,0.008,3,1,0.00833104492,1,NA,NA,
coppock_green_2016,table_a6_controls_for_lagged_vote_totals_second_order_polynomial_365_days_se,Table A6,"Second-order Polynomial, 365 Days (Controls for lagged vote totals), se",0.007,0.007,3,1,0.00747777675,1,NA,NA,
coppock_green_2016,table_a6_controls_for_lagged_vote_totals_second_order_polynomial_455_days_se,Table A6,"Second-order Polynomial, 455 Days (Controls for lagged vote totals), se",0.006,0.006,3,1,0.00634763792,1,NA,NA,
coppock_green_2016,table_a6_controls_for_lagged_vote_totals_second_order_polynomial_545_days_se,Table A6,"Second-order Polynomial, 545 Days (Controls for lagged vote totals), se",0.006,0.006,3,1,0.00606048868,1,NA,NA,
coppock_green_2016,table_a6_controls_for_lagged_vote_totals_second_order_polynomial_635_days_se,Table A6,"Second-order Polynomial, 635 Days (Controls for lagged vote totals), se",0.006,0.006,3,1,0.00570891514,1,NA,NA,
coppock_green_2016,table_a6_controls_for_lagged_vote_totals_second_order_polynomial_730_days_se,Table A6,"Second-order Polynomial, 730 Days (Controls for lagged vote totals), se",0.005,0.005,3,1,0.00536016165,1,NA,NA,
coppock_green_2016,table_a6_controls_for_lagged_vote_totals_third_order_polynomial_90_days_est,Table A6,"Third-order Polynomial, 90 Days (Controls for lagged vote totals), est",0.012,0.012,3,1,0.01201058906,1,NA,NA,
coppock_green_2016,table_a6_controls_for_lagged_vote_totals_third_order_polynomial_180_days_est,Table A6,"Third-order Polynomial, 180 Days (Controls for lagged vote totals), est",0.035,0.035,3,1,0.03542548654,1,NA,NA,
coppock_green_2016,table_a6_controls_for_lagged_vote_totals_third_order_polynomial_270_days_est,Table A6,"Third-order Polynomial, 270 Days (Controls for lagged vote totals), est",0.050,0.050,3,1,0.04959710271,1,NA,NA,
coppock_green_2016,table_a6_controls_for_lagged_vote_totals_third_order_polynomial_365_days_est,Table A6,"Third-order Polynomial, 365 Days (Controls for lagged vote totals), est",0.056,0.056,3,1,0.05594305276,1,NA,NA,
coppock_green_2016,table_a6_controls_for_lagged_vote_totals_third_order_polynomial_455_days_est,Table A6,"Third-order Polynomial, 455 Days (Controls for lagged vote totals), est",0.060,0.060,3,1,0.06034978719,1,NA,NA,
coppock_green_2016,table_a6_controls_for_lagged_vote_totals_third_order_polynomial_545_days_est,Table A6,"Third-order Polynomial, 545 Days (Controls for lagged vote totals), est",0.086,0.086,3,1,0.08617343072,1,NA,NA,
coppock_green_2016,table_a6_controls_for_lagged_vote_totals_third_order_polynomial_635_days_est,Table A6,"Third-order Polynomial, 635 Days (Controls for lagged vote totals), est",0.095,0.095,3,1,0.09452818568,1,NA,NA,
coppock_green_2016,table_a6_controls_for_lagged_vote_totals_third_order_polynomial_730_days_est,Table A6,"Third-order Polynomial, 730 Days (Controls for lagged vote totals), est",0.097,0.097,3,1,0.09730478900,1,NA,NA,
coppock_green_2016,table_a6_controls_for_lagged_vote_totals_third_order_polynomial_90_days_se,Table A6,"Third-order Polynomial, 90 Days (Controls for lagged vote totals), se",0.022,0.022,3,1,0.02237481521,1,NA,NA,
coppock_green_2016,table_a6_controls_for_lagged_vote_totals_third_order_polynomial_180_days_se,Table A6,"Third-order Polynomial, 180 Days (Controls for lagged vote totals), se",0.015,0.015,3,1,0.01541101011,1,NA,NA,
coppock_green_2016,table_a6_controls_for_lagged_vote_totals_third_order_polynomial_270_days_se,Table A6,"Third-order Polynomial, 270 Days (Controls for lagged vote totals), se",0.012,0.012,3,1,0.01244493545,1,NA,NA,
coppock_green_2016,table_a6_controls_for_lagged_vote_totals_third_order_polynomial_365_days_se,Table A6,"Third-order Polynomial, 365 Days (Controls for lagged vote totals), se",0.010,0.010,3,1,0.01034979236,1,NA,NA,
coppock_green_2016,table_a6_controls_for_lagged_vote_totals_third_order_polynomial_455_days_se,Table A6,"Third-order Polynomial, 455 Days (Controls for lagged vote totals), se",0.010,0.010,3,1,0.01027461336,1,NA,NA,
coppock_green_2016,table_a6_controls_for_lagged_vote_totals_third_order_polynomial_545_days_se,Table A6,"Third-order Polynomial, 545 Days (Controls for lagged vote totals), se",0.009,0.009,3,1,0.00857749450,1,NA,NA,
coppock_green_2016,table_a6_controls_for_lagged_vote_totals_third_order_polynomial_635_days_se,Table A6,"Third-order Polynomial, 635 Days (Controls for lagged vote totals), se",0.009,0.009,3,1,0.00849189643,0,NA,environment,Published 0.009; the rewrite gives 0.008 at the page's precision.
coppock_green_2016,table_a6_controls_for_lagged_vote_totals_third_order_polynomial_730_days_se,Table A6,"Third-order Polynomial, 730 Days (Controls for lagged vote totals), se",0.007,0.007,3,1,0.00743467432,1,NA,NA,
coppock_green_2016,table_a7_no_additional_controls_difference_in_means_90_days_est,Table A7,"Difference-in-Means, 90 Days (No additional controls), est",0.121,0.121,3,1,0.12069219431,1,NA,NA,
coppock_green_2016,table_a7_no_additional_controls_difference_in_means_180_days_est,Table A7,"Difference-in-Means, 180 Days (No additional controls), est",0.116,0.116,3,1,0.11576752843,1,NA,NA,
coppock_green_2016,table_a7_no_additional_controls_difference_in_means_270_days_est,Table A7,"Difference-in-Means, 270 Days (No additional controls), est",0.095,0.095,3,1,0.09523051638,1,NA,NA,
coppock_green_2016,table_a7_no_additional_controls_difference_in_means_365_days_est,Table A7,"Difference-in-Means, 365 Days (No additional controls), est",0.071,0.071,3,1,0.07121636201,1,NA,NA,
coppock_green_2016,table_a7_no_additional_controls_difference_in_means_455_days_est,Table A7,"Difference-in-Means, 455 Days (No additional controls), est",0.087,0.087,3,1,0.08674813578,1,NA,NA,
coppock_green_2016,table_a7_no_additional_controls_difference_in_means_545_days_est,Table A7,"Difference-in-Means, 545 Days (No additional controls), est",0.092,0.092,3,1,0.09195225494,1,NA,NA,
coppock_green_2016,table_a7_no_additional_controls_difference_in_means_635_days_est,Table A7,"Difference-in-Means, 635 Days (No additional controls), est",0.087,0.087,3,1,0.08695822810,1,NA,NA,
coppock_green_2016,table_a7_no_additional_controls_difference_in_means_730_days_est,Table A7,"Difference-in-Means, 730 Days (No additional controls), est",0.076,0.076,3,1,0.07581628760,1,NA,NA,
coppock_green_2016,table_a7_no_additional_controls_difference_in_means_90_days_se,Table A7,"Difference-in-Means, 90 Days (No additional controls), se",0.010,0.010,3,1,0.01001656271,1,NA,NA,
coppock_green_2016,table_a7_no_additional_controls_difference_in_means_180_days_se,Table A7,"Difference-in-Means, 180 Days (No additional controls), se",0.007,0.007,3,1,0.00706976863,1,NA,NA,
coppock_green_2016,table_a7_no_additional_controls_difference_in_means_270_days_se,Table A7,"Difference-in-Means, 270 Days (No additional controls), se",0.006,0.006,3,1,0.00591658528,1,NA,NA,
coppock_green_2016,table_a7_no_additional_controls_difference_in_means_365_days_se,Table A7,"Difference-in-Means, 365 Days (No additional controls), se",0.005,0.005,3,1,0.00515325512,1,NA,NA,
coppock_green_2016,table_a7_no_additional_controls_difference_in_means_455_days_se,Table A7,"Difference-in-Means, 455 Days (No additional controls), se",0.005,0.005,3,1,0.00459716966,1,NA,NA,
coppock_green_2016,table_a7_no_additional_controls_difference_in_means_545_days_se,Table A7,"Difference-in-Means, 545 Days (No additional controls), se",0.004,0.004,3,1,0.00422440099,1,NA,NA,
coppock_green_2016,table_a7_no_additional_controls_difference_in_means_635_days_se,Table A7,"Difference-in-Means, 635 Days (No additional controls), se",0.004,0.004,3,1,0.00394279921,1,NA,NA,
coppock_green_2016,table_a7_no_additional_controls_difference_in_means_730_days_se,Table A7,"Difference-in-Means, 730 Days (No additional controls), se",0.004,0.004,3,1,0.00372409701,1,NA,NA,
coppock_green_2016,table_a7_no_additional_controls_first_order_polynomial_90_days_est,Table A7,"First-order Polynomial, 90 Days (No additional controls), est",0.073,0.073,3,1,0.07274574036,1,NA,NA,
coppock_green_2016,table_a7_no_additional_controls_first_order_polynomial_180_days_est,Table A7,"First-order Polynomial, 180 Days (No additional controls), est",0.111,0.111,3,1,0.11116707478,1,NA,NA,
coppock_green_2016,table_a7_no_additional_controls_first_order_polynomial_270_days_est,Table A7,"First-order Polynomial, 270 Days (No additional controls), est",0.140,0.140,3,1,0.14014325521,1,NA,NA,
coppock_green_2016,table_a7_no_additional_controls_first_order_polynomial_365_days_est,Table A7,"First-order Polynomial, 365 Days (No additional controls), est",0.147,0.147,3,1,0.14720576942,1,NA,NA,
coppock_green_2016,table_a7_no_additional_controls_first_order_polynomial_455_days_est,Table A7,"First-order Polynomial, 455 Days (No additional controls), est",0.103,0.103,3,1,0.10303036452,1,NA,NA,
coppock_green_2016,table_a7_no_additional_controls_first_order_polynomial_545_days_est,Table A7,"First-order Polynomial, 545 Days (No additional controls), est",0.092,0.092,3,1,0.09209590394,1,NA,NA,
coppock_green_2016,table_a7_no_additional_controls_first_order_polynomial_635_days_est,Table A7,"First-order Polynomial, 635 Days (No additional controls), est",0.103,0.103,3,1,0.10269755564,1,NA,NA,
coppock_green_2016,table_a7_no_additional_controls_first_order_polynomial_730_days_est,Table A7,"First-order Polynomial, 730 Days (No additional controls), est",0.117,0.117,3,1,0.11712921991,1,NA,NA,
coppock_green_2016,table_a7_no_additional_controls_first_order_polynomial_90_days_se,Table A7,"First-order Polynomial, 90 Days (No additional controls), se",0.024,0.024,3,1,0.02363892680,1,NA,NA,
coppock_green_2016,table_a7_no_additional_controls_first_order_polynomial_180_days_se,Table A7,"First-order Polynomial, 180 Days (No additional controls), se",0.014,0.014,3,1,0.01447807207,1,NA,NA,
coppock_green_2016,table_a7_no_additional_controls_first_order_polynomial_270_days_se,Table A7,"First-order Polynomial, 270 Days (No additional controls), se",0.011,0.011,3,1,0.01125567837,1,NA,NA,
coppock_green_2016,table_a7_no_additional_controls_first_order_polynomial_365_days_se,Table A7,"First-order Polynomial, 365 Days (No additional controls), se",0.010,0.010,3,1,0.00962639480,1,NA,NA,
coppock_green_2016,table_a7_no_additional_controls_first_order_polynomial_455_days_se,Table A7,"First-order Polynomial, 455 Days (No additional controls), se",0.009,0.009,3,1,0.00898856449,1,NA,NA,
coppock_green_2016,table_a7_no_additional_controls_first_order_polynomial_545_days_se,Table A7,"First-order Polynomial, 545 Days (No additional controls), se",0.008,0.008,3,1,0.00819602773,1,NA,NA,
coppock_green_2016,table_a7_no_additional_controls_first_order_polynomial_635_days_se,Table A7,"First-order Polynomial, 635 Days (No additional controls), se",0.008,0.008,3,1,0.00758148042,1,NA,NA,
coppock_green_2016,table_a7_no_additional_controls_first_order_polynomial_730_days_se,Table A7,"First-order Polynomial, 730 Days (No additional controls), se",0.007,0.007,3,1,0.00703273717,1,NA,NA,
coppock_green_2016,table_a7_no_additional_controls_second_order_polynomial_90_days_est,Table A7,"Second-order Polynomial, 90 Days (No additional controls), est",-0.025,-0.025,3,1,-0.02487789687,1,NA,NA,
coppock_green_2016,table_a7_no_additional_controls_second_order_polynomial_180_days_est,Table A7,"Second-order Polynomial, 180 Days (No additional controls), est",0.043,0.043,3,1,0.04344561305,1,NA,NA,
coppock_green_2016,table_a7_no_additional_controls_second_order_polynomial_270_days_est,Table A7,"Second-order Polynomial, 270 Days (No additional controls), est",0.060,0.060,3,1,0.05987277015,1,NA,NA,
coppock_green_2016,table_a7_no_additional_controls_second_order_polynomial_365_days_est,Table A7,"Second-order Polynomial, 365 Days (No additional controls), est",0.112,0.112,3,1,0.11152737975,1,NA,NA,
coppock_green_2016,table_a7_no_additional_controls_second_order_polynomial_455_days_est,Table A7,"Second-order Polynomial, 455 Days (No additional controls), est",0.160,0.160,3,1,0.16049794810,1,NA,NA,
coppock_green_2016,table_a7_no_additional_controls_second_order_polynomial_545_days_est,Table A7,"Second-order Polynomial, 545 Days (No additional controls), est",0.159,0.159,3,1,0.15947343383,1,NA,NA,
coppock_green_2016,table_a7_no_additional_controls_second_order_polynomial_635_days_est,Table A7,"Second-order Polynomial, 635 Days (No additional controls), est",0.119,0.119,3,1,0.11884649366,1,NA,NA,
coppock_green_2016,table_a7_no_additional_controls_second_order_polynomial_730_days_est,Table A7,"Second-order Polynomial, 730 Days (No additional controls), est",0.098,0.098,3,1,0.09826970422,1,NA,NA,
coppock_green_2016,table_a7_no_additional_controls_second_order_polynomial_90_days_se,Table A7,"Second-order Polynomial, 90 Days (No additional controls), se",0.047,0.047,3,1,0.04652942311,1,NA,NA,
coppock_green_2016,table_a7_no_additional_controls_second_order_polynomial_180_days_se,Table A7,"Second-order Polynomial, 180 Days (No additional controls), se",0.028,0.028,3,1,0.02756434437,1,NA,NA,
coppock_green_2016,table_a7_no_additional_controls_second_order_polynomial_270_days_se,Table A7,"Second-order Polynomial, 270 Days (No additional controls), se",0.020,0.020,3,1,0.01954917371,1,NA,NA,
coppock_green_2016,table_a7_no_additional_controls_second_order_polynomial_365_days_se,Table A7,"Second-order Polynomial, 365 Days (No additional controls), se",0.015,0.015,3,1,0.01534304678,1,NA,NA,
coppock_green_2016,table_a7_no_additional_controls_second_order_polynomial_455_days_se,Table A7,"Second-order Polynomial, 455 Days (No additional controls), se",0.013,0.013,3,1,0.01271688905,1,NA,NA,
coppock_green_2016,table_a7_no_additional_controls_second_order_polynomial_545_days_se,Table A7,"Second-order Polynomial, 545 Days (No additional controls), se",0.012,0.012,3,1,0.01225452453,1,NA,NA,
coppock_green_2016,table_a7_no_additional_controls_second_order_polynomial_635_days_se,Table A7,"Second-order Polynomial, 635 Days (No additional controls), se",0.012,0.012,3,1,0.01166570215,1,NA,NA,
coppock_green_2016,table_a7_no_additional_controls_second_order_polynomial_730_days_se,Table A7,"Second-order Polynomial, 730 Days (No additional controls), se",0.011,0.011,3,1,0.01113621543,1,NA,NA,
coppock_green_2016,table_a7_no_additional_controls_third_order_polynomial_90_days_est,Table A7,"Third-order Polynomial, 90 Days (No additional controls), est",-0.019,-0.019,3,1,-0.01957605742,0,NA,environment,Published -0.019; the rewrite gives -0.020 at the page's precision.
coppock_green_2016,table_a7_no_additional_controls_third_order_polynomial_180_days_est,Table A7,"Third-order Polynomial, 180 Days (No additional controls), est",0.027,0.027,3,1,0.02676063096,1,NA,NA,
coppock_green_2016,table_a7_no_additional_controls_third_order_polynomial_270_days_est,Table A7,"Third-order Polynomial, 270 Days (No additional controls), est",0.081,0.081,3,1,0.08069769343,1,NA,NA,
coppock_green_2016,table_a7_no_additional_controls_third_order_polynomial_365_days_est,Table A7,"Third-order Polynomial, 365 Days (No additional controls), est",0.004,0.004,3,1,0.00392478940,1,NA,NA,
coppock_green_2016,table_a7_no_additional_controls_third_order_polynomial_455_days_est,Table A7,"Third-order Polynomial, 455 Days (No additional controls), est",0.052,0.052,3,1,0.05231535930,1,NA,NA,
coppock_green_2016,table_a7_no_additional_controls_third_order_polynomial_545_days_est,Table A7,"Third-order Polynomial, 545 Days (No additional controls), est",0.101,0.101,3,1,0.10048861304,0,NA,environment,Published 0.101; the rewrite gives 0.100 at the page's precision.
coppock_green_2016,table_a7_no_additional_controls_third_order_polynomial_635_days_est,Table A7,"Third-order Polynomial, 635 Days (No additional controls), est",0.130,0.130,3,1,0.12998587240,1,NA,NA,
coppock_green_2016,table_a7_no_additional_controls_third_order_polynomial_730_days_est,Table A7,"Third-order Polynomial, 730 Days (No additional controls), est",0.157,0.157,3,1,0.15721405133,1,NA,NA,
coppock_green_2016,table_a7_no_additional_controls_third_order_polynomial_90_days_se,Table A7,"Third-order Polynomial, 90 Days (No additional controls), se",0.071,0.071,3,1,0.07071295447,1,NA,NA,
coppock_green_2016,table_a7_no_additional_controls_third_order_polynomial_180_days_se,Table A7,"Third-order Polynomial, 180 Days (No additional controls), se",0.040,0.040,3,1,0.04043803479,1,NA,NA,
coppock_green_2016,table_a7_no_additional_controls_third_order_polynomial_270_days_se,Table A7,"Third-order Polynomial, 270 Days (No additional controls), se",0.034,0.034,3,1,0.03394408091,1,NA,NA,
coppock_green_2016,table_a7_no_additional_controls_third_order_polynomial_365_days_se,Table A7,"Third-order Polynomial, 365 Days (No additional controls), se",0.029,0.029,3,1,0.02943598897,1,NA,NA,
coppock_green_2016,table_a7_no_additional_controls_third_order_polynomial_455_days_se,Table A7,"Third-order Polynomial, 455 Days (No additional controls), se",0.023,0.023,3,1,0.02297383092,1,NA,NA,
coppock_green_2016,table_a7_no_additional_controls_third_order_polynomial_545_days_se,Table A7,"Third-order Polynomial, 545 Days (No additional controls), se",0.018,0.018,3,1,0.01811126942,1,NA,NA,
coppock_green_2016,table_a7_no_additional_controls_third_order_polynomial_635_days_se,Table A7,"Third-order Polynomial, 635 Days (No additional controls), se",0.018,0.018,3,1,0.01799382049,1,NA,NA,
coppock_green_2016,table_a7_no_additional_controls_third_order_polynomial_730_days_se,Table A7,"Third-order Polynomial, 730 Days (No additional controls), se",0.016,0.016,3,1,0.01555294572,1,NA,NA,
coppock_green_2016,table_a7_controls_for_lagged_vote_totals_difference_in_means_90_days_est,Table A7,"Difference-in-Means, 90 Days (Controls for lagged vote totals), est",0.097,0.097,3,1,0.09727041311,1,NA,NA,
coppock_green_2016,table_a7_controls_for_lagged_vote_totals_difference_in_means_180_days_est,Table A7,"Difference-in-Means, 180 Days (Controls for lagged vote totals), est",0.092,0.092,3,1,0.09217044189,1,NA,NA,
coppock_green_2016,table_a7_controls_for_lagged_vote_totals_difference_in_means_270_days_est,Table A7,"Difference-in-Means, 270 Days (Controls for lagged vote totals), est",0.079,0.079,3,1,0.07855582812,1,NA,NA,
coppock_green_2016,table_a7_controls_for_lagged_vote_totals_difference_in_means_365_days_est,Table A7,"Difference-in-Means, 365 Days (Controls for lagged vote totals), est",0.060,0.060,3,1,0.05996061566,1,NA,NA,
coppock_green_2016,table_a7_controls_for_lagged_vote_totals_difference_in_means_455_days_est,Table A7,"Difference-in-Means, 455 Days (Controls for lagged vote totals), est",0.062,0.062,3,1,0.06236118325,1,NA,NA,
coppock_green_2016,table_a7_controls_for_lagged_vote_totals_difference_in_means_545_days_est,Table A7,"Difference-in-Means, 545 Days (Controls for lagged vote totals), est",0.059,0.059,3,1,0.05901774544,1,NA,NA,
coppock_green_2016,table_a7_controls_for_lagged_vote_totals_difference_in_means_635_days_est,Table A7,"Difference-in-Means, 635 Days (Controls for lagged vote totals), est",0.050,0.050,3,1,0.04991098202,1,NA,NA,
coppock_green_2016,table_a7_controls_for_lagged_vote_totals_difference_in_means_730_days_est,Table A7,"Difference-in-Means, 730 Days (Controls for lagged vote totals), est",0.038,0.038,3,1,0.03779243703,1,NA,NA,
coppock_green_2016,table_a7_controls_for_lagged_vote_totals_difference_in_means_90_days_se,Table A7,"Difference-in-Means, 90 Days (Controls for lagged vote totals), se",0.010,0.010,3,1,0.00994919930,1,NA,NA,
coppock_green_2016,table_a7_controls_for_lagged_vote_totals_difference_in_means_180_days_se,Table A7,"Difference-in-Means, 180 Days (Controls for lagged vote totals), se",0.007,0.007,3,1,0.00686187172,1,NA,NA,
coppock_green_2016,table_a7_controls_for_lagged_vote_totals_difference_in_means_270_days_se,Table A7,"Difference-in-Means, 270 Days (Controls for lagged vote totals), se",0.006,0.006,3,1,0.00562467770,1,NA,NA,
coppock_green_2016,table_a7_controls_for_lagged_vote_totals_difference_in_means_365_days_se,Table A7,"Difference-in-Means, 365 Days (Controls for lagged vote totals), se",0.005,0.005,3,1,0.00483958667,1,NA,NA,
coppock_green_2016,table_a7_controls_for_lagged_vote_totals_difference_in_means_455_days_se,Table A7,"Difference-in-Means, 455 Days (Controls for lagged vote totals), se",0.004,0.004,3,1,0.00436715087,1,NA,NA,
coppock_green_2016,table_a7_controls_for_lagged_vote_totals_difference_in_means_545_days_se,Table A7,"Difference-in-Means, 545 Days (Controls for lagged vote totals), se",0.004,0.004,3,1,0.00404848869,1,NA,NA,
coppock_green_2016,table_a7_controls_for_lagged_vote_totals_difference_in_means_635_days_se,Table A7,"Difference-in-Means, 635 Days (Controls for lagged vote totals), se",0.004,0.004,3,1,0.00379617932,1,NA,NA,
coppock_green_2016,table_a7_controls_for_lagged_vote_totals_difference_in_means_730_days_se,Table A7,"Difference-in-Means, 730 Days (Controls for lagged vote totals), se",0.004,0.004,3,1,0.00358583117,1,NA,NA,
coppock_green_2016,table_a7_controls_for_lagged_vote_totals_first_order_polynomial_90_days_est,Table A7,"First-order Polynomial, 90 Days (Controls for lagged vote totals), est",0.061,0.061,3,1,0.06123446626,1,NA,NA,
coppock_green_2016,table_a7_controls_for_lagged_vote_totals_first_order_polynomial_180_days_est,Table A7,"First-order Polynomial, 180 Days (Controls for lagged vote totals), est",0.090,0.090,3,1,0.08967960691,1,NA,NA,
coppock_green_2016,table_a7_controls_for_lagged_vote_totals_first_order_polynomial_270_days_est,Table A7,"First-order Polynomial, 270 Days (Controls for lagged vote totals), est",0.112,0.112,3,1,0.11200827587,1,NA,NA,
coppock_green_2016,table_a7_controls_for_lagged_vote_totals_first_order_polynomial_365_days_est,Table A7,"First-order Polynomial, 365 Days (Controls for lagged vote totals), est",0.119,0.119,3,1,0.11921405256,1,NA,NA,
coppock_green_2016,table_a7_controls_for_lagged_vote_totals_first_order_polynomial_455_days_est,Table A7,"First-order Polynomial, 455 Days (Controls for lagged vote totals), est",0.098,0.098,3,1,0.09805241118,1,NA,NA,
coppock_green_2016,table_a7_controls_for_lagged_vote_totals_first_order_polynomial_545_days_est,Table A7,"First-order Polynomial, 545 Days (Controls for lagged vote totals), est",0.091,0.091,3,1,0.09060182482,1,NA,NA,
coppock_green_2016,table_a7_controls_for_lagged_vote_totals_first_order_polynomial_635_days_est,Table A7,"First-order Polynomial, 635 Days (Controls for lagged vote totals), est",0.098,0.098,3,1,0.09772671416,1,NA,NA,
coppock_green_2016,table_a7_controls_for_lagged_vote_totals_first_order_polynomial_730_days_est,Table A7,"First-order Polynomial, 730 Days (Controls for lagged vote totals), est",0.106,0.106,3,1,0.10629923591,1,NA,NA,
coppock_green_2016,table_a7_controls_for_lagged_vote_totals_first_order_polynomial_90_days_se,Table A7,"First-order Polynomial, 90 Days (Controls for lagged vote totals), se",0.023,0.023,3,1,0.02298649563,1,NA,NA,
coppock_green_2016,table_a7_controls_for_lagged_vote_totals_first_order_polynomial_180_days_se,Table A7,"First-order Polynomial, 180 Days (Controls for lagged vote totals), se",0.014,0.014,3,1,0.01403812843,1,NA,NA,
coppock_green_2016,table_a7_controls_for_lagged_vote_totals_first_order_polynomial_270_days_se,Table A7,"First-order Polynomial, 270 Days (Controls for lagged vote totals), se",0.011,0.011,3,1,0.01100429630,1,NA,NA,
coppock_green_2016,table_a7_controls_for_lagged_vote_totals_first_order_polynomial_365_days_se,Table A7,"First-order Polynomial, 365 Days (Controls for lagged vote totals), se",0.009,0.009,3,1,0.00933040183,1,NA,NA,
coppock_green_2016,table_a7_controls_for_lagged_vote_totals_first_order_polynomial_455_days_se,Table A7,"First-order Polynomial, 455 Days (Controls for lagged vote totals), se",0.008,0.008,3,1,0.00849408614,1,NA,NA,
coppock_green_2016,table_a7_controls_for_lagged_vote_totals_first_order_polynomial_545_days_se,Table A7,"First-order Polynomial, 545 Days (Controls for lagged vote totals), se",0.008,0.008,3,1,0.00771813602,1,NA,NA,
coppock_green_2016,table_a7_controls_for_lagged_vote_totals_first_order_polynomial_635_days_se,Table A7,"First-order Polynomial, 635 Days (Controls for lagged vote totals), se",0.007,0.007,3,1,0.00714460353,1,NA,NA,
coppock_green_2016,table_a7_controls_for_lagged_vote_totals_first_order_polynomial_730_days_se,Table A7,"First-order Polynomial, 730 Days (Controls for lagged vote totals), se",0.007,0.007,3,1,0.00665190094,1,NA,NA,
coppock_green_2016,table_a7_controls_for_lagged_vote_totals_second_order_polynomial_90_days_est,Table A7,"Second-order Polynomial, 90 Days (Controls for lagged vote totals), est",-0.006,-0.006,3,1,-0.00660843077,0,NA,environment,Published -0.006; the rewrite gives -0.007 at the page's precision.
coppock_green_2016,table_a7_controls_for_lagged_vote_totals_second_order_polynomial_180_days_est,Table A7,"Second-order Polynomial, 180 Days (Controls for lagged vote totals), est",0.038,0.038,3,1,0.03792933795,1,NA,NA,
coppock_green_2016,table_a7_controls_for_lagged_vote_totals_second_order_polynomial_270_days_est,Table A7,"Second-order Polynomial, 270 Days (Controls for lagged vote totals), est",0.046,0.046,3,1,0.04554530501,1,NA,NA,
coppock_green_2016,table_a7_controls_for_lagged_vote_totals_second_order_polynomial_365_days_est,Table A7,"Second-order Polynomial, 365 Days (Controls for lagged vote totals), est",0.086,0.086,3,1,0.08644337019,1,NA,NA,
coppock_green_2016,table_a7_controls_for_lagged_vote_totals_second_order_polynomial_455_days_est,Table A7,"Second-order Polynomial, 455 Days (Controls for lagged vote totals), est",0.125,0.125,3,1,0.12486373847,1,NA,NA,
coppock_green_2016,table_a7_controls_for_lagged_vote_totals_second_order_polynomial_545_days_est,Table A7,"Second-order Polynomial, 545 Days (Controls for lagged vote totals), est",0.129,0.129,3,1,0.12855762609,1,NA,NA,
coppock_green_2016,table_a7_controls_for_lagged_vote_totals_second_order_polynomial_635_days_est,Table A7,"Second-order Polynomial, 635 Days (Controls for lagged vote totals), est",0.099,0.099,3,1,0.09920877150,1,NA,NA,
coppock_green_2016,table_a7_controls_for_lagged_vote_totals_second_order_polynomial_730_days_est,Table A7,"Second-order Polynomial, 730 Days (Controls for lagged vote totals), est",0.089,0.089,3,1,0.08908737817,1,NA,NA,
coppock_green_2016,table_a7_controls_for_lagged_vote_totals_second_order_polynomial_90_days_se,Table A7,"Second-order Polynomial, 90 Days (Controls for lagged vote totals), se",0.044,0.044,3,1,0.04438448116,1,NA,NA,
coppock_green_2016,table_a7_controls_for_lagged_vote_totals_second_order_polynomial_180_days_se,Table A7,"Second-order Polynomial, 180 Days (Controls for lagged vote totals), se",0.026,0.026,3,1,0.02635706289,1,NA,NA,
coppock_green_2016,table_a7_controls_for_lagged_vote_totals_second_order_polynomial_270_days_se,Table A7,"Second-order Polynomial, 270 Days (Controls for lagged vote totals), se",0.019,0.019,3,1,0.01877775139,1,NA,NA,
coppock_green_2016,table_a7_controls_for_lagged_vote_totals_second_order_polynomial_365_days_se,Table A7,"Second-order Polynomial, 365 Days (Controls for lagged vote totals), se",0.015,0.015,3,1,0.01496016803,1,NA,NA,
coppock_green_2016,table_a7_controls_for_lagged_vote_totals_second_order_polynomial_455_days_se,Table A7,"Second-order Polynomial, 455 Days (Controls for lagged vote totals), se",0.013,0.013,3,1,0.01275185971,1,NA,NA,
coppock_green_2016,table_a7_controls_for_lagged_vote_totals_second_order_polynomial_545_days_se,Table A7,"Second-order Polynomial, 545 Days (Controls for lagged vote totals), se",0.012,0.012,3,1,0.01211273064,1,NA,NA,
coppock_green_2016,table_a7_controls_for_lagged_vote_totals_second_order_polynomial_635_days_se,Table A7,"Second-order Polynomial, 635 Days (Controls for lagged vote totals), se",0.011,0.011,3,1,0.01124848338,1,NA,NA,
coppock_green_2016,table_a7_controls_for_lagged_vote_totals_second_order_polynomial_730_days_se,Table A7,"Second-order Polynomial, 730 Days (Controls for lagged vote totals), se",0.011,0.011,3,1,0.01056047687,1,NA,NA,
coppock_green_2016,table_a7_controls_for_lagged_vote_totals_third_order_polynomial_90_days_est,Table A7,"Third-order Polynomial, 90 Days (Controls for lagged vote totals), est",0.002,0.002,3,1,0.00113343294,0,NA,environment,Published 0.002; the rewrite gives 0.001 at the page's precision.
coppock_green_2016,table_a7_controls_for_lagged_vote_totals_third_order_polynomial_180_days_est,Table A7,"Third-order Polynomial, 180 Days (Controls for lagged vote totals), est",0.032,0.032,3,1,0.03210557443,1,NA,NA,
coppock_green_2016,table_a7_controls_for_lagged_vote_totals_third_order_polynomial_270_days_est,Table A7,"Third-order Polynomial, 270 Days (Controls for lagged vote totals), est",0.077,0.077,3,1,0.07711015604,1,NA,NA,
coppock_green_2016,table_a7_controls_for_lagged_vote_totals_third_order_polynomial_365_days_est,Table A7,"Third-order Polynomial, 365 Days (Controls for lagged vote totals), est",0.010,0.010,3,1,0.01024749470,1,NA,NA,
coppock_green_2016,table_a7_controls_for_lagged_vote_totals_third_order_polynomial_455_days_est,Table A7,"Third-order Polynomial, 455 Days (Controls for lagged vote totals), est",0.042,0.042,3,1,0.04197742554,1,NA,NA,
coppock_green_2016,table_a7_controls_for_lagged_vote_totals_third_order_polynomial_545_days_est,Table A7,"Third-order Polynomial, 545 Days (Controls for lagged vote totals), est",0.067,0.067,3,1,0.06666020919,1,NA,NA,
coppock_green_2016,table_a7_controls_for_lagged_vote_totals_third_order_polynomial_635_days_est,Table A7,"Third-order Polynomial, 635 Days (Controls for lagged vote totals), est",0.123,0.123,3,1,0.12295554513,1,NA,NA,
coppock_green_2016,table_a7_controls_for_lagged_vote_totals_third_order_polynomial_730_days_est,Table A7,"Third-order Polynomial, 730 Days (Controls for lagged vote totals), est",0.132,0.132,3,1,0.13203029940,1,NA,NA,
coppock_green_2016,table_a7_controls_for_lagged_vote_totals_third_order_polynomial_90_days_se,Table A7,"Third-order Polynomial, 90 Days (Controls for lagged vote totals), se",0.065,0.065,3,1,0.06532749021,1,NA,NA,
coppock_green_2016,table_a7_controls_for_lagged_vote_totals_third_order_polynomial_180_days_se,Table A7,"Third-order Polynomial, 180 Days (Controls for lagged vote totals), se",0.038,0.038,3,1,0.03836607709,1,NA,NA,
coppock_green_2016,table_a7_controls_for_lagged_vote_totals_third_order_polynomial_270_days_se,Table A7,"Third-order Polynomial, 270 Days (Controls for lagged vote totals), se",0.032,0.032,3,1,0.03158252711,1,NA,NA,
coppock_green_2016,table_a7_controls_for_lagged_vote_totals_third_order_polynomial_365_days_se,Table A7,"Third-order Polynomial, 365 Days (Controls for lagged vote totals), se",0.026,0.026,3,1,0.02618702142,1,NA,NA,
coppock_green_2016,table_a7_controls_for_lagged_vote_totals_third_order_polynomial_455_days_se,Table A7,"Third-order Polynomial, 455 Days (Controls for lagged vote totals), se",0.022,0.022,3,1,0.02167002839,1,NA,NA,
coppock_green_2016,table_a7_controls_for_lagged_vote_totals_third_order_polynomial_545_days_se,Table A7,"Third-order Polynomial, 545 Days (Controls for lagged vote totals), se",0.018,0.018,3,1,0.01821216958,1,NA,NA,
coppock_green_2016,table_a7_controls_for_lagged_vote_totals_third_order_polynomial_635_days_se,Table A7,"Third-order Polynomial, 635 Days (Controls for lagged vote totals), se",0.018,0.018,3,1,0.01820839717,1,NA,NA,
coppock_green_2016,table_a7_controls_for_lagged_vote_totals_third_order_polynomial_730_days_se,Table A7,"Third-order Polynomial, 730 Days (Controls for lagged vote totals), se",0.017,0.017,3,1,0.01703199736,1,NA,NA,
coppock_green_2016,table_a9_main_shown_vote_recontact_nov_2008_est,Table A9,"Shown Vote + Recontact, Nov 2008, est",0.119,0.119,3,1,0.11871469237,1,NA,NA,
coppock_green_2016,table_a9_main_shown_vote_recontact_aug_2010_est,Table A9,"Shown Vote + Recontact, Aug 2010, est",0.041,0.041,3,1,0.04144772335,1,NA,NA,
coppock_green_2016,table_a9_main_shown_vote_recontact_nov_2010_est,Table A9,"Shown Vote + Recontact, Nov 2010, est",0.167,0.167,3,1,0.16677338130,1,NA,NA,
coppock_green_2016,table_a9_main_shown_vote_recontact_feb_2012_est,Table A9,"Shown Vote + Recontact, Feb 2012, est",-0.060,-0.060,3,1,-0.05975151403,1,NA,NA,
coppock_green_2016,table_a9_main_shown_vote_recontact_aug_2012_est,Table A9,"Shown Vote + Recontact, Aug 2012, est",-0.204,-0.204,3,1,-0.20385451578,1,NA,NA,
coppock_green_2016,table_a9_main_shown_vote_recontact_nov_2012_est,Table A9,"Shown Vote + Recontact, Nov 2012, est",0.017,0.017,3,1,0.01659622313,1,NA,NA,
coppock_green_2016,table_a9_main_shown_vote_recontact_nov_2008_se,Table A9,"Shown Vote + Recontact, Nov 2008, se",0.091,0.091,3,1,0.09075792478,1,NA,NA,
coppock_green_2016,table_a9_main_shown_vote_recontact_aug_2010_se,Table A9,"Shown Vote + Recontact, Aug 2010, se",0.130,0.130,3,1,0.12968235430,1,NA,NA,
coppock_green_2016,table_a9_main_shown_vote_recontact_nov_2010_se,Table A9,"Shown Vote + Recontact, Nov 2010, se",0.127,0.127,3,1,0.12720394990,1,NA,NA,
coppock_green_2016,table_a9_main_shown_vote_recontact_feb_2012_se,Table A9,"Shown Vote + Recontact, Feb 2012, se",0.116,0.116,3,1,0.11612879007,1,NA,NA,
coppock_green_2016,table_a9_main_shown_vote_recontact_aug_2012_se,Table A9,"Shown Vote + Recontact, Aug 2012, se",0.136,0.136,3,1,0.13575323951,1,NA,NA,
coppock_green_2016,table_a9_main_shown_vote_recontact_nov_2012_se,Table A9,"Shown Vote + Recontact, Nov 2012, se",0.120,0.120,3,1,0.12009265048,1,NA,NA,
coppock_green_2016,table_a9_main_shown_vote_nov_2008_est,Table A9,"Shown Vote, Nov 2008, est",0.088,0.088,3,1,0.08847298920,1,NA,NA,
coppock_green_2016,table_a9_main_shown_vote_aug_2010_est,Table A9,"Shown Vote, Aug 2010, est",0.090,0.090,3,1,0.09028327515,1,NA,NA,
coppock_green_2016,table_a9_main_shown_vote_nov_2010_est,Table A9,"Shown Vote, Nov 2010, est",0.115,0.115,3,1,0.11455548896,1,NA,NA,
coppock_green_2016,table_a9_main_shown_vote_feb_2012_est,Table A9,"Shown Vote, Feb 2012, est",-0.142,-0.142,3,1,-0.14150904266,1,NA,NA,
coppock_green_2016,table_a9_main_shown_vote_aug_2012_est,Table A9,"Shown Vote, Aug 2012, est",-0.108,-0.108,3,1,-0.10837679714,1,NA,NA,
coppock_green_2016,table_a9_main_shown_vote_nov_2012_est,Table A9,"Shown Vote, Nov 2012, est",0.130,0.130,3,1,0.12990164655,1,NA,NA,
coppock_green_2016,table_a9_main_shown_vote_nov_2008_se,Table A9,"Shown Vote, Nov 2008, se",0.052,0.052,3,1,0.05181204631,1,NA,NA,
coppock_green_2016,table_a9_main_shown_vote_aug_2010_se,Table A9,"Shown Vote, Aug 2010, se",0.076,0.076,3,1,0.07620191961,1,NA,NA,
coppock_green_2016,table_a9_main_shown_vote_nov_2010_se,Table A9,"Shown Vote, Nov 2010, se",0.075,0.075,3,1,0.07461510248,1,NA,NA,
coppock_green_2016,table_a9_main_shown_vote_feb_2012_se,Table A9,"Shown Vote, Feb 2012, se",0.071,0.071,3,1,0.07117509112,1,NA,NA,
coppock_green_2016,table_a9_main_shown_vote_aug_2012_se,Table A9,"Shown Vote, Aug 2012, se",0.078,0.078,3,1,0.07764319305,1,NA,NA,
coppock_green_2016,table_a9_main_shown_vote_nov_2012_se,Table A9,"Shown Vote, Nov 2012, se",0.068,0.068,3,1,0.06828503010,1,NA,NA,
coppock_green_2016,design_2006_groups,Design,Experimental groups in the 2006 experiment,NA,5,0,NA,5.00000000000,1,NA,NA,Four treatment arms plus the control arm.
coppock_green_2016,design_2007_groups,Design,Experimental groups in the 2007 experiment,NA,4,0,NA,4.00000000000,1,NA,NA,Three treatment arms plus the control arm.
coppock_green_2016,results_civic_duty_2006,Table 1,"Civic Duty upstream effect, 2006, in points",NA,1.8,1,NA,1.84366716677,1,NA,NA,
coppock_green_2016,results_civic_duty_2007,Table 2,"Civic Duty upstream effect, 2007, in points",NA,1.4,1,NA,1.35841963832,1,NA,NA,
coppock_green_2016,results_self_2006,Table 1,"Self upstream effect, 2006, in points",NA,5.0,1,NA,5.00053738548,1,NA,NA,
coppock_green_2016,results_shown_2005_vote,Table 2,"Shown 2005 Vote upstream effect, in points",NA,5.0,1,NA,5.01655093736,1,NA,NA,
coppock_green_2016,results_shown_2006_vote,Table 2,"Shown 2006 Vote upstream effect, in points",NA,4.5,1,NA,4.50906992111,1,NA,NA,
coppock_green_2016,results_neighbors_2006,Table 1,"Neighbors upstream effect, in points",NA,8.3,1,NA,8.29556127379,1,NA,NA,
coppock_green_2016,results_first_stages_significant,Tables 1 and 2,Every upstream treatment effect significant at the .05 level,NA,NA,0,NA,NA,NA,TRUE,NA,Seven first-stage effects across the two experiments.
coppock_green_2016,results_nov2006_cace,Table 1,All Instruments CACE on November 2006,NA,0.108,3,NA,0.10795397196,1,NA,NA,
coppock_green_2016,results_nov2006_se,Table 1,Standard error of that CACE,NA,0.021,3,NA,0.02064118109,1,NA,NA,
coppock_green_2016,results_nov2006_significant,Table 1,That CACE significant at the .001 level,NA,NA,0,NA,NA,NA,TRUE,NA,
coppock_green_2016,results_untreated_complier_min,Table 1,"Lowest untreated-complier turnout rate in the November 2006 column, per cent",NA,84,0,NA,84.46805631066,1,NA,NA,
coppock_green_2016,results_complier_turnout_after,Table 1,"That rate plus the CACE, per cent",NA,95,0,NA,95.26345350629,1,NA,NA,
coppock_green_2016,results_jan2008_cace,Table 1,"All Instruments CACE on January 2008, in points",NA,14.2,1,NA,14.20835281549,1,NA,NA,
coppock_green_2016,results_jan2008_se,Table 1,Standard error of that CACE,NA,0.036,3,NA,0.03637486448,1,NA,NA,
coppock_green_2016,results_jan2008_significant,Table 1,That CACE significant at the .001 level,NA,NA,0,NA,NA,NA,TRUE,NA,
coppock_green_2016,results_aug2008_cace,Table 1,"All Instruments CACE on August 2008, in points",NA,13.5,1,NA,13.53342626715,1,NA,NA,
coppock_green_2016,results_aug2008_significant,Table 1,That CACE significant at the .05 level,NA,NA,0,NA,NA,NA,TRUE,NA,
coppock_green_2016,results_aug2010_cace,Table 1,"All Instruments CACE on August 2010, in points",NA,12.6,1,NA,12.61477694900,1,NA,NA,
coppock_green_2016,results_aug2012_cace,Table 1,"All Instruments CACE on August 2012, in points",NA,8.9,1,NA,8.86516354059,1,NA,NA,
coppock_green_2016,results_august_both_significant,Table 1,Both August CACEs significant at the .05 level,NA,NA,0,NA,NA,NA,TRUE,NA,
coppock_green_2016,results_november_not_significant,Table 1,No significant CACE on a November election after 2006,NA,NA,0,NA,NA,NA,TRUE,NA,"November 2006, the general election a few months after the upstream primary, is significant and is described separately in the sentence before."
coppock_green_2016,results_t2_jan2008_cace,Table 2,"All Together CACE on January 2008, in points",NA,33.6,1,NA,33.64680787646,1,NA,NA,
coppock_green_2016,results_t2_jan2008_se,Table 2,"Its standard error, in points",NA,6.7,1,NA,6.74607395530,1,NA,NA,
coppock_green_2016,results_t2_aug2008_cace,Table 2,"All Together CACE on August 2008, in points",NA,18.3,1,NA,18.27738672814,1,NA,NA,
coppock_green_2016,results_t2_aug2008_se,Table 2,"Its standard error, in points",NA,6.4,1,NA,6.41528795803,1,NA,NA,
coppock_green_2016,results_t2_nov2008_cace,Table 2,All Together CACE on November 2008,NA,0.092,3,NA,0.09150186333,1,NA,NA,
coppock_green_2016,results_t2_nov2008_se,Table 2,Its standard error,NA,0.046,3,NA,0.04568304175,1,NA,NA,
coppock_green_2016,results_t2_complier_turnout,Table 2,"Lowest untreated-complier turnout in the November 2008 column, per cent",NA,84,0,NA,83.75546923154,1,NA,NA,
coppock_green_2016,fn5_reminder_effect,Footnote 5,"Direct effect of the refresher mailer, in points",NA,0.2,1,NA,0.16133537423,1,NA,NA,
coppock_green_2016,fn5_reminder_se,Footnote 5,"Its cluster-robust standard error, in points",NA,0.5,1,NA,0.50095891237,1,NA,NA,
coppock_green_2016,fn5_recontact_stronger,Table A9,Downstream elections where the recontacted estimate is larger,NA,3,0,NA,3.00000000000,1,NA,NA,
coppock_green_2016,fn5_recontact_elections,Table A9,Downstream elections in the follow-up,NA,6,0,NA,6.00000000000,1,NA,NA,
coppock_green_2016,fn5_difference_never_significant,Table A9,No significant difference between the two follow-up conditions,NA,NA,0,NA,NA,NA,TRUE,NA,Compared at each election as the difference of two independent estimates; the largest t statistic across the six is well under two.
coppock_green_2016,results_t3_apr2011_cace,Table 3,"Pooled CACE on April 2011, in points",NA,40.3,1,NA,40.27085803184,1,NA,NA,
coppock_green_2016,results_t3_apr2011_significant,Table 3,That CACE significant at the .01 level,NA,NA,0,NA,NA,NA,TRUE,NA,
coppock_green_2016,results_t3_spring_significant,Table 3,"Pooled increases significant in February 2010, April 2011 and March 2012",NA,NA,0,NA,NA,NA,TRUE,NA,
coppock_green_2016,results_t3_nov2010_cace,Table 3,Pooled CACE on November 2010,NA,0.303,3,NA,0.30267603002,1,NA,NA,
coppock_green_2016,results_t3_nov2012_cace,Table 3,Pooled CACE on November 2012,NA,0.226,3,NA,0.22552370759,1,NA,NA,
coppock_green_2016,rd_states,Discontinuity data,States with a voter file,NA,17,0,NA,17.00000000000,1,NA,NA,
coppock_green_2016,rd_two_vintages,Discontinuity data,States with two voter file vintages,NA,2,0,NA,2.00000000000,1,NA,NA,
coppock_green_2016,rd_midterm_share,Results,Just-eligible midterm turnout below 10 per cent,NA,10,0,NA,NA,NA,NA,archive,"The deposited file is aggregated to votes cast per birthdate cohort and carries no count of registrants, so no turnout rate among the just-eligible can be formed from it."
coppock_green_2016,rd_presidential_share,Results,Just-eligible presidential turnout near a third,NA,NA,0,NA,NA,NA,NA,archive,Same reason as the midterm share.
coppock_green_2016,rd_pom_estimates,Table 4,Presidential-on-midterm state estimates,NA,54,0,NA,54.00000000000,1,NA,NA,
coppock_green_2016,rd_pom_all_positive,Table 4,All presidential-on-midterm estimates positive,NA,NA,0,NA,NA,NA,TRUE,NA,
coppock_green_2016,rd_pom_meta_0810,Table 4,"Meta-analytic presidential-on-midterm CACE, 2008-10",NA,0.09,2,NA,0.09044929468,1,NA,NA,
coppock_green_2016,rd_pom_meta_0810_se,Table 4,Its standard error,NA,0.002,3,NA,0.00208909293,1,NA,NA,
coppock_green_2016,rd_missouri_0810,Table 4,Missouri's 2008-10 CACE,NA,0.09,2,NA,0.09035277216,1,NA,NA,
coppock_green_2016,rd_missouri_baseline,Results,"Untreated-complier turnout in Missouri's 2010 midterm, per cent",NA,15.4,1,NA,NA,NA,NA,archive,"The appendix states that the discontinuity results do not include estimates of the turnout rate among untreated compliers, because the voter files do not list those who did not vote. Neither the deposit nor the rewrite produces this figure."
coppock_green_2016,rd_missouri_treated,Results,"That rate plus Missouri's CACE, per cent",NA,24.4,1,NA,NA,NA,NA,archive,"Follows from the baseline the deposit does not produce; the two published figures differ by 9.0 points, which is the CACE the sentence quotes."
coppock_green_2016,rd_mop_positive,Table 4,Positive midterm-on-presidential estimates,NA,50,0,NA,51.00000000000,0,NA,paper_internal,"Table 4's lower panel prints 55 state estimates, of which 51 are positive; the sentence says 50 of 54, which are the counts of the upper panel's cells carried over."
coppock_green_2016,rd_mop_estimates,Table 4,Midterm-on-presidential state estimates,NA,54,0,NA,55.00000000000,0,NA,paper_internal,"The lower panel has one more cell than the upper one, because Oregon enters in 2006-08 and has no 2004-06 counterpart."
coppock_green_2016,rd_mop_meta_1012,Table 4,"Meta-analytic midterm-on-presidential CACE, 2010-12",NA,0.11,2,NA,0.11051980303,1,NA,NA,
coppock_green_2016,rd_mop_meta_1012_se,Table 4,Its standard error,NA,0.019,3,NA,0.01915604183,1,NA,NA,
coppock_green_2016,rd_mop_meta_0608,Table 4,"Meta-analytic midterm-on-presidential CACE, 2006-08",NA,0.17,2,NA,0.16625433576,1,NA,NA,
coppock_green_2016,rd_mop_meta_0608_se,Table 4,Its standard error,NA,0.018,3,NA,0.01790067047,1,NA,NA,
coppock_green_2016,rd_oregon_cace,Table 4,Oregon's 2010-12 CACE,NA,0.118,3,NA,0.11771234875,1,NA,NA,
coppock_green_2016,rd_oregon_baseline,Results,"Untreated-complier turnout in Oregon's 2012 election, per cent",NA,57.6,1,NA,NA,NA,NA,archive,Same reason as the Missouri baseline.
coppock_green_2016,rd_oregon_treated,Results,"That rate plus Oregon's CACE, per cent",NA,69.4,1,NA,NA,NA,NA,archive,Same reason as the Missouri figure.
coppock_green_2016,rd_pop_meta_0812,Table 5,"Meta-analytic presidential-on-presidential CACE, 2008-12",NA,0.12,2,NA,0.11723830389,1,NA,NA,
coppock_green_2016,rd_pop_meta_0812_se,Table 5,Its standard error,NA,0.005,3,NA,0.00468660358,1,NA,NA,
coppock_green_2016,rd_pop_states,Table 5,States contributing to that average,NA,15,0,NA,15.00000000000,1,NA,NA,
coppock_green_2016,rd_pop_ses_larger,Results,That average is roughly ten standard errors above seven percentage points,NA,NA,0,NA,NA,NA,NA,NA,A hedged comparison against a figure taken from another article; both numbers are recorded and no verdict is returned.
coppock_green_2016,rd_persistence_coefficients,Table 6,State estimates in Table 6,NA,86,0,NA,86.00000000000,1,NA,NA,
coppock_green_2016,rd_persistence_negative,Table 6,Negative estimates among them,NA,3,0,NA,3.00000000000,1,NA,NA,
coppock_green_2016,rd_persistence_none_significant,Table 6,None of the negative estimates significant,NA,NA,0,NA,NA,NA,TRUE,NA,
coppock_green_2016,rd_binomial_successes,Table 6,Successes in the binomial test,NA,83,0,NA,83.00000000000,1,NA,NA,
coppock_green_2016,rd_binomial_trials,Table 6,Trials in the binomial test,NA,86,0,NA,86.00000000000,1,NA,NA,
coppock_green_2016,rd_binomial_significant,Table 6,Binomial p-value below .001,NA,NA,0,NA,NA,NA,TRUE,NA,
coppock_green_2016,rd_table7_estimates,Table 7,State-election pairs pooled in Table 7,NA,384,0,NA,384.00000000000,1,NA,NA,
coppock_green_2016,rd_table7_weights,Table 7,Observations weighted by inverse squared standard error,NA,NA,0,NA,NA,NA,TRUE,NA,
coppock_green_2016,rd_timedistance_col5,Table 7,"Years between upstream and downstream, column 5",NA,-0.0008,4,NA,-0.00078695208,1,NA,NA,
coppock_green_2016,rd_timedistance_col5_se,Table 7,Its robust standard error,NA,0.0028,4,NA,0.00280777182,1,NA,NA,
coppock_green_2016,rd_decade_decay,Table 7,Decay over a decade implied by that coefficient,NA,0.008,3,NA,0.00786952076,1,NA,NA,
coppock_green_2016,rd_youth_coefficient,Table 7,"Change in the CACE per point of youth turnout, in points",NA,0.16,2,NA,0.16474706729,1,NA,NA,
coppock_green_2016,env_table5_estimates,Table 5,Presidential-on-presidential estimates for 2008-12,NA,15,0,NA,15.00000000000,1,NA,NA,
coppock_green_2016,env_top_four_nonbattleground,Table 5,Four of the five strongest 2008-12 estimates in nonbattleground states,NA,NA,0,NA,NA,NA,FALSE,paper_internal,"Three of the five are nonbattlegrounds under the article's own coding: Missouri's 2012 presidential margin is inside ten points, as Nevada's is."
coppock_green_2016,env_no_race_observations,Table 7,Downstream observations with neither a gubernatorial nor a senate race,NA,13,0,NA,13.00000000000,1,NA,NA,
coppock_green_2016,env_battleground_factor,Table 7,Battleground coefficient falls by a factor of three between columns 2 and 3,NA,3,0,NA,NA,NA,FALSE,paper_internal,"The coefficient falls from 0.0322 to 0.0155, a factor of 2.1 rather than three."
coppock_green_2016,disc_average_cace,Table 7,Precision-weighted average CACE across all pairs,NA,0.10,2,NA,0.10081230099,NA,NA,NA,
coppock_green_2016,disc_fifty_votes,Discussion,Extra votes from a hundred compliers over five federal elections,NA,50,0,NA,50.40615049416,1,NA,NA,
coppock_green_2016,note_table1_bracket_arms,Table 1 note,Treatment arms behind the bracketed ranges,NA,4,0,NA,NA,NA,TRUE,NA,
coppock_green_2016,note_table2_bracket_arms,Table 2 note,Treatment arms behind the bracketed ranges,NA,3,0,NA,NA,NA,TRUE,NA,
coppock_green_2016,note_table1_overidentified,Table 1 note,The All Instruments row is overidentified,NA,NA,0,NA,NA,NA,TRUE,NA,"The row is fitted with four instruments for one endogenous regressor, which is what the rewrite's overidentified specification does."
coppock_green_2016,note_table45_exclusions,Tables 4 and 5 notes,Meta-analyses exclude the two historical voter files,NA,NA,0,NA,NA,NA,TRUE,NA,The meta-analytic rows are computed over the states remaining after Florida 2005 and Missouri 2005 are dropped.
coppock_green_2016,note_table7_weights,Table 7 note,All models weighted by inverse squared standard error,NA,NA,0,NA,NA,NA,TRUE,NA,
coppock_green_2016,appx_figure_a1_true_cace,Figure A1,True CACE the bias illustration assumes,NA,0.117,3,NA,0.11700000000,1,NA,NA,
coppock_green_2016,appx_figure_a1_migration_range,Figure A1,Largest net migration the surface covers,NA,1000,0,NA,1000.00000000000,1,NA,NA,
coppock_green_2016,appx_figure_a1_complier_labels,Figure A1,Complier counts the legend labels,NA,10,0,NA,10.00000000000,1,NA,NA,
coppock_green_2016,appx_a2_states,Table A2,States in Table A2,NA,16,0,NA,15.00000000000,0,NA,paper_internal,"Table A2 prints fifteen rows, one for every state with a 2008 on 2012 estimate."
coppock_green_2016,appx_a2_cace_column,Table A2,Table A2's CACE column holds the 2008 on 2012 estimate of Tables 5 and 6,NA,NA,0,NA,NA,NA,FALSE,archive,14 of 15 agree at the three decimals the column prints. Iowa's published figure is 0.086 where Tables 5 and 6 print 0.081; the deposit's movers script types the fifteen values in as constants rather than reading them from its own regression discontinuity output.
coppock_green_2016,appx_a2_bias_small,Table A2,Every estimated bias is small,NA,NA,0,NA,NA,NA,TRUE,NA,
coppock_green_2016,appx_a6a7_boxed,Tables A6 and A7,The boxed cell of each table is the estimate the main analysis uses,NA,NA,0,NA,NA,NA,TRUE,NA,"The first-order, 365-day, lagged cell of Table A6 is Table 5's 2008-12 meta-analytic estimate and the same cell of Table A7 is its 2006-10 estimate."
coppock_green_2016,appx_a6_range_low,Table A6,Lower end of the range most 2008-12 estimates fall in,NA,0.10,2,NA,NA,NA,NA,NA,"A rough characterisation, recorded without a verdict. Excluding the third-order polynomial, the 2008 on 2012 estimates run from -0.027 to 0.155, with 19 of 48 inside 0.10 to 0.12."
coppock_green_2016,appx_a6_range_high,Table A6,Upper end of that range,NA,0.12,2,NA,NA,NA,NA,NA,Recorded with its companion above.
coppock_green_2016,appx_a7_range_low,Table A7,Lower end of the range most 2006-10 estimates fall in,NA,0.07,2,NA,NA,NA,NA,NA,"A rough characterisation, recorded without a verdict. Excluding the third-order polynomial, the 2006 on 2010 estimates run from -0.025 to 0.160, with 34 of 48 inside 0.07 to 0.15."
coppock_green_2016,appx_a7_range_high,Table A7,Upper end of that range,NA,0.15,2,NA,NA,NA,NA,NA,Recorded with its companion above.
coppock_green_2016,appx_a6a7_precision,Tables A6 and A7,"Estimates more precise with a wider window, a flatter functional form and controls",NA,NA,0,NA,NA,NA,TRUE,NA,"The standard error falls monotonically in bandwidth within every functional form and rises with polynomial order at every bandwidth. Lagged controls give the tighter standard error in 58 of 64 paired cells across the two tables, which is what the sentence's ""tend to"" claims."
coppock_green_2016,appx_like_aug2008,Table 1,All Instruments CACE on August 2008,NA,0.135,3,NA,0.13533426267,1,NA,NA,
coppock_green_2016,appx_like_aug2010,Table 1,All Instruments CACE on August 2010,NA,0.126,3,NA,0.12614776949,1,NA,NA,
coppock_green_2016,appx_like_aug2012,Table 1,All Instruments CACE on August 2012,NA,0.089,3,NA,0.08865163541,1,NA,NA,
coppock_green_2016,appx_like_nov2006,Table 1,All Instruments CACE on November 2006,NA,0.108,3,NA,0.10795397196,1,NA,NA,
coppock_green_2016,appx_like_nov2008,Table 1,All Instruments CACE on November 2008,NA,0.009,3,NA,0.00853612838,1,NA,NA,
coppock_green_2016,appx_like_nov2010,Table 1,All Instruments CACE on November 2010,NA,0.043,3,NA,0.04342063960,1,NA,NA,
coppock_green_2016,appx_like_nov2012,Table 1,All Instruments CACE on November 2012,NA,0.011,3,NA,0.01135390947,1,NA,NA,
coppock_green_2016,appx_gg_pairs,Figure A2,General-on-general election pairs,NA,384,0,NA,384.00000000000,1,NA,NA,
coppock_green_2016,appx_gg_crossref,SI section 3,Those pairs are the ones Table 6 of the main text reports,NA,NA,0,NA,NA,NA,FALSE,paper_internal,"Table 6 reports 86 pairs, every upstream general election on 2012. The 384 general-on-general pairs are the set Table 7 pools."
coppock_green_2016,appx_gg_mean,Figure A2,Average general-on-general CACE,NA,0.101,3,NA,0.10081230099,1,NA,NA,
coppock_green_2016,appx_gg_se,Figure A2,Its robust standard error,NA,0.007,3,NA,0.00683710780,1,NA,NA,
coppock_green_2016,appx_gp_pairs,Figure A2,General-on-primary election pairs,NA,335,0,NA,335.00000000000,1,NA,NA,
coppock_green_2016,appx_gp_mean,Figure A2,Average general-on-primary CACE,NA,0.020,3,NA,0.01991047533,1,NA,NA,
coppock_green_2016,appx_gp_se,Figure A2,Its robust standard error,NA,0.004,3,NA,0.00358518115,1,NA,NA,
coppock_green_2016,appx_a2fig_upstream_years,Figure A2,Upstream years the figure panels,NA,10,0,NA,10.00000000000,1,NA,NA,
coppock_green_2016,appx_a2fig_primaries_weaker,Figure A2,Downstream primaries weaker than downstream generals in every upstream year,NA,NA,0,NA,NA,NA,TRUE,NA,In each of the ten panels the mean plotted estimate for downstream primaries is below the mean for downstream generals.
coppock_green_2016,appx_primary_window,Figure A2,Window for the primary-upstream analysis,NA,60,0,NA,60.00000000000,1,NA,NA,
coppock_green_2016,appx_pg_mean,Figure A2,Average primary-on-general CACE,NA,0.0086,4,NA,0.00859837013,1,NA,NA,
coppock_green_2016,appx_pg_se,Figure A2,Its robust standard error,NA,0.0236,4,NA,0.02362413001,1,NA,NA,
coppock_green_2016,appx_pp_mean,Figure A2,Average primary-on-primary CACE,NA,0.0068,4,NA,0.00682000698,1,NA,NA,
coppock_green_2016,appx_pp_se,Figure A2,Its robust standard error,NA,0.0010,4,NA,0.00994948476,0,NA,paper_internal,Published 0.0010; the rewrite gives 0.0099 at the page's precision.
coppock_green_2016,appx_a8_meta_effect,Table A8,Pooled effect of eligibility on campaign contact,NA,5.3,1,NA,NA,NA,NA,archive,"The deposit ships no code and no data for Table A8: the ANES file it uses is confidential, which the deposit's README states."
coppock_green_2016,appx_a8_ci_bound,Table A8,Half width of the 180-day confidence interval,NA,11.6,1,NA,NA,NA,NA,archive,Same reason.
coppock_green_2016,appx_a8_zero,Table A8,The 180-day pooled effect is exactly zero,NA,NA,0,NA,NA,NA,NA,archive,Same reason.
coppock_green_2016,appx_followup_subjects,SI section 5,Subjects in either Self condition,NA,27138,0,NA,27138.00000000000,1,NA,NA,
coppock_green_2016,appx_followup_recontacted,SI section 5,Subjects sent the refresher mailer,NA,5900,0,NA,5900.00000000000,1,NA,NA,
coppock_green_2016,appx_followup_effect,SI section 5,Effect of the refresher on November 2008 turnout,NA,0.002,3,NA,0.00161335374,1,NA,NA,
coppock_green_2016,appx_followup_se,SI section 5,Its cluster-robust standard error,NA,0.005,3,NA,0.00500958912,1,NA,NA,
coppock_green_2016,appx_a9_never_significant,Table A9,The two follow-up conditions never differ significantly,NA,NA,0,NA,NA,NA,TRUE,NA,Each election's difference is smaller than twice the standard error of the difference of the two independent estimates.
